customer_id,signup_month,transaction_date,corridor,amount,fee_revenue
CUST00001,2024-07-01,2024-07-10,Nigeria,197.07,7.84
CUST00001,2024-07-01,2024-07-17,Nigeria,182.31,7.27
CUST00001,2024-07-01,2024-08-11,Nigeria,186.05,7.92
CUST00001,2024-07-01,2024-08-21,Nigeria,179.51,6.56
CUST00001,2024-07-01,2024-08-22,Nigeria,102.69,3.92
CUST00001,2024-07-01,2024-09-22,Nigeria,261.55,9.7
CUST00001,2024-07-01,2024-09-25,Nigeria,234.68,8.92
CUST00001,2024-07-01,2024-10-02,Nigeria,211.06,7.74
CUST00001,2024-07-01,2024-10-04,Nigeria,136.46,5.75
CUST00001,2024-07-01,2024-10-26,Nigeria,125.01,4.92
CUST00001,2024-07-01,2024-11-05,Nigeria,161.73,6.45
CUST00001,2024-07-01,2024-11-13,Nigeria,187.32,6.98
CUST00001,2024-07-01,2024-11-22,Nigeria,304.88,13.26
CUST00001,2024-07-01,2024-11-26,Nigeria,145.46,5.81
CUST00001,2024-07-01,2025-01-01,Nigeria,298.5,11.78
CUST00001,2024-07-01,2025-02-02,Nigeria,177.16,6.52
CUST00001,2024-07-01,2025-02-05,Nigeria,100.84,4.07
CUST00001,2024-07-01,2025-02-24,Nigeria,166.43,7.0
CUST00002,2024-11-01,2024-11-19,Nigeria,177.63,7.62
CUST00002,2024-11-01,2024-11-21,Nigeria,188.03,7.87
CUST00002,2024-11-01,2024-11-26,Nigeria,229.11,8.31
CUST00002,2024-11-01,2024-12-13,Nigeria,193.33,7.49
CUST00002,2024-11-01,2024-12-24,Nigeria,220.89,8.36
CUST00002,2024-11-01,2025-02-13,Nigeria,99.03,3.58
CUST00002,2024-11-01,2025-02-18,Nigeria,151.28,6.08
CUST00002,2024-11-01,2025-04-17,Nigeria,215.13,8.44
CUST00002,2024-11-01,2025-04-17,Nigeria,54.89,2.02
CUST00002,2024-11-01,2025-04-21,Nigeria,335.86,12.82
CUST00002,2024-11-01,2025-04-25,Nigeria,140.98,5.94
CUST00002,2024-11-01,2025-04-25,Nigeria,197.22,8.26
CUST00002,2024-11-01,2025-05-05,Nigeria,177.92,6.95
CUST00003,2024-05-01,2024-05-06,India,408.11,7.83
CUST00003,2024-05-01,2024-05-14,India,479.79,9.22
CUST00003,2024-05-01,2024-07-19,India,404.91,7.1
CUST00003,2024-05-01,2025-04-15,India,493.45,7.83
CUST00003,2024-05-01,2025-04-24,India,369.55,6.63
CUST00004,2024-03-01,2024-03-09,India,371.72,7.07
CUST00004,2024-03-01,2024-04-06,India,357.49,5.96
CUST00004,2024-03-01,2024-05-16,India,317.89,5.95
CUST00004,2024-03-01,2024-06-08,India,183.27,3.45
CUST00004,2024-03-01,2024-06-24,India,406.85,7.35
CUST00004,2024-03-01,2025-05-11,India,407.56,6.42
CUST00004,2024-03-01,2025-05-23,India,435.51,6.87
CUST00005,2024-11-01,2024-11-13,Nigeria,170.85,6.99
CUST00005,2024-11-01,2025-01-24,Nigeria,166.73,6.38
CUST00005,2024-11-01,2025-02-15,Nigeria,191.38,8.32
CUST00005,2024-11-01,2025-02-22,Nigeria,190.53,6.96
CUST00005,2024-11-01,2025-03-10,Nigeria,204.51,8.14
CUST00006,2024-04-01,2024-04-12,India,364.28,6.72
CUST00006,2024-04-01,2024-04-26,India,135.77,2.14
CUST00006,2024-04-01,2024-05-09,India,432.8,7.87
CUST00006,2024-04-01,2024-05-20,India,319.75,5.98
CUST00006,2024-04-01,2024-07-06,India,312.0,5.17
CUST00006,2024-04-01,2024-07-21,India,158.39,2.67
CUST00006,2024-04-01,2024-10-12,India,82.24,1.3
CUST00006,2024-04-01,2024-10-17,India,575.18,9.1
CUST00006,2024-04-01,2024-10-26,India,529.9,9.24
CUST00006,2024-04-01,2025-03-24,India,438.97,7.58
CUST00006,2024-04-01,2025-05-01,India,471.25,8.99
CUST00006,2024-04-01,2025-05-15,India,189.93,3.45
CUST00007,2024-03-01,2024-03-12,India,668.24,12.17
CUST00007,2024-03-01,2024-05-13,India,377.29,6.05
CUST00007,2024-03-01,2024-07-17,India,448.71,8.56
CUST00007,2024-03-01,2024-07-26,India,311.46,5.09
CUST00007,2024-03-01,2024-08-09,India,463.79,8.46
CUST00007,2024-03-01,2024-08-20,India,427.22,7.24
CUST00007,2024-03-01,2024-08-27,India,633.89,11.21
CUST00007,2024-03-01,2024-12-12,India,355.37,5.8
CUST00007,2024-03-01,2024-12-13,India,193.09,3.36
CUST00007,2024-03-01,2025-05-24,India,506.52,9.71
CUST00008,2024-02-01,2024-02-15,Nigeria,164.56,7.07
CUST00008,2024-02-01,2024-03-12,Nigeria,79.88,3.37
CUST00008,2024-02-01,2024-03-24,Nigeria,237.14,9.65
CUST00008,2024-02-01,2024-04-04,Nigeria,356.77,14.05
CUST00008,2024-02-01,2024-04-10,Nigeria,103.37,4.11
CUST00008,2024-02-01,2024-06-14,Nigeria,87.07,3.81
CUST00008,2024-02-01,2024-06-22,Nigeria,171.48,7.37
CUST00008,2024-02-01,2024-06-23,Nigeria,137.78,5.44
CUST00008,2024-02-01,2024-07-03,Nigeria,244.38,10.08
CUST00008,2024-02-01,2024-07-06,Nigeria,100.5,3.94
CUST00008,2024-02-01,2024-08-13,Nigeria,133.98,5.77
CUST00008,2024-02-01,2024-09-12,Nigeria,134.39,5.73
CUST00008,2024-02-01,2024-10-01,Nigeria,135.48,5.29
CUST00008,2024-02-01,2024-12-09,Nigeria,182.65,7.35
CUST00008,2024-02-01,2024-12-12,Nigeria,149.01,6.54
CUST00008,2024-02-01,2024-12-15,Nigeria,101.72,4.37
CUST00008,2024-02-01,2025-05-10,Nigeria,151.14,6.27
CUST00008,2024-02-01,2025-06-11,Nigeria,32.69,1.3
CUST00008,2024-02-01,2025-06-12,Nigeria,116.07,4.3
CUST00008,2024-02-01,2025-06-20,Nigeria,185.51,7.72
CUST00009,2024-06-01,2024-06-08,India,324.99,6.21
CUST00009,2024-06-01,2024-06-15,India,308.74,5.61
CUST00009,2024-06-01,2024-07-01,India,454.16,8.47
CUST00009,2024-06-01,2024-07-08,India,424.81,6.86
CUST00009,2024-06-01,2024-07-25,India,440.84,8.01
CUST00009,2024-06-01,2024-08-02,India,396.92,7.64
CUST00009,2024-06-01,2024-09-06,India,340.8,5.76
CUST00009,2024-06-01,2024-09-06,India,488.18,9.19
CUST00009,2024-06-01,2024-09-13,India,307.48,5.54
CUST00009,2024-06-01,2024-10-07,India,363.34,5.73
CUST00009,2024-06-01,2024-10-15,India,540.57,9.58
CUST00009,2024-06-01,2024-11-03,India,570.36,9.44
CUST00009,2024-06-01,2024-11-26,India,237.38,4.27
CUST00009,2024-06-01,2025-01-05,India,417.45,7.16
CUST00009,2024-06-01,2025-01-05,India,362.0,6.2
CUST00009,2024-06-01,2025-01-11,India,598.49,9.44
CUST00009,2024-06-01,2025-01-18,India,401.53,7.48
CUST00009,2024-06-01,2025-01-23,India,183.88,3.42
CUST00009,2024-06-01,2025-04-21,India,212.3,3.47
CUST00010,2024-12-01,2024-12-12,India,353.04,5.78
CUST00010,2024-12-01,2024-12-13,India,262.1,4.29
CUST00010,2024-12-01,2024-12-18,India,368.57,6.32
CUST00010,2024-12-01,2025-01-10,India,281.29,5.23
CUST00010,2024-12-01,2025-02-13,India,361.96,6.46
CUST00011,2024-12-01,2024-12-05,Nigeria,244.19,10.45
CUST00011,2024-12-01,2024-12-07,Nigeria,125.22,5.18
CUST00011,2024-12-01,2024-12-18,Nigeria,145.93,5.75
CUST00011,2024-12-01,2025-01-16,Nigeria,116.2,4.37
CUST00011,2024-12-01,2025-01-21,Nigeria,205.93,7.57
CUST00011,2024-12-01,2025-02-25,Nigeria,135.6,5.42
CUST00011,2024-12-01,2025-04-06,Nigeria,148.81,6.05
CUST00011,2024-12-01,2025-04-07,Nigeria,242.56,9.9
CUST00011,2024-12-01,2025-06-02,Nigeria,86.91,3.59
CUST00011,2024-12-01,2025-06-27,Nigeria,249.72,9.87
CUST00012,2024-12-01,2024-12-08,India,435.52,7.35
CUST00012,2024-12-01,2025-01-02,India,634.14,10.98
CUST00012,2024-12-01,2025-01-13,India,298.29,5.36
CUST00012,2024-12-01,2025-01-20,India,391.57,7.48
CUST00012,2024-12-01,2025-03-13,India,453.1,7.33
CUST00012,2024-12-01,2025-03-16,India,510.96,9.71
CUST00012,2024-12-01,2025-05-01,India,332.43,5.94
CUST00012,2024-12-01,2025-05-21,India,351.61,6.51
CUST00013,2024-11-01,2024-11-23,Nigeria,132.84,4.88
CUST00013,2024-11-01,2025-01-23,Nigeria,100.13,4.36
CUST00013,2024-11-01,2025-03-12,Nigeria,153.68,6.61
CUST00013,2024-11-01,2025-03-14,Nigeria,249.98,10.61
CUST00013,2024-11-01,2025-03-16,Nigeria,214.69,8.28
CUST00013,2024-11-01,2025-05-01,Nigeria,148.66,6.45
CUST00013,2024-11-01,2025-05-06,Nigeria,235.91,8.77
CUST00013,2024-11-01,2025-05-14,Nigeria,149.02,6.5
CUST00013,2024-11-01,2025-05-21,Nigeria,176.37,7.06
CUST00014,2024-10-01,2024-10-13,India,253.8,4.83
CUST00014,2024-10-01,2024-11-11,India,563.69,9.18
CUST00014,2024-10-01,2024-12-11,India,526.25,9.68
CUST00014,2024-10-01,2024-12-24,India,308.18,5.04
CUST00014,2024-10-01,2025-01-07,India,171.08,3.11
CUST00014,2024-10-01,2025-02-18,India,256.65,4.16
CUST00014,2024-10-01,2025-02-20,India,438.88,8.21
CUST00014,2024-10-01,2025-02-20,India,585.74,9.95
CUST00014,2024-10-01,2025-03-22,India,252.87,4.84
CUST00014,2024-10-01,2025-05-05,India,260.71,4.61
CUST00014,2024-10-01,2025-05-21,India,376.29,7.04
CUST00014,2024-10-01,2025-05-23,India,333.25,6.01
CUST00015,2024-12-01,2024-12-09,India,307.33,5.11
CUST00015,2024-12-01,2024-12-10,India,599.12,11.39
CUST00015,2024-12-01,2024-12-17,India,446.46,8.06
CUST00015,2024-12-01,2025-01-05,India,390.64,7.08
CUST00015,2024-12-01,2025-01-22,India,536.21,8.57
CUST00015,2024-12-01,2025-01-24,India,567.38,10.69
CUST00016,2024-03-01,2024-03-15,India,586.66,11.17
CUST00016,2024-03-01,2024-04-05,India,522.28,8.71
CUST00016,2024-03-01,2024-07-04,India,539.38,9.71
CUST00016,2024-03-01,2024-07-18,India,466.27,7.36
CUST00016,2024-03-01,2024-11-02,India,446.75,7.24
CUST00016,2024-03-01,2024-11-08,India,271.0,4.68
CUST00016,2024-03-01,2024-11-15,India,407.59,6.56
CUST00016,2024-03-01,2024-12-21,India,374.49,5.91
CUST00016,2024-03-01,2024-12-21,India,625.16,10.47
CUST00016,2024-03-01,2025-05-07,India,514.98,8.6
CUST00016,2024-03-01,2025-05-13,India,284.07,4.64
CUST00016,2024-03-01,2025-05-21,India,477.52,7.88
CUST00017,2024-04-01,2024-04-07,Nigeria,240.12,9.48
CUST00017,2024-04-01,2024-04-08,Nigeria,192.3,7.63
CUST00017,2024-04-01,2024-04-22,Nigeria,214.67,8.7
CUST00017,2024-04-01,2024-05-10,Nigeria,102.39,4.29
CUST00017,2024-04-01,2024-05-14,Nigeria,244.68,10.01
CUST00017,2024-04-01,2024-05-27,Nigeria,120.78,4.87
CUST00017,2024-04-01,2024-06-06,Nigeria,227.04,9.77
CUST00017,2024-04-01,2024-06-25,Nigeria,269.2,11.75
CUST00017,2024-04-01,2024-06-25,Nigeria,247.58,10.58
CUST00017,2024-04-01,2024-08-07,Nigeria,109.15,4.35
CUST00017,2024-04-01,2024-08-14,Nigeria,147.74,5.59
CUST00017,2024-04-01,2024-08-20,Nigeria,198.21,8.02
CUST00017,2024-04-01,2024-08-21,Nigeria,155.03,6.08
CUST00017,2024-04-01,2024-09-13,Nigeria,179.8,7.55
CUST00017,2024-04-01,2024-09-19,Nigeria,130.91,4.77
CUST00017,2024-04-01,2024-11-17,Nigeria,226.95,9.26
CUST00017,2024-04-01,2024-11-23,Nigeria,127.34,4.96
CUST00017,2024-04-01,2025-04-03,Nigeria,97.4,3.53
CUST00017,2024-04-01,2025-04-06,Nigeria,198.23,8.69
CUST00017,2024-04-01,2025-05-05,Nigeria,211.72,8.44
CUST00017,2024-04-01,2025-05-13,Nigeria,155.31,6.06
CUST00018,2024-03-01,2024-03-06,Nigeria,170.35,6.21
CUST00018,2024-03-01,2024-03-07,Nigeria,20.0,0.84
CUST00018,2024-03-01,2024-05-03,Nigeria,167.78,6.41
CUST00018,2024-03-01,2024-05-24,Nigeria,173.99,6.63
CUST00018,2024-03-01,2024-08-09,Nigeria,148.44,5.42
CUST00018,2024-03-01,2024-08-26,Nigeria,179.16,7.26
CUST00018,2024-03-01,2024-09-10,Nigeria,210.96,8.99
CUST00018,2024-03-01,2024-09-15,Nigeria,184.02,8.0
CUST00018,2024-03-01,2025-02-17,Nigeria,207.99,8.5
CUST00018,2024-03-01,2025-04-07,Nigeria,177.86,7.38
CUST00019,2024-07-01,2024-07-07,India,425.54,6.82
CUST00019,2024-07-01,2024-08-02,India,597.38,10.8
CUST00019,2024-07-01,2024-11-15,India,547.67,9.51
CUST00019,2024-07-01,2024-12-07,India,386.84,7.27
CUST00019,2024-07-01,2025-01-08,India,336.74,5.84
CUST00019,2024-07-01,2025-01-26,India,441.37,8.11
CUST00019,2024-07-01,2025-04-10,India,263.19,4.75
CUST00019,2024-07-01,2025-06-09,India,604.8,11.21
CUST00019,2024-07-01,2025-06-10,India,379.35,6.1
CUST00020,2024-07-01,2024-07-02,India,480.06,9.08
CUST00020,2024-07-01,2024-07-20,India,509.61,9.02
CUST00020,2024-07-01,2024-08-01,India,328.67,5.21
CUST00020,2024-07-01,2024-09-01,India,314.9,5.42
CUST00020,2024-07-01,2024-09-06,India,420.81,7.1
CUST00020,2024-07-01,2025-01-20,India,413.25,7.8
CUST00020,2024-07-01,2025-01-27,India,307.59,4.88
CUST00020,2024-07-01,2025-02-09,India,400.22,7.3
CUST00020,2024-07-01,2025-03-21,India,538.11,8.95
CUST00020,2024-07-01,2025-03-22,India,320.2,5.24
CUST00021,2024-09-01,2024-09-26,Nigeria,239.56,9.8
CUST00021,2024-09-01,2024-10-01,Nigeria,202.35,7.81
CUST00021,2024-09-01,2024-10-08,Nigeria,132.6,4.78
CUST00021,2024-09-01,2024-10-08,Nigeria,164.47,6.02
CUST00021,2024-09-01,2024-10-15,Nigeria,197.0,7.45
CUST00021,2024-09-01,2024-11-12,Nigeria,101.0,3.82
CUST00021,2024-09-01,2024-11-15,Nigeria,241.72,10.52
CUST00021,2024-09-01,2025-01-03,Nigeria,258.45,10.29
CUST00021,2024-09-01,2025-01-04,Nigeria,121.53,4.75
CUST00021,2024-09-01,2025-01-27,Nigeria,172.04,6.83
CUST00021,2024-09-01,2025-02-06,Nigeria,157.36,6.02
CUST00021,2024-09-01,2025-04-07,Nigeria,240.19,9.85
CUST00021,2024-09-01,2025-04-15,Nigeria,91.7,3.39
CUST00021,2024-09-01,2025-04-25,Nigeria,303.41,11.61
CUST00021,2024-09-01,2025-05-01,Nigeria,164.27,6.53
CUST00021,2024-09-01,2025-06-09,Nigeria,205.7,8.38
CUST00021,2024-09-01,2025-06-09,Nigeria,233.95,10.27
CUST00022,2024-02-01,2024-02-12,India,388.41,6.2
CUST00022,2024-02-01,2024-02-20,India,519.43,8.58
CUST00022,2024-02-01,2024-03-03,India,458.39,7.91
CUST00022,2024-02-01,2024-03-12,India,702.5,13.3
CUST00022,2024-02-01,2024-06-12,India,394.78,7.25
CUST00022,2024-02-01,2024-06-13,India,383.62,7.35
CUST00022,2024-02-01,2024-06-23,India,264.14,4.52
CUST00022,2024-02-01,2024-07-25,India,446.18,7.03
CUST00022,2024-02-01,2024-08-10,India,211.24,3.78
CUST00022,2024-02-01,2024-08-13,India,370.03,6.44
CUST00022,2024-02-01,2024-12-07,India,418.3,7.34
CUST00022,2024-02-01,2024-12-11,India,540.85,8.6
CUST00022,2024-02-01,2025-01-17,India,341.71,5.99
CUST00022,2024-02-01,2025-06-12,India,284.48,5.21
CUST00023,2024-10-01,2024-10-16,India,506.23,9.66
CUST00023,2024-10-01,2024-11-13,India,262.53,4.9
CUST00023,2024-10-01,2024-12-04,India,280.12,4.77
CUST00023,2024-10-01,2025-01-09,India,400.24,7.25
CUST00023,2024-10-01,2025-01-26,India,114.9,1.94
CUST00023,2024-10-01,2025-02-18,India,433.03,7.03
CUST00023,2024-10-01,2025-04-03,India,242.75,3.83
CUST00023,2024-10-01,2025-04-12,India,393.03,6.6
CUST00023,2024-10-01,2025-05-21,India,311.58,5.42
CUST00024,2024-04-01,2024-04-13,India,454.22,7.59
CUST00024,2024-04-01,2024-04-21,India,411.48,6.81
CUST00024,2024-04-01,2024-05-09,India,506.14,8.74
CUST00024,2024-04-01,2024-06-25,India,370.61,6.52
CUST00024,2024-04-01,2024-11-03,India,338.53,5.74
CUST00024,2024-04-01,2024-12-06,India,392.86,7.34
CUST00024,2024-04-01,2025-05-22,India,362.18,6.21
CUST00024,2024-04-01,2025-05-26,India,523.6,8.32
CUST00025,2024-12-01,2024-12-26,India,468.37,7.57
CUST00025,2024-12-01,2025-02-13,India,427.67,7.88
CUST00025,2024-12-01,2025-02-13,India,502.39,8.25
CUST00025,2024-12-01,2025-02-15,India,377.8,6.65
CUST00025,2024-12-01,2025-02-27,India,328.01,6.12
CUST00025,2024-12-01,2025-03-12,India,400.5,6.54
CUST00025,2024-12-01,2025-04-02,India,531.22,9.28
CUST00025,2024-12-01,2025-05-05,India,296.74,5.56
CUST00025,2024-12-01,2025-05-05,India,434.6,7.67
CUST00025,2024-12-01,2025-05-19,India,410.96,7.33
CUST00025,2024-12-01,2025-05-22,India,257.65,4.54
CUST00026,2024-08-01,2024-08-17,India,336.6,5.34
CUST00026,2024-08-01,2025-01-11,India,616.15,10.14
CUST00026,2024-08-01,2025-03-18,India,444.37,7.71
CUST00026,2024-08-01,2025-04-09,India,416.83,6.65
CUST00026,2024-08-01,2025-04-13,India,519.9,9.81
CUST00026,2024-08-01,2025-04-19,India,355.47,5.99
CUST00027,2024-01-01,2024-01-03,India,287.25,4.83
CUST00027,2024-01-01,2024-01-09,India,272.68,5.21
CUST00027,2024-01-01,2024-01-16,India,428.85,7.98
CUST00027,2024-01-01,2024-02-04,India,441.81,7.18
CUST00027,2024-01-01,2024-02-07,India,297.92,4.74
CUST00027,2024-01-01,2024-02-08,India,465.88,8.87
CUST00027,2024-01-01,2024-07-03,India,362.66,6.51
CUST00027,2024-01-01,2024-07-04,India,298.98,5.07
CUST00027,2024-01-01,2025-01-06,India,187.09,3.1
CUST00027,2024-01-01,2025-02-17,India,389.47,6.96
CUST00027,2024-01-01,2025-02-21,India,288.47,5.39
CUST00027,2024-01-01,2025-02-21,India,382.78,6.59
CUST00027,2024-01-01,2025-02-25,India,20.0,0.36
CUST00027,2024-01-01,2025-04-14,India,402.06,7.49
CUST00028,2024-08-01,2024-08-23,Nigeria,138.27,5.15
CUST00028,2024-08-01,2024-09-17,Nigeria,273.43,10.54
CUST00028,2024-08-01,2024-09-17,Nigeria,142.43,5.44
CUST00028,2024-08-01,2024-12-11,Nigeria,180.92,7.71
CUST00028,2024-08-01,2024-12-11,Nigeria,223.72,8.61
CUST00028,2024-08-01,2025-03-01,Nigeria,129.46,4.92
CUST00028,2024-08-01,2025-03-11,Nigeria,204.63,8.46
CUST00028,2024-08-01,2025-03-26,Nigeria,150.71,5.48
CUST00029,2024-06-01,2024-06-19,India,379.58,6.49
CUST00029,2024-06-01,2024-07-14,India,263.6,4.86
CUST00029,2024-06-01,2024-08-05,India,419.21,6.91
CUST00029,2024-06-01,2024-09-13,India,416.06,7.65
CUST00029,2024-06-01,2024-09-13,India,290.96,5.25
CUST00029,2024-06-01,2024-11-08,India,329.84,5.74
CUST00029,2024-06-01,2025-06-06,India,352.57,6.16
CUST00030,2024-04-01,2024-04-11,India,260.68,4.91
CUST00030,2024-04-01,2024-04-26,India,622.15,10.48
CUST00030,2024-04-01,2024-05-15,India,351.48,5.86
CUST00030,2024-04-01,2024-05-21,India,405.96,6.5
CUST00030,2024-04-01,2024-05-21,India,403.07,6.83
CUST00030,2024-04-01,2024-07-13,India,460.43,7.99
CUST00030,2024-04-01,2024-07-22,India,461.24,7.51
CUST00030,2024-04-01,2025-04-10,India,306.04,5.78
CUST00030,2024-04-01,2025-04-22,India,228.78,3.76
CUST00030,2024-04-01,2025-06-08,India,224.22,4.06
CUST00031,2024-02-01,2024-02-09,Nigeria,246.87,10.73
CUST00031,2024-02-01,2024-02-25,Nigeria,274.69,11.84
CUST00031,2024-02-01,2024-03-01,Nigeria,246.84,10.78
CUST00031,2024-02-01,2024-04-21,Nigeria,186.46,8.1
CUST00031,2024-02-01,2024-06-03,Nigeria,204.71,7.64
CUST00031,2024-02-01,2024-07-01,Nigeria,37.46,1.55
CUST00031,2024-02-01,2024-08-25,Nigeria,166.95,7.24
CUST00031,2024-02-01,2024-08-27,Nigeria,215.89,9.47
CUST00031,2024-02-01,2024-09-06,Nigeria,90.66,3.4
CUST00031,2024-02-01,2025-05-01,Nigeria,269.15,11.76
CUST00031,2024-02-01,2025-05-18,Nigeria,166.77,7.03
CUST00032,2024-02-01,2024-02-05,India,487.35,9.05
CUST00032,2024-02-01,2024-03-23,India,126.0,2.31
CUST00032,2024-02-01,2024-04-03,India,799.51,13.94
CUST00032,2024-02-01,2024-07-13,India,204.39,3.4
CUST00032,2024-02-01,2024-08-18,India,438.46,7.26
CUST00032,2024-02-01,2024-10-04,India,458.9,8.16
CUST00032,2024-02-01,2024-11-19,India,353.85,6.69
CUST00032,2024-02-01,2024-11-26,India,246.72,4.66
CUST00032,2024-02-01,2024-12-16,India,284.88,5.34
CUST00032,2024-02-01,2024-12-20,India,301.24,5.06
CUST00032,2024-02-01,2025-02-04,India,469.35,7.64
CUST00032,2024-02-01,2025-02-24,India,487.93,8.29
CUST00032,2024-02-01,2025-05-21,India,462.83,7.38
CUST00033,2024-04-01,2024-04-03,Nigeria,26.5,1.14
CUST00033,2024-04-01,2024-05-19,Nigeria,253.04,10.83
CUST00033,2024-04-01,2024-06-25,Nigeria,229.23,8.72
CUST00033,2024-04-01,2024-08-22,Nigeria,267.58,11.05
CUST00033,2024-04-01,2024-08-27,Nigeria,76.79,3.02
CUST00033,2024-04-01,2024-10-17,Nigeria,219.03,8.4
CUST00033,2024-04-01,2025-01-02,Nigeria,244.92,9.72
CUST00033,2024-04-01,2025-01-09,Nigeria,89.82,3.56
CUST00033,2024-04-01,2025-06-13,Nigeria,239.73,9.04
CUST00034,2024-08-01,2024-08-17,Nigeria,243.49,9.86
CUST00034,2024-08-01,2024-10-04,Nigeria,236.25,9.23
CUST00034,2024-08-01,2024-11-26,Nigeria,244.52,8.99
CUST00034,2024-08-01,2024-12-03,Nigeria,177.11,7.73
CUST00034,2024-08-01,2024-12-21,Nigeria,201.79,8.08
CUST00034,2024-08-01,2024-12-27,Nigeria,117.78,5.15
CUST00034,2024-08-01,2025-01-11,Nigeria,141.61,5.31
CUST00034,2024-08-01,2025-01-18,Nigeria,184.18,7.05
CUST00034,2024-08-01,2025-01-22,Nigeria,243.6,9.26
CUST00034,2024-08-01,2025-01-24,Nigeria,217.02,9.44
CUST00034,2024-08-01,2025-02-01,Nigeria,147.85,6.13
CUST00034,2024-08-01,2025-02-05,Nigeria,77.56,2.84
CUST00034,2024-08-01,2025-02-07,Nigeria,177.57,7.29
CUST00034,2024-08-01,2025-02-15,Nigeria,189.88,8.03
CUST00034,2024-08-01,2025-03-24,Nigeria,149.58,6.56
CUST00034,2024-08-01,2025-03-26,Nigeria,79.89,3.16
CUST00034,2024-08-01,2025-05-02,Nigeria,75.15,2.88
CUST00034,2024-08-01,2025-05-20,Nigeria,69.23,2.71
CUST00034,2024-08-01,2025-05-27,Nigeria,124.23,5.07
CUST00035,2024-12-01,2024-12-15,India,364.63,6.96
CUST00035,2024-12-01,2025-02-02,India,271.41,4.81
CUST00035,2024-12-01,2025-02-09,India,554.61,10.11
CUST00035,2024-12-01,2025-03-02,India,354.21,6.31
CUST00036,2024-08-01,2024-08-01,Nigeria,196.61,7.42
CUST00036,2024-08-01,2024-09-06,Nigeria,128.14,5.38
CUST00036,2024-08-01,2024-09-25,Nigeria,171.54,6.77
CUST00036,2024-08-01,2024-10-18,Nigeria,88.54,3.69
CUST00036,2024-08-01,2024-10-24,Nigeria,195.83,8.1
CUST00036,2024-08-01,2024-11-11,Nigeria,165.47,6.28
CUST00036,2024-08-01,2024-11-15,Nigeria,175.55,6.34
CUST00036,2024-08-01,2024-12-13,Nigeria,151.55,6.08
CUST00036,2024-08-01,2024-12-18,Nigeria,91.31,3.93
CUST00036,2024-08-01,2024-12-19,Nigeria,112.12,4.48
CUST00036,2024-08-01,2025-01-06,Nigeria,259.56,11.0
CUST00036,2024-08-01,2025-01-07,Nigeria,132.84,5.73
CUST00036,2024-08-01,2025-01-09,Nigeria,97.14,3.52
CUST00036,2024-08-01,2025-03-04,Nigeria,180.25,6.79
CUST00036,2024-08-01,2025-03-11,Nigeria,147.03,5.82
CUST00036,2024-08-01,2025-03-22,Nigeria,138.58,5.53
CUST00036,2024-08-01,2025-03-25,Nigeria,231.58,8.71
CUST00036,2024-08-01,2025-04-25,Nigeria,138.05,5.15
CUST00036,2024-08-01,2025-05-07,Nigeria,150.46,6.28
CUST00037,2024-02-01,2024-02-12,India,391.95,6.91
CUST00037,2024-02-01,2024-03-23,India,180.83,2.98
CUST00037,2024-02-01,2024-03-23,India,364.95,6.2
CUST00037,2024-02-01,2024-04-09,India,419.35,6.72
CUST00037,2024-02-01,2024-04-13,India,211.92,3.97
CUST00037,2024-02-01,2024-05-15,India,261.46,4.75
CUST00037,2024-02-01,2024-05-15,India,444.17,7.76
CUST00037,2024-02-01,2024-05-22,India,381.72,6.41
CUST00037,2024-02-01,2024-06-10,India,446.12,8.4
CUST00037,2024-02-01,2024-06-22,India,132.64,2.28
CUST00037,2024-02-01,2024-06-26,India,286.44,4.73
CUST00037,2024-02-01,2024-07-23,India,345.45,5.74
CUST00037,2024-02-01,2024-08-24,India,502.57,8.65
CUST00037,2024-02-01,2024-09-01,India,630.61,10.38
CUST00037,2024-02-01,2024-09-02,India,501.83,9.01
CUST00037,2024-02-01,2024-11-07,India,351.05,5.7
CUST00037,2024-02-01,2025-01-03,India,418.43,7.41
CUST00037,2024-02-01,2025-01-17,India,503.32,9.11
CUST00038,2024-08-01,2024-08-03,India,375.58,6.77
CUST00038,2024-08-01,2024-08-09,India,505.3,9.41
CUST00038,2024-08-01,2024-08-09,India,754.63,14.22
CUST00038,2024-08-01,2024-09-08,India,356.18,6.7
CUST00038,2024-08-01,2024-10-22,India,422.72,7.3
CUST00038,2024-08-01,2024-10-25,India,375.61,6.59
CUST00038,2024-08-01,2024-12-22,India,464.54,8.47
CUST00038,2024-08-01,2025-01-11,India,558.77,10.62
CUST00038,2024-08-01,2025-02-02,India,412.22,6.59
CUST00038,2024-08-01,2025-02-08,India,561.56,9.68
CUST00038,2024-08-01,2025-05-09,India,463.75,7.87
CUST00038,2024-08-01,2025-05-19,India,548.4,8.96
CUST00039,2024-12-01,2024-12-10,Nigeria,135.08,5.63
CUST00039,2024-12-01,2024-12-12,Nigeria,106.28,4.44
CUST00039,2024-12-01,2024-12-16,Nigeria,77.99,2.93
CUST00039,2024-12-01,2024-12-27,Nigeria,203.38,8.72
CUST00039,2024-12-01,2025-01-06,Nigeria,241.83,9.74
CUST00039,2024-12-01,2025-01-19,Nigeria,210.65,8.93
CUST00039,2024-12-01,2025-02-21,Nigeria,119.2,4.86
CUST00039,2024-12-01,2025-02-22,Nigeria,222.07,8.11
CUST00039,2024-12-01,2025-05-06,Nigeria,162.46,5.97
CUST00039,2024-12-01,2025-05-08,Nigeria,200.98,7.3
CUST00039,2024-12-01,2025-05-18,Nigeria,86.11,3.64
CUST00039,2024-12-01,2025-05-25,Nigeria,220.24,9.68
CUST00040,2024-09-01,2024-09-03,India,368.32,5.97
CUST00040,2024-09-01,2024-09-15,India,455.57,7.99
CUST00040,2024-09-01,2024-09-16,India,551.76,9.29
CUST00040,2024-09-01,2024-09-20,India,319.55,6.03
CUST00040,2024-09-01,2024-09-21,India,420.06,7.08
CUST00040,2024-09-01,2024-09-22,India,540.19,8.58
CUST00040,2024-09-01,2024-10-11,India,382.87,6.94
CUST00040,2024-09-01,2024-10-19,India,397.39,7.31
CUST00040,2024-09-01,2024-11-02,India,424.12,6.99
CUST00040,2024-09-01,2024-11-18,India,514.21,9.39
CUST00040,2024-09-01,2024-11-19,India,128.0,2.21
CUST00040,2024-09-01,2025-01-12,India,615.51,11.2
CUST00040,2024-09-01,2025-01-23,India,445.92,8.47
CUST00040,2024-09-01,2025-06-14,India,380.44,6.22
CUST00040,2024-09-01,2025-06-20,India,358.5,6.22
CUST00041,2024-01-01,2024-01-02,India,227.84,4.32
CUST00041,2024-01-01,2024-01-08,India,399.72,7.16
CUST00041,2024-01-01,2024-01-20,India,409.88,6.5
CUST00041,2024-01-01,2024-01-23,India,367.23,6.92
CUST00041,2024-01-01,2024-01-26,India,329.68,5.88
CUST00041,2024-01-01,2024-05-09,India,410.38,7.86
CUST00041,2024-01-01,2024-06-20,India,478.44,8.12
CUST00041,2024-01-01,2024-07-10,India,300.05,4.95
CUST00041,2024-01-01,2024-08-10,India,358.68,5.74
CUST00041,2024-01-01,2024-09-08,India,175.73,3.26
CUST00041,2024-01-01,2024-09-14,India,324.46,5.83
CUST00041,2024-01-01,2024-12-04,India,451.4,7.34
CUST00041,2024-01-01,2025-01-23,India,313.11,5.04
CUST00041,2024-01-01,2025-05-17,India,473.76,8.19
CUST00041,2024-01-01,2025-05-24,India,208.83,3.65
CUST00042,2024-09-01,2024-09-08,Nigeria,278.47,11.5
CUST00042,2024-09-01,2024-09-22,Nigeria,212.51,8.78
CUST00042,2024-09-01,2024-11-07,Nigeria,192.32,7.11
CUST00042,2024-09-01,2024-11-12,Nigeria,175.52,7.28
CUST00042,2024-09-01,2024-11-21,Nigeria,282.16,11.27
CUST00042,2024-09-01,2024-12-06,Nigeria,164.26,6.66
CUST00042,2024-09-01,2024-12-07,Nigeria,182.3,7.92
CUST00042,2024-09-01,2024-12-13,Nigeria,126.46,5.13
CUST00042,2024-09-01,2024-12-25,Nigeria,245.86,9.64
CUST00042,2024-09-01,2025-01-13,Nigeria,204.13,8.01
CUST00042,2024-09-01,2025-06-13,Nigeria,212.34,8.7
CUST00042,2024-09-01,2025-06-21,Nigeria,158.36,6.03
CUST00042,2024-09-01,2025-06-25,Nigeria,208.1,7.53
CUST00042,2024-09-01,2025-06-27,Nigeria,204.09,7.63
CUST00043,2024-12-01,2024-12-20,India,303.52,5.27
CUST00043,2024-12-01,2025-02-14,India,435.01,7.78
CUST00044,2024-11-01,2024-11-07,India,359.2,6.55
CUST00044,2024-11-01,2024-11-18,India,452.88,7.4
CUST00044,2024-11-01,2025-01-01,India,586.96,10.88
CUST00044,2024-11-01,2025-01-11,India,193.62,3.08
CUST00044,2024-11-01,2025-01-21,India,129.91,2.43
CUST00044,2024-11-01,2025-03-01,India,343.82,6.15
CUST00045,2024-08-01,2024-08-06,Nigeria,272.03,10.3
CUST00045,2024-08-01,2024-08-11,Nigeria,188.27,7.22
CUST00045,2024-08-01,2024-08-21,Nigeria,185.51,8.06
CUST00045,2024-08-01,2024-08-27,Nigeria,195.13,7.98
CUST00045,2024-08-01,2024-09-11,Nigeria,146.39,6.06
CUST00045,2024-08-01,2024-09-14,Nigeria,161.77,5.93
CUST00045,2024-08-01,2024-09-17,Nigeria,58.65,2.44
CUST00045,2024-08-01,2024-09-23,Nigeria,263.4,10.07
CUST00045,2024-08-01,2024-09-27,Nigeria,181.15,7.95
CUST00045,2024-08-01,2024-11-15,Nigeria,193.78,7.23
CUST00045,2024-08-01,2025-02-22,Nigeria,252.36,10.61
CUST00046,2024-01-01,2024-01-12,Nigeria,226.64,9.73
CUST00046,2024-01-01,2024-02-01,Nigeria,195.3,7.21
CUST00046,2024-01-01,2024-02-03,Nigeria,235.44,9.12
CUST00046,2024-01-01,2024-02-16,Nigeria,113.74,4.27
CUST00046,2024-01-01,2024-02-25,Nigeria,193.59,7.24
CUST00046,2024-01-01,2024-03-15,Nigeria,107.46,3.97
CUST00046,2024-01-01,2024-04-03,Nigeria,294.57,12.72
CUST00046,2024-01-01,2024-04-18,Nigeria,165.7,6.11
CUST00046,2024-01-01,2024-04-18,Nigeria,228.59,9.25
CUST00046,2024-01-01,2024-06-05,Nigeria,174.17,6.36
CUST00046,2024-01-01,2024-06-21,Nigeria,118.31,5.19
CUST00046,2024-01-01,2024-09-22,Nigeria,227.43,8.96
CUST00046,2024-01-01,2024-09-26,Nigeria,220.66,8.93
CUST00046,2024-01-01,2024-11-05,Nigeria,151.94,6.22
CUST00046,2024-01-01,2024-11-20,Nigeria,181.4,6.85
CUST00046,2024-01-01,2024-12-06,Nigeria,188.45,7.02
CUST00046,2024-01-01,2024-12-17,Nigeria,191.38,7.39
CUST00046,2024-01-01,2024-12-26,Nigeria,196.97,7.66
CUST00047,2024-10-01,2024-10-06,India,345.11,6.26
CUST00047,2024-10-01,2024-11-15,India,81.4,1.33
CUST00047,2024-10-01,2024-12-03,India,541.5,9.29
CUST00047,2024-10-01,2024-12-12,India,301.01,4.86
CUST00047,2024-10-01,2024-12-19,India,503.82,8.34
CUST00047,2024-10-01,2025-03-01,India,571.53,10.07
CUST00047,2024-10-01,2025-04-04,India,337.19,5.97
CUST00047,2024-10-01,2025-05-26,India,198.26,3.47
CUST00048,2024-09-01,2024-09-07,Nigeria,174.66,7.31
CUST00048,2024-09-01,2024-09-10,Nigeria,166.83,7.05
CUST00048,2024-09-01,2024-09-11,Nigeria,198.14,7.15
CUST00048,2024-09-01,2024-09-25,Nigeria,199.3,7.63
CUST00048,2024-09-01,2025-01-26,Nigeria,225.17,9.03
CUST00048,2024-09-01,2025-02-03,Nigeria,212.29,8.83
CUST00048,2024-09-01,2025-02-04,Nigeria,229.83,8.7
CUST00048,2024-09-01,2025-03-03,Nigeria,231.33,10.17
CUST00048,2024-09-01,2025-03-12,Nigeria,256.94,9.5
CUST00048,2024-09-01,2025-03-22,Nigeria,137.59,6.04
CUST00048,2024-09-01,2025-05-15,Nigeria,245.26,9.8
CUST00049,2024-09-01,2024-09-24,Nigeria,269.77,11.65
CUST00049,2024-09-01,2024-10-09,Nigeria,151.44,5.52
CUST00049,2024-09-01,2024-11-11,Nigeria,209.47,9.09
CUST00049,2024-09-01,2025-01-25,Nigeria,139.4,5.06
CUST00049,2024-09-01,2025-01-26,Nigeria,158.52,6.91
CUST00049,2024-09-01,2025-02-08,Nigeria,165.5,6.69
CUST00049,2024-09-01,2025-02-08,Nigeria,226.8,8.33
CUST00049,2024-09-01,2025-02-27,Nigeria,240.28,9.74
CUST00049,2024-09-01,2025-04-08,Nigeria,60.87,2.62
CUST00049,2024-09-01,2025-05-13,Nigeria,143.4,6.16
CUST00050,2024-02-01,2024-02-13,India,539.44,9.93
CUST00050,2024-02-01,2024-02-20,India,417.58,7.38
CUST00050,2024-02-01,2024-03-16,India,426.36,7.59
CUST00050,2024-02-01,2024-04-22,India,333.45,5.56
CUST00050,2024-02-01,2025-03-02,India,373.4,6.54
CUST00050,2024-02-01,2025-05-21,India,324.1,5.98
CUST00050,2024-02-01,2025-05-27,India,195.8,3.31
CUST00051,2024-07-01,2024-07-21,India,154.4,2.66
CUST00051,2024-07-01,2024-09-02,India,298.76,5.34
CUST00051,2024-07-01,2024-09-17,India,265.72,4.9
CUST00052,2024-08-01,2024-08-16,Nigeria,222.6,8.39
CUST00052,2024-08-01,2024-08-24,Nigeria,131.51,4.8
CUST00052,2024-08-01,2024-09-16,Nigeria,162.83,7.07
CUST00052,2024-08-01,2024-10-25,Nigeria,53.11,2.02
CUST00052,2024-08-01,2024-11-02,Nigeria,172.36,6.27
CUST00052,2024-08-01,2024-11-24,Nigeria,317.64,13.48
CUST00052,2024-08-01,2025-01-06,Nigeria,198.67,8.29
CUST00052,2024-08-01,2025-01-14,Nigeria,202.58,7.54
CUST00052,2024-08-01,2025-02-04,Nigeria,131.87,5.21
CUST00052,2024-08-01,2025-02-14,Nigeria,157.48,6.59
CUST00052,2024-08-01,2025-02-16,Nigeria,210.43,7.94
CUST00052,2024-08-01,2025-02-16,Nigeria,175.0,6.75
CUST00052,2024-08-01,2025-02-18,Nigeria,87.67,3.69
CUST00052,2024-08-01,2025-05-03,Nigeria,20.0,0.78
CUST00052,2024-08-01,2025-05-19,Nigeria,259.93,10.16
CUST00053,2024-12-01,2024-12-01,Nigeria,193.6,7.46
CUST00053,2024-12-01,2025-01-15,Nigeria,200.28,7.72
CUST00053,2024-12-01,2025-01-22,Nigeria,256.62,9.91
CUST00053,2024-12-01,2025-02-03,Nigeria,132.65,5.38
CUST00053,2024-12-01,2025-02-04,Nigeria,187.07,7.74
CUST00053,2024-12-01,2025-02-20,Nigeria,200.74,8.44
CUST00053,2024-12-01,2025-04-08,Nigeria,169.72,6.28
CUST00053,2024-12-01,2025-04-10,Nigeria,71.6,2.75
CUST00053,2024-12-01,2025-05-06,Nigeria,225.39,8.57
CUST00053,2024-12-01,2025-05-06,Nigeria,122.05,5.35
CUST00053,2024-12-01,2025-05-08,Nigeria,205.61,8.36
CUST00053,2024-12-01,2025-05-11,Nigeria,191.73,7.88
CUST00053,2024-12-01,2025-05-27,Nigeria,182.44,6.96
CUST00054,2024-11-01,2024-11-05,Nigeria,249.75,9.03
CUST00054,2024-11-01,2024-11-26,Nigeria,138.04,6.01
CUST00054,2024-11-01,2025-01-11,Nigeria,192.19,7.39
CUST00054,2024-11-01,2025-01-22,Nigeria,209.81,8.48
CUST00054,2024-11-01,2025-03-14,Nigeria,136.68,5.31
CUST00054,2024-11-01,2025-03-19,Nigeria,179.93,6.63
CUST00054,2024-11-01,2025-06-07,Nigeria,45.42,1.87
CUST00054,2024-11-01,2025-06-20,Nigeria,121.73,4.79
CUST00055,2024-03-01,2024-03-10,India,401.81,6.48
CUST00055,2024-03-01,2024-04-02,India,174.88,2.78
CUST00055,2024-03-01,2024-05-07,India,499.5,8.88
CUST00055,2024-03-01,2024-06-25,India,190.76,3.1
CUST00055,2024-03-01,2024-06-27,India,410.6,7.32
CUST00055,2024-03-01,2024-07-17,India,283.66,4.99
CUST00055,2024-03-01,2024-08-22,India,652.57,12.17
CUST00055,2024-03-01,2024-10-26,India,331.47,6.37
CUST00055,2024-03-01,2024-11-24,India,432.32,7.69
CUST00055,2024-03-01,2025-05-23,India,76.13,1.26
CUST00056,2024-03-01,2024-03-12,Nigeria,187.9,8.12
CUST00056,2024-03-01,2024-04-27,Nigeria,144.63,5.43
CUST00056,2024-03-01,2024-05-02,Nigeria,195.15,8.31
CUST00056,2024-03-01,2024-06-07,Nigeria,265.97,9.6
CUST00056,2024-03-01,2024-06-09,Nigeria,209.95,8.03
CUST00056,2024-03-01,2024-06-19,Nigeria,263.07,10.79
CUST00056,2024-03-01,2024-06-27,Nigeria,213.81,8.09
CUST00056,2024-03-01,2024-07-12,Nigeria,93.44,3.66
CUST00056,2024-03-01,2024-07-13,Nigeria,130.26,5.18
CUST00056,2024-03-01,2024-09-14,Nigeria,142.7,6.23
CUST00056,2024-03-01,2024-09-25,Nigeria,21.05,0.81
CUST00056,2024-03-01,2024-11-02,Nigeria,211.74,7.82
CUST00056,2024-03-01,2024-11-04,Nigeria,119.68,4.48
CUST00056,2024-03-01,2024-11-15,Nigeria,238.21,8.9
CUST00056,2024-03-01,2024-11-15,Nigeria,286.89,11.66
CUST00056,2024-03-01,2024-11-19,Nigeria,107.7,4.16
CUST00056,2024-03-01,2024-11-23,Nigeria,261.09,11.47
CUST00056,2024-03-01,2025-03-15,Nigeria,183.42,7.96
CUST00056,2024-03-01,2025-04-11,Nigeria,152.26,6.32
CUST00057,2024-10-01,2024-10-19,India,488.91,8.27
CUST00057,2024-10-01,2024-10-23,India,492.6,8.4
CUST00057,2024-10-01,2024-10-27,India,269.45,4.31
CUST00057,2024-10-01,2024-11-03,India,259.87,4.24
CUST00057,2024-10-01,2024-11-06,India,440.33,8.47
CUST00057,2024-10-01,2024-11-16,India,80.81,1.45
CUST00057,2024-10-01,2025-04-11,India,345.96,6.3
CUST00058,2024-07-01,2024-07-21,India,688.39,12.22
CUST00058,2024-07-01,2024-08-10,India,217.01,3.78
CUST00058,2024-07-01,2024-09-21,India,545.18,9.99
CUST00058,2024-07-01,2024-10-05,India,417.58,7.91
CUST00058,2024-07-01,2024-11-26,India,379.79,6.36
CUST00058,2024-07-01,2025-01-03,India,352.65,5.63
CUST00058,2024-07-01,2025-01-19,India,482.31,8.28
CUST00058,2024-07-01,2025-02-13,India,634.47,11.09
CUST00058,2024-07-01,2025-03-19,India,433.05,7.27
CUST00058,2024-07-01,2025-04-16,India,526.54,8.66
CUST00058,2024-07-01,2025-05-06,India,297.34,5.55
CUST00058,2024-07-01,2025-06-09,India,189.33,3.55
CUST00058,2024-07-01,2025-06-13,India,557.61,10.34
CUST00058,2024-07-01,2025-06-24,India,397.13,6.81
CUST00059,2024-10-01,2024-10-03,India,592.57,10.71
CUST00059,2024-10-01,2024-11-09,India,420.34,7.0
CUST00059,2024-10-01,2024-11-13,India,438.94,8.02
CUST00059,2024-10-01,2025-02-24,India,352.7,5.6
CUST00059,2024-10-01,2025-03-07,India,281.42,5.05
CUST00059,2024-10-01,2025-03-14,India,483.91,7.88
CUST00059,2024-10-01,2025-03-18,India,346.09,5.85
CUST00059,2024-10-01,2025-03-23,India,425.84,7.79
CUST00059,2024-10-01,2025-06-22,India,194.86,3.2
CUST00060,2024-03-01,2024-03-14,India,199.02,3.18
CUST00060,2024-03-01,2024-03-23,India,304.07,5.6
CUST00060,2024-03-01,2024-05-10,India,241.16,4.26
CUST00060,2024-03-01,2024-09-06,India,243.87,4.27
CUST00060,2024-03-01,2024-12-06,India,527.57,8.32
CUST00060,2024-03-01,2025-03-04,India,484.68,8.69
CUST00060,2024-03-01,2025-03-22,India,503.53,9.12
CUST00060,2024-03-01,2025-05-07,India,245.65,4.59
CUST00060,2024-03-01,2025-05-21,India,332.78,5.98
CUST00061,2024-07-01,2024-07-16,India,425.46,7.76
CUST00061,2024-07-01,2024-08-15,India,268.62,4.3
CUST00061,2024-07-01,2024-08-17,India,425.34,7.15
CUST00061,2024-07-01,2024-08-20,India,353.49,6.66
CUST00061,2024-07-01,2024-09-15,India,499.58,8.56
CUST00061,2024-07-01,2024-11-18,India,501.52,8.79
CUST00061,2024-07-01,2024-11-25,India,292.44,4.78
CUST00061,2024-07-01,2025-05-16,India,361.02,6.76
CUST00061,2024-07-01,2025-05-17,India,329.59,5.24
CUST00062,2024-04-01,2024-04-05,Nigeria,157.77,5.96
CUST00062,2024-04-01,2024-04-09,Nigeria,99.12,4.01
CUST00062,2024-04-01,2024-04-16,Nigeria,139.03,5.42
CUST00062,2024-04-01,2024-05-01,Nigeria,199.3,7.86
CUST00062,2024-04-01,2024-05-18,Nigeria,187.65,7.82
CUST00062,2024-04-01,2024-05-24,Nigeria,190.08,7.31
CUST00062,2024-04-01,2024-06-02,Nigeria,166.61,6.07
CUST00062,2024-04-01,2024-06-10,Nigeria,227.27,8.33
CUST00062,2024-04-01,2024-07-01,Nigeria,165.59,7.1
CUST00062,2024-04-01,2024-07-02,Nigeria,94.49,3.75
CUST00062,2024-04-01,2024-07-03,Nigeria,144.89,5.87
CUST00062,2024-04-01,2024-07-06,Nigeria,240.34,9.13
CUST00062,2024-04-01,2024-07-09,Nigeria,219.88,8.51
CUST00062,2024-04-01,2024-07-21,Nigeria,234.96,9.46
CUST00062,2024-04-01,2024-09-24,Nigeria,146.82,5.92
CUST00062,2024-04-01,2024-10-03,Nigeria,126.07,5.52
CUST00062,2024-04-01,2025-03-02,Nigeria,239.45,10.36
CUST00062,2024-04-01,2025-03-15,Nigeria,59.82,2.53
CUST00062,2024-04-01,2025-03-22,Nigeria,120.97,4.67
CUST00062,2024-04-01,2025-04-19,Nigeria,282.59,10.49
CUST00062,2024-04-01,2025-04-27,Nigeria,169.88,7.28
CUST00062,2024-04-01,2025-05-06,Nigeria,119.36,4.93
CUST00062,2024-04-01,2025-05-07,Nigeria,243.33,10.61
CUST00062,2024-04-01,2025-05-07,Nigeria,278.52,10.46
CUST00062,2024-04-01,2025-05-14,Nigeria,180.62,7.29
CUST00062,2024-04-01,2025-05-15,Nigeria,285.66,11.53
CUST00062,2024-04-01,2025-05-17,Nigeria,225.22,9.01
CUST00062,2024-04-01,2025-06-23,Nigeria,234.09,10.02
CUST00063,2024-07-01,2024-07-02,Nigeria,172.32,6.82
CUST00063,2024-07-01,2024-07-06,Nigeria,243.61,9.51
CUST00063,2024-07-01,2024-07-14,Nigeria,274.21,11.25
CUST00063,2024-07-01,2024-08-04,Nigeria,156.15,6.31
CUST00063,2024-07-01,2024-08-06,Nigeria,121.79,4.97
CUST00063,2024-07-01,2024-08-17,Nigeria,207.63,8.57
CUST00063,2024-07-01,2024-08-17,Nigeria,330.28,12.4
CUST00063,2024-07-01,2024-08-19,Nigeria,175.63,7.23
CUST00063,2024-07-01,2024-08-24,Nigeria,225.31,9.48
CUST00063,2024-07-01,2024-09-13,Nigeria,257.76,9.33
CUST00063,2024-07-01,2024-09-26,Nigeria,113.57,4.38
CUST00063,2024-07-01,2024-10-06,Nigeria,192.89,7.26
CUST00063,2024-07-01,2024-11-17,Nigeria,190.4,7.74
CUST00063,2024-07-01,2024-11-24,Nigeria,95.58,3.68
CUST00063,2024-07-01,2025-01-10,Nigeria,122.62,4.94
CUST00063,2024-07-01,2025-02-18,Nigeria,192.51,7.11
CUST00063,2024-07-01,2025-03-13,Nigeria,170.42,6.49
CUST00063,2024-07-01,2025-03-15,Nigeria,204.5,7.5
CUST00063,2024-07-01,2025-03-26,Nigeria,161.37,6.36
CUST00063,2024-07-01,2025-04-10,Nigeria,71.35,2.81
CUST00063,2024-07-01,2025-04-11,Nigeria,210.4,9.23
CUST00063,2024-07-01,2025-04-24,Nigeria,208.98,8.09
CUST00064,2024-11-01,2024-11-22,India,434.1,7.44
CUST00064,2024-11-01,2024-12-26,India,256.38,4.59
CUST00064,2024-11-01,2025-01-26,India,668.09,11.0
CUST00064,2024-11-01,2025-02-12,India,465.38,8.1
CUST00064,2024-11-01,2025-02-20,India,96.21,1.72
CUST00064,2024-11-01,2025-04-02,India,396.5,6.84
CUST00064,2024-11-01,2025-06-16,India,630.72,11.15
CUST00065,2024-07-01,2024-07-04,India,173.06,3.29
CUST00065,2024-07-01,2024-07-04,India,338.07,6.29
CUST00065,2024-07-01,2024-07-14,India,291.28,4.66
CUST00065,2024-07-01,2024-08-16,India,287.29,5.11
CUST00065,2024-07-01,2024-09-07,India,340.53,5.88
CUST00065,2024-07-01,2024-10-06,India,423.12,6.98
CUST00065,2024-07-01,2024-10-21,India,461.74,8.41
CUST00065,2024-07-01,2025-06-10,India,440.24,7.19
CUST00065,2024-07-01,2025-06-10,India,447.95,7.97
CUST00065,2024-07-01,2025-06-19,India,416.12,7.9
CUST00066,2024-06-01,2024-06-19,Nigeria,153.06,5.81
CUST00066,2024-06-01,2024-07-04,Nigeria,179.28,6.74
CUST00066,2024-06-01,2024-10-21,Nigeria,165.26,6.33
CUST00066,2024-06-01,2024-10-26,Nigeria,231.7,9.71
CUST00066,2024-06-01,2024-11-23,Nigeria,144.13,5.56
CUST00066,2024-06-01,2025-01-07,Nigeria,190.14,7.58
CUST00066,2024-06-01,2025-03-14,Nigeria,155.01,6.8
CUST00066,2024-06-01,2025-03-25,Nigeria,247.19,9.13
CUST00067,2024-10-01,2024-10-02,Nigeria,240.04,9.31
CUST00067,2024-10-01,2024-10-18,Nigeria,199.42,7.71
CUST00068,2024-09-01,2024-09-02,India,316.24,5.04
CUST00068,2024-09-01,2024-09-23,India,290.31,4.67
CUST00068,2024-09-01,2024-10-03,India,403.11,7.08
CUST00068,2024-09-01,2024-10-12,India,517.37,9.79
CUST00068,2024-09-01,2024-10-12,India,367.48,6.56
CUST00068,2024-09-01,2024-11-08,India,427.2,7.84
CUST00068,2024-09-01,2024-11-09,India,495.44,8.93
CUST00068,2024-09-01,2024-11-10,India,351.56,6.42
CUST00068,2024-09-01,2024-12-24,India,402.72,7.3
CUST00068,2024-09-01,2025-05-13,India,415.67,7.19
CUST00069,2024-12-01,2024-12-02,Nigeria,269.86,11.73
CUST00069,2024-12-01,2024-12-09,Nigeria,166.54,6.71
CUST00069,2024-12-01,2024-12-12,Nigeria,258.67,11.14
CUST00069,2024-12-01,2024-12-13,Nigeria,142.33,6.05
CUST00069,2024-12-01,2024-12-22,Nigeria,260.93,9.65
CUST00069,2024-12-01,2025-01-09,Nigeria,20.0,0.84
CUST00069,2024-12-01,2025-01-19,Nigeria,215.73,9.04
CUST00069,2024-12-01,2025-02-12,Nigeria,144.61,6.31
CUST00069,2024-12-01,2025-04-02,Nigeria,162.35,6.97
CUST00069,2024-12-01,2025-05-09,Nigeria,261.4,10.65
CUST00069,2024-12-01,2025-05-09,Nigeria,157.15,6.02
CUST00070,2024-12-01,2024-12-26,India,314.92,5.09
CUST00070,2024-12-01,2025-03-06,India,456.34,7.6
CUST00070,2024-12-01,2025-05-11,India,185.18,3.24
CUST00070,2024-12-01,2025-05-13,India,318.49,5.98
CUST00070,2024-12-01,2025-05-24,India,119.5,2.11
CUST00070,2024-12-01,2025-06-04,India,475.37,8.92
CUST00071,2024-11-01,2024-11-21,India,509.56,8.77
CUST00071,2024-11-01,2025-04-13,India,523.3,8.56
CUST00071,2024-11-01,2025-05-04,India,517.0,8.16
CUST00071,2024-11-01,2025-05-25,India,567.84,9.27
CUST00071,2024-11-01,2025-06-26,India,326.94,5.68
CUST00072,2024-07-01,2024-07-08,Nigeria,256.72,9.4
CUST00072,2024-07-01,2024-09-04,Nigeria,298.4,11.88
CUST00072,2024-07-01,2024-09-14,Nigeria,253.99,10.75
CUST00072,2024-07-01,2024-09-18,Nigeria,219.22,7.91
CUST00072,2024-07-01,2024-10-05,Nigeria,194.62,7.45
CUST00072,2024-07-01,2024-10-16,Nigeria,180.65,7.16
CUST00072,2024-07-01,2024-10-22,Nigeria,213.66,9.21
CUST00072,2024-07-01,2024-11-08,Nigeria,167.69,6.72
CUST00072,2024-07-01,2024-11-21,Nigeria,114.59,4.48
CUST00072,2024-07-01,2024-12-21,Nigeria,109.61,4.36
CUST00072,2024-07-01,2025-02-09,Nigeria,160.77,6.12
CUST00072,2024-07-01,2025-03-05,Nigeria,159.88,5.83
CUST00072,2024-07-01,2025-03-07,Nigeria,109.44,4.8
CUST00072,2024-07-01,2025-03-27,Nigeria,181.49,6.88
CUST00072,2024-07-01,2025-05-05,Nigeria,196.59,8.04
CUST00072,2024-07-01,2025-06-17,Nigeria,180.51,7.79
CUST00073,2024-07-01,2024-07-03,Nigeria,69.49,2.95
CUST00073,2024-07-01,2024-08-15,Nigeria,233.52,8.67
CUST00073,2024-07-01,2024-09-16,Nigeria,184.31,7.91
CUST00073,2024-07-01,2024-10-05,Nigeria,297.52,12.7
CUST00073,2024-07-01,2024-10-18,Nigeria,208.29,7.72
CUST00073,2024-07-01,2024-10-19,Nigeria,162.79,7.11
CUST00073,2024-07-01,2024-10-27,Nigeria,239.86,9.1
CUST00073,2024-07-01,2024-11-14,Nigeria,188.63,7.83
CUST00073,2024-07-01,2024-12-04,Nigeria,163.64,6.87
CUST00073,2024-07-01,2025-01-02,Nigeria,305.59,13.41
CUST00073,2024-07-01,2025-01-12,Nigeria,194.58,7.81
CUST00073,2024-07-01,2025-02-12,Nigeria,216.34,8.98
CUST00073,2024-07-01,2025-02-18,Nigeria,270.55,10.2
CUST00073,2024-07-01,2025-02-23,Nigeria,89.29,3.22
CUST00073,2024-07-01,2025-04-02,Nigeria,174.65,6.46
CUST00073,2024-07-01,2025-04-07,Nigeria,120.45,5.07
CUST00073,2024-07-01,2025-04-12,Nigeria,88.89,3.38
CUST00073,2024-07-01,2025-06-06,Nigeria,236.04,10.34
CUST00074,2024-01-01,2024-01-08,India,273.52,4.56
CUST00074,2024-01-01,2024-05-11,India,543.19,10.2
CUST00074,2024-01-01,2024-05-22,India,492.45,8.26
CUST00074,2024-01-01,2024-05-26,India,309.31,5.94
CUST00074,2024-01-01,2024-12-03,India,132.39,2.35
CUST00075,2024-09-01,2024-09-25,Nigeria,160.96,5.86
CUST00075,2024-09-01,2024-10-13,Nigeria,204.25,7.53
CUST00075,2024-09-01,2024-11-05,Nigeria,133.19,5.65
CUST00075,2024-09-01,2024-11-17,Nigeria,222.95,9.51
CUST00075,2024-09-01,2024-12-05,Nigeria,232.87,9.19
CUST00075,2024-09-01,2025-01-16,Nigeria,191.49,7.64
CUST00075,2024-09-01,2025-02-20,Nigeria,139.99,5.17
CUST00075,2024-09-01,2025-02-21,Nigeria,126.39,4.68
CUST00075,2024-09-01,2025-03-21,Nigeria,191.88,7.11
CUST00075,2024-09-01,2025-04-03,Nigeria,253.32,10.72
CUST00075,2024-09-01,2025-04-04,Nigeria,116.85,4.97
CUST00075,2024-09-01,2025-04-20,Nigeria,75.64,2.74
CUST00075,2024-09-01,2025-04-22,Nigeria,96.17,4.23
CUST00076,2024-09-01,2024-09-02,India,557.6,10.63
CUST00076,2024-09-01,2024-09-03,India,360.27,5.76
CUST00076,2024-09-01,2024-09-10,India,365.93,5.83
CUST00076,2024-09-01,2024-10-10,India,504.67,9.27
CUST00076,2024-09-01,2024-10-16,India,357.27,6.08
CUST00076,2024-09-01,2024-11-05,India,443.66,7.18
CUST00076,2024-09-01,2025-01-21,India,426.83,7.47
CUST00076,2024-09-01,2025-01-25,India,339.13,5.99
CUST00076,2024-09-01,2025-01-27,India,453.03,7.35
CUST00076,2024-09-01,2025-06-16,India,440.02,7.83
CUST00076,2024-09-01,2025-06-26,India,479.51,9.01
CUST00077,2024-06-01,2024-06-16,India,490.73,8.63
CUST00077,2024-06-01,2024-06-16,India,532.12,8.99
CUST00077,2024-06-01,2024-07-26,India,414.65,7.17
CUST00077,2024-06-01,2024-08-09,India,482.01,9.22
CUST00077,2024-06-01,2024-08-10,India,430.12,7.55
CUST00077,2024-06-01,2024-08-25,India,604.07,11.17
CUST00077,2024-06-01,2024-08-26,India,529.19,9.56
CUST00077,2024-06-01,2024-11-11,India,414.3,6.84
CUST00077,2024-06-01,2024-11-27,India,236.66,4.32
CUST00077,2024-06-01,2025-01-10,India,380.47,7.21
CUST00077,2024-06-01,2025-02-16,India,574.66,10.21
CUST00077,2024-06-01,2025-03-05,India,425.53,8.11
CUST00077,2024-06-01,2025-03-07,India,354.31,6.69
CUST00077,2024-06-01,2025-03-11,India,256.31,4.35
CUST00077,2024-06-01,2025-03-23,India,254.77,4.76
CUST00077,2024-06-01,2025-04-20,India,458.93,8.32
CUST00078,2024-09-01,2024-09-26,India,371.66,6.52
CUST00078,2024-09-01,2024-10-13,India,321.48,5.8
CUST00078,2024-09-01,2024-11-14,India,493.43,8.36
CUST00078,2024-09-01,2024-11-17,India,400.16,7.47
CUST00078,2024-09-01,2024-11-22,India,508.92,8.32
CUST00078,2024-09-01,2025-01-26,India,469.1,7.56
CUST00078,2024-09-01,2025-04-23,India,303.49,4.86
CUST00078,2024-09-01,2025-06-17,India,367.94,6.14
CUST00078,2024-09-01,2025-06-18,India,264.92,4.84
CUST00078,2024-09-01,2025-06-25,India,373.11,5.88
CUST00079,2024-01-01,2024-01-25,India,484.75,7.8
CUST00079,2024-01-01,2024-11-08,India,554.25,8.99
CUST00079,2024-01-01,2024-11-13,India,381.7,7.3
CUST00079,2024-01-01,2024-12-12,India,301.96,5.03
CUST00079,2024-01-01,2025-01-04,India,454.21,7.82
CUST00079,2024-01-01,2025-02-14,India,396.4,6.91
CUST00079,2024-01-01,2025-02-22,India,467.06,8.17
CUST00079,2024-01-01,2025-03-02,India,306.37,5.21
CUST00079,2024-01-01,2025-03-23,India,403.55,6.78
CUST00079,2024-01-01,2025-04-18,India,480.36,7.81
CUST00079,2024-01-01,2025-04-26,India,262.72,4.97
CUST00080,2024-12-01,2024-12-08,India,453.7,8.2
CUST00080,2024-12-01,2025-02-10,India,479.94,7.8
CUST00080,2024-12-01,2025-02-19,India,275.7,4.84
CUST00080,2024-12-01,2025-04-08,India,481.61,7.98
CUST00080,2024-12-01,2025-04-21,India,343.15,5.71
CUST00081,2024-11-01,2024-11-26,India,524.09,8.91
CUST00081,2024-11-01,2025-01-14,India,569.67,10.21
CUST00081,2024-11-01,2025-01-17,India,461.42,8.02
CUST00081,2024-11-01,2025-02-03,India,473.74,8.22
CUST00081,2024-11-01,2025-02-08,India,412.23,6.64
CUST00081,2024-11-01,2025-02-13,India,221.58,3.72
CUST00081,2024-11-01,2025-03-03,India,359.45,5.77
CUST00081,2024-11-01,2025-03-07,India,436.19,6.88
CUST00081,2024-11-01,2025-03-19,India,495.58,8.0
CUST00081,2024-11-01,2025-03-24,India,334.03,6.0
CUST00082,2024-08-01,2024-08-06,Nigeria,105.16,4.51
CUST00082,2024-08-01,2024-08-08,Nigeria,168.55,7.13
CUST00082,2024-08-01,2024-08-10,Nigeria,178.79,7.76
CUST00082,2024-08-01,2024-08-16,Nigeria,103.72,3.74
CUST00082,2024-08-01,2024-10-23,Nigeria,168.11,6.23
CUST00082,2024-08-01,2024-11-23,Nigeria,174.46,7.53
CUST00082,2024-08-01,2025-01-05,Nigeria,184.88,6.73
CUST00082,2024-08-01,2025-01-17,Nigeria,177.73,6.93
CUST00082,2024-08-01,2025-01-22,Nigeria,273.38,11.96
CUST00082,2024-08-01,2025-03-07,Nigeria,163.59,6.67
CUST00082,2024-08-01,2025-03-25,Nigeria,182.26,7.92
CUST00082,2024-08-01,2025-03-26,Nigeria,181.57,7.2
CUST00083,2024-01-01,2024-01-01,India,343.57,6.06
CUST00083,2024-01-01,2024-04-05,India,439.5,7.62
CUST00083,2024-01-01,2024-04-25,India,442.26,8.48
CUST00083,2024-01-01,2024-06-08,India,389.63,7.12
CUST00083,2024-01-01,2024-06-12,India,364.68,6.31
CUST00083,2024-01-01,2024-07-18,India,309.09,5.16
CUST00083,2024-01-01,2024-08-04,India,414.59,7.39
CUST00083,2024-01-01,2024-08-23,India,238.03,4.33
CUST00083,2024-01-01,2024-10-17,India,349.67,5.95
CUST00083,2024-01-01,2024-10-18,India,425.59,7.43
CUST00083,2024-01-01,2024-10-20,India,540.35,9.16
CUST00083,2024-01-01,2025-01-17,India,456.19,8.08
CUST00083,2024-01-01,2025-04-17,India,666.99,10.59
CUST00083,2024-01-01,2025-05-09,India,524.64,9.18
CUST00083,2024-01-01,2025-05-17,India,236.3,3.95
CUST00083,2024-01-01,2025-06-21,India,373.17,6.89
CUST00084,2024-10-01,2024-10-02,Nigeria,159.82,6.5
CUST00084,2024-10-01,2024-11-17,Nigeria,162.07,6.51
CUST00084,2024-10-01,2024-11-26,Nigeria,101.59,3.89
CUST00084,2024-10-01,2025-01-03,Nigeria,199.95,8.78
CUST00084,2024-10-01,2025-01-20,Nigeria,77.53,3.23
CUST00084,2024-10-01,2025-02-21,Nigeria,164.4,7.02
CUST00084,2024-10-01,2025-06-12,Nigeria,221.14,9.09
CUST00084,2024-10-01,2025-06-18,Nigeria,127.84,4.8
CUST00085,2024-07-01,2024-07-27,India,363.0,6.66
CUST00085,2024-07-01,2024-08-14,India,660.56,12.59
CUST00085,2024-07-01,2024-09-14,India,351.68,6.16
CUST00085,2024-07-01,2025-02-23,India,216.18,3.77
CUST00085,2024-07-01,2025-03-26,India,294.74,4.95
CUST00085,2024-07-01,2025-04-02,India,402.15,6.8
CUST00086,2024-01-01,2024-01-14,India,498.15,7.88
CUST00086,2024-01-01,2024-02-06,India,332.87,5.36
CUST00086,2024-01-01,2024-03-22,India,351.88,5.73
CUST00086,2024-01-01,2024-04-08,India,287.39,5.45
CUST00086,2024-01-01,2024-07-24,India,573.14,10.39
CUST00086,2024-01-01,2024-10-02,India,332.97,5.68
CUST00086,2024-01-01,2024-11-07,India,257.87,4.16
CUST00086,2024-01-01,2024-11-14,India,355.99,6.23
CUST00086,2024-01-01,2025-01-26,India,308.9,5.78
CUST00087,2024-08-01,2024-08-08,India,348.49,5.53
CUST00087,2024-08-01,2024-08-15,India,275.74,4.67
CUST00087,2024-08-01,2024-08-16,India,394.5,7.44
CUST00087,2024-08-01,2024-10-05,India,271.23,5.2
CUST00087,2024-08-01,2024-10-11,India,333.76,6.31
CUST00087,2024-08-01,2024-10-27,India,485.7,8.24
CUST00087,2024-08-01,2024-12-05,India,547.82,10.26
CUST00087,2024-08-01,2024-12-08,India,571.62,10.61
CUST00087,2024-08-01,2025-02-17,India,437.53,7.58
CUST00087,2024-08-01,2025-03-03,India,301.32,5.51
CUST00087,2024-08-01,2025-03-20,India,371.63,6.76
CUST00087,2024-08-01,2025-04-08,India,131.32,2.24
CUST00087,2024-08-01,2025-04-17,India,351.71,5.74
CUST00088,2024-01-01,2024-01-09,Nigeria,122.88,4.76
CUST00088,2024-01-01,2024-01-17,Nigeria,213.89,8.81
CUST00088,2024-01-01,2024-02-09,Nigeria,173.11,6.88
CUST00088,2024-01-01,2024-02-14,Nigeria,278.15,11.0
CUST00088,2024-01-01,2024-02-25,Nigeria,214.01,8.11
CUST00088,2024-01-01,2024-04-14,Nigeria,137.59,5.16
CUST00088,2024-01-01,2024-05-13,Nigeria,211.29,8.74
CUST00088,2024-01-01,2024-10-07,Nigeria,184.6,8.01
CUST00088,2024-01-01,2024-10-09,Nigeria,220.0,9.11
CUST00088,2024-01-01,2024-10-16,Nigeria,149.29,5.91
CUST00088,2024-01-01,2024-11-13,Nigeria,176.24,7.23
CUST00088,2024-01-01,2024-12-10,Nigeria,105.83,4.6
CUST00088,2024-01-01,2024-12-16,Nigeria,255.26,10.57
CUST00088,2024-01-01,2024-12-25,Nigeria,193.95,7.8
CUST00088,2024-01-01,2025-01-06,Nigeria,234.09,9.38
CUST00088,2024-01-01,2025-03-10,Nigeria,178.68,7.06
CUST00088,2024-01-01,2025-03-16,Nigeria,260.5,11.23
CUST00088,2024-01-01,2025-03-17,Nigeria,55.53,2.19
CUST00088,2024-01-01,2025-03-27,Nigeria,202.57,8.85
CUST00088,2024-01-01,2025-04-09,Nigeria,132.79,5.0
CUST00088,2024-01-01,2025-06-03,Nigeria,236.01,8.69
CUST00088,2024-01-01,2025-06-05,Nigeria,74.34,3.24
CUST00088,2024-01-01,2025-06-08,Nigeria,177.75,6.66
CUST00088,2024-01-01,2025-06-12,Nigeria,220.15,8.74
CUST00089,2024-12-01,2024-12-25,India,560.17,9.83
CUST00089,2024-12-01,2025-01-08,India,462.68,8.46
CUST00089,2024-12-01,2025-01-27,India,425.95,7.77
CUST00089,2024-12-01,2025-02-17,India,401.9,6.38
CUST00089,2024-12-01,2025-02-23,India,212.96,3.38
CUST00089,2024-12-01,2025-02-27,India,524.55,10.09
CUST00089,2024-12-01,2025-06-12,India,584.49,9.94
CUST00090,2024-05-01,2024-05-02,India,389.37,7.16
CUST00090,2024-05-01,2024-05-11,India,409.8,7.48
CUST00090,2024-05-01,2024-06-16,India,211.49,3.95
CUST00090,2024-05-01,2024-06-17,India,346.92,6.32
CUST00090,2024-05-01,2024-06-21,India,375.21,7.16
CUST00090,2024-05-01,2024-07-20,India,363.01,6.19
CUST00090,2024-05-01,2024-12-07,India,319.63,6.11
CUST00090,2024-05-01,2024-12-07,India,651.59,10.41
CUST00090,2024-05-01,2024-12-16,India,541.81,8.93
CUST00090,2024-05-01,2024-12-17,India,491.13,7.87
CUST00090,2024-05-01,2024-12-25,India,465.44,7.58
CUST00090,2024-05-01,2025-01-11,India,488.44,9.28
CUST00090,2024-05-01,2025-03-01,India,396.48,6.44
CUST00090,2024-05-01,2025-03-07,India,434.78,8.34
CUST00090,2024-05-01,2025-03-26,India,386.86,6.55
CUST00090,2024-05-01,2025-05-18,India,730.18,11.57
CUST00090,2024-05-01,2025-05-27,India,455.45,8.12
CUST00091,2024-01-01,2024-01-06,India,337.12,6.13
CUST00091,2024-01-01,2024-02-23,India,146.33,2.39
CUST00091,2024-01-01,2024-03-08,India,624.05,11.07
CUST00091,2024-01-01,2024-03-25,India,457.49,8.6
CUST00091,2024-01-01,2024-04-13,India,410.45,6.54
CUST00091,2024-01-01,2024-05-14,India,665.74,10.55
CUST00091,2024-01-01,2024-05-15,India,337.91,5.78
CUST00091,2024-01-01,2024-08-06,India,387.48,7.32
CUST00091,2024-01-01,2024-08-25,India,256.9,4.16
CUST00091,2024-01-01,2024-12-16,India,100.47,1.77
CUST00091,2024-01-01,2024-12-25,India,383.69,7.02
CUST00091,2024-01-01,2025-06-01,India,370.83,6.63
CUST00091,2024-01-01,2025-06-09,India,289.35,4.97
CUST00092,2024-02-01,2024-02-11,India,496.65,8.29
CUST00092,2024-02-01,2024-03-09,India,314.36,5.41
CUST00092,2024-02-01,2024-03-10,India,432.23,7.35
CUST00092,2024-02-01,2024-03-18,India,378.4,6.54
CUST00092,2024-02-01,2024-03-26,India,298.99,4.87
CUST00092,2024-02-01,2024-05-04,India,580.65,9.82
CUST00092,2024-02-01,2024-08-24,India,411.64,7.36
CUST00092,2024-02-01,2024-09-06,India,526.67,9.5
CUST00092,2024-02-01,2024-10-05,India,91.31,1.53
CUST00092,2024-02-01,2024-12-10,India,466.13,8.65
CUST00092,2024-02-01,2024-12-10,India,478.73,8.14
CUST00092,2024-02-01,2025-02-09,India,526.93,9.05
CUST00092,2024-02-01,2025-02-14,India,621.64,11.76
CUST00093,2024-10-01,2024-10-15,Nigeria,213.74,8.09
CUST00093,2024-10-01,2024-11-19,Nigeria,263.98,9.54
CUST00093,2024-10-01,2024-12-11,Nigeria,202.0,8.78
CUST00093,2024-10-01,2024-12-24,Nigeria,206.77,8.62
CUST00093,2024-10-01,2025-01-03,Nigeria,175.7,7.72
CUST00093,2024-10-01,2025-01-26,Nigeria,123.85,4.57
CUST00093,2024-10-01,2025-03-22,Nigeria,247.89,9.95
CUST00093,2024-10-01,2025-03-23,Nigeria,253.53,10.29
CUST00093,2024-10-01,2025-05-06,Nigeria,169.0,6.17
CUST00094,2024-07-01,2024-07-04,Nigeria,116.77,4.61
CUST00094,2024-07-01,2024-07-05,Nigeria,195.65,7.13
CUST00094,2024-07-01,2024-07-08,Nigeria,205.67,7.66
CUST00094,2024-07-01,2024-08-09,Nigeria,60.11,2.32
CUST00094,2024-07-01,2024-08-20,Nigeria,178.51,7.68
CUST00094,2024-07-01,2024-10-23,Nigeria,265.92,10.24
CUST00094,2024-07-01,2024-11-11,Nigeria,93.38,3.76
CUST00094,2024-07-01,2025-06-02,Nigeria,203.74,8.92
CUST00094,2024-07-01,2025-06-04,Nigeria,262.18,11.39
CUST00094,2024-07-01,2025-06-25,Nigeria,255.26,10.82
CUST00095,2024-11-01,2024-11-02,India,383.42,6.21
CUST00095,2024-11-01,2025-01-10,India,294.59,5.57
CUST00095,2024-11-01,2025-01-18,India,276.31,5.0
CUST00095,2024-11-01,2025-02-02,India,351.12,5.64
CUST00095,2024-11-01,2025-02-09,India,493.81,8.31
CUST00095,2024-11-01,2025-03-07,India,323.0,6.11
CUST00095,2024-11-01,2025-03-19,India,210.67,3.99
CUST00095,2024-11-01,2025-05-09,India,476.38,7.84
CUST00095,2024-11-01,2025-05-15,India,237.47,4.22
CUST00096,2024-01-01,2024-01-21,Nigeria,156.16,6.04
CUST00096,2024-01-01,2024-02-06,Nigeria,215.21,8.2
CUST00096,2024-01-01,2024-03-03,Nigeria,139.54,5.98
CUST00096,2024-01-01,2024-04-17,Nigeria,182.03,7.22
CUST00096,2024-01-01,2024-07-12,Nigeria,238.8,8.7
CUST00096,2024-01-01,2024-07-18,Nigeria,108.58,4.28
CUST00096,2024-01-01,2024-07-19,Nigeria,201.12,8.47
CUST00096,2024-01-01,2024-08-04,Nigeria,271.39,11.75
CUST00096,2024-01-01,2024-08-05,Nigeria,105.88,4.45
CUST00096,2024-01-01,2024-08-08,Nigeria,169.44,7.25
CUST00096,2024-01-01,2024-12-07,Nigeria,191.79,7.56
CUST00096,2024-01-01,2024-12-19,Nigeria,175.29,6.38
CUST00096,2024-01-01,2024-12-21,Nigeria,141.27,5.52
CUST00096,2024-01-01,2025-02-13,Nigeria,202.9,8.46
CUST00096,2024-01-01,2025-02-15,Nigeria,270.93,10.05
CUST00096,2024-01-01,2025-05-12,Nigeria,198.03,7.78
CUST00096,2024-01-01,2025-06-18,Nigeria,137.31,5.87
CUST00096,2024-01-01,2025-06-27,Nigeria,229.45,9.97
CUST00097,2024-08-01,2024-08-14,India,333.87,5.93
CUST00097,2024-08-01,2024-08-14,India,524.96,9.07
CUST00097,2024-08-01,2024-09-01,India,321.97,5.55
CUST00097,2024-08-01,2024-09-02,India,110.52,1.94
CUST00097,2024-08-01,2024-11-22,India,481.01,8.74
CUST00097,2024-08-01,2024-12-10,India,523.46,8.32
CUST00097,2024-08-01,2024-12-27,India,197.72,3.39
CUST00097,2024-08-01,2025-01-15,India,290.49,4.83
CUST00098,2024-02-01,2024-02-09,Nigeria,187.12,7.16
CUST00098,2024-02-01,2024-02-12,Nigeria,178.29,6.64
CUST00098,2024-02-01,2024-02-13,Nigeria,140.31,5.14
CUST00098,2024-02-01,2024-02-18,Nigeria,307.03,13.5
CUST00098,2024-02-01,2024-02-20,Nigeria,137.28,5.89
CUST00098,2024-02-01,2024-03-11,Nigeria,121.63,5.29
CUST00098,2024-02-01,2024-03-25,Nigeria,204.4,8.48
CUST00098,2024-02-01,2024-04-27,Nigeria,184.53,8.02
CUST00098,2024-02-01,2024-05-01,Nigeria,242.93,9.63
CUST00098,2024-02-01,2024-06-15,Nigeria,245.26,9.09
CUST00098,2024-02-01,2024-06-23,Nigeria,221.5,8.57
CUST00098,2024-02-01,2024-07-08,Nigeria,298.54,10.93
CUST00098,2024-02-01,2024-07-10,Nigeria,114.98,4.88
CUST00098,2024-02-01,2024-08-11,Nigeria,88.78,3.26
CUST00098,2024-02-01,2024-08-20,Nigeria,141.34,5.82
CUST00098,2024-02-01,2024-08-24,Nigeria,20.0,0.81
CUST00098,2024-02-01,2024-09-05,Nigeria,204.57,7.38
CUST00098,2024-02-01,2024-09-12,Nigeria,236.89,9.11
CUST00098,2024-02-01,2024-10-07,Nigeria,163.4,5.92
CUST00098,2024-02-01,2024-10-10,Nigeria,209.65,8.76
CUST00098,2024-02-01,2025-01-07,Nigeria,181.77,7.55
CUST00098,2024-02-01,2025-01-23,Nigeria,242.32,9.52
CUST00098,2024-02-01,2025-03-11,Nigeria,185.59,7.8
CUST00099,2024-11-01,2024-11-11,Nigeria,199.67,8.26
CUST00099,2024-11-01,2024-12-20,Nigeria,237.15,8.63
CUST00099,2024-11-01,2025-01-02,Nigeria,223.43,8.53
CUST00099,2024-11-01,2025-01-14,Nigeria,59.42,2.49
CUST00099,2024-11-01,2025-01-20,Nigeria,107.23,4.1
CUST00099,2024-11-01,2025-02-18,Nigeria,185.66,7.62
CUST00099,2024-11-01,2025-05-24,Nigeria,245.65,9.54
CUST00099,2024-11-01,2025-05-24,Nigeria,147.21,5.86
CUST00100,2024-01-01,2024-01-10,India,331.51,5.78
CUST00100,2024-01-01,2024-02-25,India,284.36,4.98
CUST00100,2024-01-01,2024-03-22,India,465.78,8.78
CUST00100,2024-01-01,2024-09-05,India,451.32,7.51
CUST00100,2024-01-01,2024-10-05,India,439.31,8.02
CUST00100,2024-01-01,2024-10-25,India,427.15,6.88
CUST00100,2024-01-01,2025-03-07,India,147.01,2.34
CUST00100,2024-01-01,2025-03-09,India,345.4,5.61
CUST00100,2024-01-01,2025-03-14,India,471.49,7.55
CUST00100,2024-01-01,2025-05-04,India,481.5,8.48
CUST00100,2024-01-01,2025-05-04,India,193.57,3.63
CUST00100,2024-01-01,2025-05-27,India,711.5,11.63
CUST00101,2024-11-01,2024-11-04,India,499.67,8.58
CUST00101,2024-11-01,2024-11-22,India,314.23,5.84
CUST00101,2024-11-01,2025-01-05,India,405.13,6.99
CUST00102,2024-03-01,2024-03-03,Nigeria,146.45,5.46
CUST00102,2024-03-01,2024-03-11,Nigeria,263.46,9.76
CUST00102,2024-03-01,2024-03-14,Nigeria,98.64,3.77
CUST00102,2024-03-01,2024-03-24,Nigeria,146.34,5.36
CUST00102,2024-03-01,2024-03-25,Nigeria,190.99,7.77
CUST00102,2024-03-01,2024-07-14,Nigeria,270.2,10.3
CUST00102,2024-03-01,2024-08-15,Nigeria,97.4,3.56
CUST00102,2024-03-01,2024-08-22,Nigeria,213.26,8.36
CUST00102,2024-03-01,2024-08-24,Nigeria,160.62,7.0
CUST00102,2024-03-01,2024-09-27,Nigeria,189.99,7.68
CUST00102,2024-03-01,2024-11-16,Nigeria,257.37,9.99
CUST00102,2024-03-01,2024-11-17,Nigeria,182.13,7.3
CUST00102,2024-03-01,2024-11-25,Nigeria,127.25,5.12
CUST00102,2024-03-01,2024-12-16,Nigeria,226.89,9.16
CUST00102,2024-03-01,2024-12-19,Nigeria,300.57,10.85
CUST00102,2024-03-01,2025-01-11,Nigeria,126.22,5.4
CUST00102,2024-03-01,2025-01-17,Nigeria,137.32,5.88
CUST00102,2024-03-01,2025-01-26,Nigeria,133.39,5.5
CUST00102,2024-03-01,2025-03-10,Nigeria,208.59,8.01
CUST00102,2024-03-01,2025-03-17,Nigeria,183.19,7.19
CUST00102,2024-03-01,2025-05-18,Nigeria,130.75,5.59
CUST00103,2024-11-01,2024-11-11,India,308.37,5.56
CUST00103,2024-11-01,2024-12-11,India,179.06,3.33
CUST00103,2024-11-01,2024-12-17,India,417.64,6.94
CUST00103,2024-11-01,2025-01-05,India,459.92,8.19
CUST00103,2024-11-01,2025-01-27,India,423.0,7.29
CUST00103,2024-11-01,2025-04-17,India,236.41,3.79
CUST00103,2024-11-01,2025-06-21,India,401.38,7.06
CUST00104,2024-10-01,2024-10-10,India,241.58,4.37
CUST00104,2024-10-01,2024-11-27,India,301.14,5.04
CUST00104,2024-10-01,2024-12-14,India,296.27,5.45
CUST00104,2024-10-01,2025-05-26,India,181.81,3.25
CUST00105,2024-03-01,2024-03-22,India,326.34,5.43
CUST00105,2024-03-01,2024-04-16,India,508.41,9.49
CUST00105,2024-03-01,2024-04-19,India,400.01,7.16
CUST00105,2024-03-01,2024-05-16,India,386.6,7.03
CUST00105,2024-03-01,2024-07-27,India,341.62,5.79
CUST00105,2024-03-01,2024-08-13,India,285.81,5.46
CUST00105,2024-03-01,2024-11-18,India,592.72,9.78
CUST00105,2024-03-01,2025-04-06,India,457.29,7.87
CUST00105,2024-03-01,2025-04-22,India,389.84,7.35
CUST00106,2024-07-01,2024-07-10,India,469.55,7.49
CUST00106,2024-07-01,2024-07-10,India,580.81,9.87
CUST00106,2024-07-01,2024-07-19,India,298.62,5.46
CUST00106,2024-07-01,2024-08-07,India,433.01,7.23
CUST00106,2024-07-01,2024-08-21,India,344.95,6.04
CUST00106,2024-07-01,2024-10-01,India,396.12,7.61
CUST00106,2024-07-01,2024-10-09,India,331.55,5.56
CUST00106,2024-07-01,2025-01-04,India,302.2,5.66
CUST00106,2024-07-01,2025-01-13,India,632.64,10.48
CUST00106,2024-07-01,2025-01-17,India,282.49,4.64
CUST00106,2024-07-01,2025-04-23,India,185.32,3.46
CUST00106,2024-07-01,2025-05-20,India,247.63,4.37
CUST00106,2024-07-01,2025-06-04,India,578.4,10.97
CUST00107,2024-01-01,2024-01-09,India,454.77,8.24
CUST00107,2024-01-01,2024-02-16,India,399.86,6.4
CUST00107,2024-01-01,2024-03-08,India,492.65,8.06
CUST00107,2024-01-01,2024-03-19,India,589.54,10.96
CUST00107,2024-01-01,2024-03-21,India,233.22,3.93
CUST00107,2024-01-01,2024-11-01,India,412.76,7.24
CUST00107,2024-01-01,2024-11-16,India,304.26,5.57
CUST00107,2024-01-01,2024-11-18,India,259.7,4.46
CUST00107,2024-01-01,2024-12-24,India,336.85,5.69
CUST00107,2024-01-01,2025-03-23,India,493.41,9.45
CUST00107,2024-01-01,2025-04-22,India,396.41,7.2
CUST00107,2024-01-01,2025-06-24,India,536.78,9.97
CUST00108,2024-07-01,2024-07-09,Nigeria,197.41,8.12
CUST00108,2024-07-01,2024-08-08,Nigeria,285.96,11.62
CUST00108,2024-07-01,2024-08-13,Nigeria,250.5,9.66
CUST00108,2024-07-01,2024-08-25,Nigeria,162.19,6.83
CUST00108,2024-07-01,2024-09-23,Nigeria,347.16,15.08
CUST00108,2024-07-01,2024-10-01,Nigeria,245.83,9.97
CUST00108,2024-07-01,2024-10-18,Nigeria,129.86,4.99
CUST00108,2024-07-01,2024-10-25,Nigeria,119.25,4.73
CUST00108,2024-07-01,2025-01-14,Nigeria,193.41,7.96
CUST00108,2024-07-01,2025-03-05,Nigeria,150.97,5.61
CUST00108,2024-07-01,2025-03-06,Nigeria,171.87,7.54
CUST00108,2024-07-01,2025-03-14,Nigeria,78.1,3.18
CUST00108,2024-07-01,2025-03-18,Nigeria,226.34,8.89
CUST00109,2024-01-01,2024-01-08,Nigeria,85.89,3.69
CUST00109,2024-01-01,2024-01-21,Nigeria,111.79,4.84
CUST00109,2024-01-01,2024-02-16,Nigeria,130.49,5.54
CUST00109,2024-01-01,2024-04-02,Nigeria,203.53,8.83
CUST00109,2024-01-01,2024-05-14,Nigeria,213.12,9.19
CUST00109,2024-01-01,2024-05-16,Nigeria,167.81,7.0
CUST00109,2024-01-01,2024-05-20,Nigeria,159.35,5.76
CUST00109,2024-01-01,2024-05-25,Nigeria,133.66,5.86
CUST00109,2024-01-01,2024-06-10,Nigeria,245.39,10.6
CUST00109,2024-01-01,2024-06-22,Nigeria,119.77,4.62
CUST00109,2024-01-01,2024-06-26,Nigeria,230.08,8.71
CUST00109,2024-01-01,2024-07-25,Nigeria,145.73,5.99
CUST00109,2024-01-01,2024-08-14,Nigeria,259.66,9.8
CUST00109,2024-01-01,2024-09-06,Nigeria,312.55,13.39
CUST00109,2024-01-01,2024-09-25,Nigeria,133.62,4.85
CUST00109,2024-01-01,2024-10-05,Nigeria,127.76,5.61
CUST00109,2024-01-01,2024-10-18,Nigeria,170.49,6.45
CUST00109,2024-01-01,2024-12-07,Nigeria,124.92,5.21
CUST00109,2024-01-01,2024-12-12,Nigeria,170.76,6.91
CUST00109,2024-01-01,2024-12-22,Nigeria,248.16,10.81
CUST00109,2024-01-01,2024-12-25,Nigeria,120.91,5.14
CUST00109,2024-01-01,2025-01-17,Nigeria,32.22,1.22
CUST00109,2024-01-01,2025-01-22,Nigeria,165.04,6.85
CUST00109,2024-01-01,2025-03-07,Nigeria,103.33,4.41
CUST00109,2024-01-01,2025-03-22,Nigeria,131.9,5.27
CUST00109,2024-01-01,2025-05-11,Nigeria,224.72,8.44
CUST00109,2024-01-01,2025-05-26,Nigeria,67.2,2.62
CUST00109,2024-01-01,2025-06-11,Nigeria,131.79,5.39
CUST00109,2024-01-01,2025-06-18,Nigeria,266.38,11.38
CUST00110,2024-09-01,2024-09-16,India,520.3,8.9
CUST00110,2024-09-01,2024-11-03,India,322.81,5.44
CUST00110,2024-09-01,2025-01-07,India,223.45,4.07
CUST00110,2024-09-01,2025-01-09,India,201.9,3.47
CUST00110,2024-09-01,2025-02-06,India,81.46,1.49
CUST00110,2024-09-01,2025-02-23,India,357.92,6.74
CUST00110,2024-09-01,2025-02-24,India,167.51,2.81
CUST00110,2024-09-01,2025-03-12,India,267.29,5.12
CUST00110,2024-09-01,2025-03-13,India,354.02,6.38
CUST00110,2024-09-01,2025-03-22,India,459.07,8.62
CUST00110,2024-09-01,2025-05-06,India,326.44,5.65
CUST00110,2024-09-01,2025-05-16,India,416.22,6.63
CUST00110,2024-09-01,2025-05-19,India,696.55,11.85
CUST00111,2024-07-01,2024-07-17,India,259.59,4.66
CUST00111,2024-07-01,2024-08-04,India,340.24,5.56
CUST00111,2024-07-01,2024-09-07,India,194.25,3.73
CUST00111,2024-07-01,2024-09-12,India,447.26,7.09
CUST00111,2024-07-01,2024-09-15,India,402.3,7.47
CUST00111,2024-07-01,2024-09-17,India,393.61,7.21
CUST00111,2024-07-01,2024-09-26,India,355.89,5.63
CUST00111,2024-07-01,2024-09-26,India,338.39,5.94
CUST00111,2024-07-01,2024-10-08,India,322.49,6.03
CUST00111,2024-07-01,2024-10-10,India,490.19,8.23
CUST00111,2024-07-01,2024-12-02,India,214.58,3.6
CUST00111,2024-07-01,2025-03-16,India,330.9,5.99
CUST00111,2024-07-01,2025-03-23,India,467.64,7.96
CUST00111,2024-07-01,2025-05-08,India,399.26,6.95
CUST00112,2024-10-01,2024-10-08,India,462.92,8.62
CUST00112,2024-10-01,2024-10-11,India,538.18,8.94
CUST00112,2024-10-01,2024-10-20,India,283.12,4.47
CUST00112,2024-10-01,2024-10-25,India,217.02,4.02
CUST00112,2024-10-01,2025-01-01,India,454.14,8.54
CUST00112,2024-10-01,2025-01-18,India,472.87,7.9
CUST00112,2024-10-01,2025-03-06,India,439.48,7.43
CUST00112,2024-10-01,2025-03-07,India,248.01,4.45
CUST00112,2024-10-01,2025-03-20,India,140.97,2.68
CUST00112,2024-10-01,2025-05-23,India,226.0,3.9
CUST00112,2024-10-01,2025-06-02,India,409.64,7.79
CUST00112,2024-10-01,2025-06-17,India,467.31,8.82
CUST00112,2024-10-01,2025-06-25,India,587.76,9.9
CUST00113,2024-12-01,2024-12-06,India,481.53,7.67
CUST00113,2024-12-01,2025-01-06,India,332.04,6.29
CUST00113,2024-12-01,2025-01-10,India,282.51,4.64
CUST00113,2024-12-01,2025-02-08,India,370.47,6.09
CUST00113,2024-12-01,2025-02-14,India,415.29,6.57
CUST00113,2024-12-01,2025-02-26,India,441.1,8.14
CUST00113,2024-12-01,2025-03-09,India,333.87,5.54
CUST00113,2024-12-01,2025-04-21,India,375.31,6.05
CUST00113,2024-12-01,2025-05-02,India,366.33,6.77
CUST00114,2024-09-01,2024-09-05,India,492.75,8.95
CUST00114,2024-09-01,2024-10-10,India,195.45,3.33
CUST00114,2024-09-01,2024-10-17,India,303.48,5.1
CUST00114,2024-09-01,2024-11-18,India,421.42,7.85
CUST00114,2024-09-01,2024-12-10,India,468.16,8.16
CUST00114,2024-09-01,2024-12-25,India,597.66,10.29
CUST00114,2024-09-01,2025-01-23,India,365.27,7.01
CUST00115,2024-01-01,2024-01-11,India,391.5,6.22
CUST00115,2024-01-01,2024-06-06,India,183.84,3.03
CUST00115,2024-01-01,2024-06-17,India,255.15,4.33
CUST00115,2024-01-01,2024-12-10,India,235.07,3.81
CUST00115,2024-01-01,2025-01-20,India,477.09,9.15
CUST00116,2024-12-01,2024-12-10,Nigeria,225.2,9.86
CUST00116,2024-12-01,2024-12-13,Nigeria,162.94,6.58
CUST00116,2024-12-01,2024-12-15,Nigeria,222.19,8.36
CUST00116,2024-12-01,2025-01-05,Nigeria,254.82,10.1
CUST00116,2024-12-01,2025-01-21,Nigeria,329.91,13.73
CUST00116,2024-12-01,2025-02-03,Nigeria,232.08,9.84
CUST00116,2024-12-01,2025-02-18,Nigeria,140.95,6.2
CUST00116,2024-12-01,2025-03-08,Nigeria,134.31,5.69
CUST00116,2024-12-01,2025-04-16,Nigeria,177.98,7.26
CUST00116,2024-12-01,2025-05-07,Nigeria,119.29,4.33
CUST00116,2024-12-01,2025-05-26,Nigeria,174.77,6.44
CUST00116,2024-12-01,2025-06-24,Nigeria,206.93,9.07
CUST00117,2024-11-01,2024-11-11,India,463.36,8.02
CUST00117,2024-11-01,2024-12-05,India,416.12,7.68
CUST00117,2024-11-01,2025-02-09,India,377.93,6.63
CUST00117,2024-11-01,2025-04-16,India,441.24,8.35
CUST00117,2024-11-01,2025-04-21,India,136.12,2.54
CUST00117,2024-11-01,2025-04-26,India,331.75,5.93
CUST00117,2024-11-01,2025-04-26,India,358.41,5.74
CUST00117,2024-11-01,2025-04-26,India,458.28,8.59
CUST00117,2024-11-01,2025-04-27,India,446.82,8.15
CUST00118,2024-09-01,2024-09-24,India,593.39,10.36
CUST00118,2024-09-01,2024-10-10,India,371.4,6.56
CUST00118,2024-09-01,2024-10-12,India,324.49,6.12
CUST00118,2024-09-01,2024-10-23,India,442.45,8.26
CUST00118,2024-09-01,2024-11-16,India,501.77,8.7
CUST00118,2024-09-01,2024-11-17,India,538.98,9.66
CUST00118,2024-09-01,2024-11-21,India,497.57,9.52
CUST00118,2024-09-01,2025-01-02,India,319.48,5.68
CUST00118,2024-09-01,2025-01-08,India,307.06,5.2
CUST00118,2024-09-01,2025-02-17,India,372.84,7.15
CUST00118,2024-09-01,2025-03-07,India,175.8,3.24
CUST00119,2024-03-01,2024-03-16,Nigeria,179.92,7.82
CUST00119,2024-03-01,2024-04-07,Nigeria,216.06,8.51
CUST00119,2024-03-01,2024-04-18,Nigeria,37.29,1.48
CUST00119,2024-03-01,2024-06-20,Nigeria,191.56,8.26
CUST00119,2024-03-01,2024-07-05,Nigeria,315.21,13.64
CUST00119,2024-03-01,2024-08-01,Nigeria,20.0,0.75
CUST00119,2024-03-01,2024-08-13,Nigeria,152.18,5.85
CUST00119,2024-03-01,2024-09-09,Nigeria,79.87,3.25
CUST00119,2024-03-01,2024-09-27,Nigeria,174.33,6.56
CUST00119,2024-03-01,2024-10-18,Nigeria,197.91,8.19
CUST00119,2024-03-01,2024-10-24,Nigeria,261.62,11.34
CUST00119,2024-03-01,2025-01-13,Nigeria,228.2,9.86
CUST00119,2024-03-01,2025-01-17,Nigeria,310.85,13.56
CUST00119,2024-03-01,2025-02-12,Nigeria,210.83,8.07
CUST00119,2024-03-01,2025-02-12,Nigeria,236.5,9.5
CUST00119,2024-03-01,2025-02-26,Nigeria,250.59,10.33
CUST00119,2024-03-01,2025-04-12,Nigeria,203.12,7.34
CUST00119,2024-03-01,2025-04-20,Nigeria,185.37,8.07
CUST00119,2024-03-01,2025-04-26,Nigeria,148.19,5.55
CUST00119,2024-03-01,2025-06-01,Nigeria,184.03,6.88
CUST00120,2024-06-01,2024-06-22,Nigeria,192.85,8.01
CUST00120,2024-06-01,2024-08-12,Nigeria,213.23,8.11
CUST00120,2024-06-01,2024-08-13,Nigeria,172.74,6.84
CUST00120,2024-06-01,2024-08-16,Nigeria,110.22,4.58
CUST00120,2024-06-01,2024-08-23,Nigeria,165.04,6.65
CUST00120,2024-06-01,2024-08-25,Nigeria,76.59,2.98
CUST00120,2024-06-01,2024-09-03,Nigeria,266.06,10.73
CUST00120,2024-06-01,2024-09-14,Nigeria,175.47,7.55
CUST00120,2024-06-01,2024-09-15,Nigeria,197.09,7.37
CUST00120,2024-06-01,2024-10-06,Nigeria,240.06,10.21
CUST00120,2024-06-01,2024-10-15,Nigeria,97.09,3.57
CUST00120,2024-06-01,2024-10-15,Nigeria,86.37,3.77
CUST00120,2024-06-01,2024-12-20,Nigeria,356.12,15.44
CUST00120,2024-06-01,2024-12-21,Nigeria,202.8,8.41
CUST00120,2024-06-01,2024-12-23,Nigeria,157.12,6.78
CUST00120,2024-06-01,2025-02-22,Nigeria,118.32,4.42
CUST00120,2024-06-01,2025-03-21,Nigeria,150.76,5.5
CUST00120,2024-06-01,2025-03-26,Nigeria,118.47,4.42
CUST00120,2024-06-01,2025-05-02,Nigeria,184.78,7.64
CUST00121,2024-08-01,2024-08-05,Nigeria,276.03,10.08
CUST00121,2024-08-01,2024-08-17,Nigeria,308.14,12.12
CUST00121,2024-08-01,2024-08-26,Nigeria,196.92,8.45
CUST00121,2024-08-01,2024-09-09,Nigeria,107.06,4.17
CUST00121,2024-08-01,2024-09-23,Nigeria,177.47,7.68
CUST00121,2024-08-01,2024-11-15,Nigeria,133.87,5.72
CUST00121,2024-08-01,2024-11-18,Nigeria,183.47,7.01
CUST00121,2024-08-01,2024-11-25,Nigeria,196.7,8.63
CUST00121,2024-08-01,2025-01-01,Nigeria,164.06,6.62
CUST00121,2024-08-01,2025-01-13,Nigeria,233.4,9.9
CUST00121,2024-08-01,2025-02-05,Nigeria,143.56,5.8
CUST00121,2024-08-01,2025-02-07,Nigeria,280.37,11.41
CUST00121,2024-08-01,2025-02-09,Nigeria,38.97,1.54
CUST00121,2024-08-01,2025-03-02,Nigeria,62.13,2.25
CUST00121,2024-08-01,2025-03-16,Nigeria,40.44,1.76
CUST00121,2024-08-01,2025-03-20,Nigeria,91.13,3.96
CUST00121,2024-08-01,2025-03-25,Nigeria,281.54,10.59
CUST00121,2024-08-01,2025-05-18,Nigeria,179.56,6.77
CUST00121,2024-08-01,2025-06-17,Nigeria,112.41,4.53
CUST00122,2024-01-01,2024-01-13,India,572.39,9.85
CUST00122,2024-01-01,2024-02-01,India,271.38,4.68
CUST00122,2024-01-01,2024-04-20,India,245.46,4.17
CUST00122,2024-01-01,2024-04-22,India,99.92,1.69
CUST00122,2024-01-01,2024-04-25,India,532.55,10.08
CUST00122,2024-01-01,2024-07-10,India,518.71,9.49
CUST00122,2024-01-01,2024-07-16,India,471.05,8.12
CUST00122,2024-01-01,2024-12-10,India,506.25,8.42
CUST00122,2024-01-01,2024-12-20,India,402.44,6.89
CUST00122,2024-01-01,2025-06-20,India,374.69,6.9
CUST00123,2024-06-01,2024-06-07,Nigeria,236.81,8.84
CUST00123,2024-06-01,2024-06-17,Nigeria,155.31,6.0
CUST00123,2024-06-01,2024-06-25,Nigeria,212.49,8.36
CUST00123,2024-06-01,2024-07-14,Nigeria,183.3,7.39
CUST00123,2024-06-01,2024-11-14,Nigeria,138.81,5.16
CUST00123,2024-06-01,2024-11-20,Nigeria,249.8,9.63
CUST00123,2024-06-01,2024-12-05,Nigeria,193.84,8.47
CUST00123,2024-06-01,2024-12-10,Nigeria,155.43,6.43
CUST00123,2024-06-01,2025-01-19,Nigeria,112.14,4.48
CUST00123,2024-06-01,2025-01-24,Nigeria,181.27,6.71
CUST00123,2024-06-01,2025-05-02,Nigeria,164.99,6.47
CUST00124,2024-03-01,2024-03-04,India,341.87,5.76
CUST00124,2024-03-01,2024-03-16,India,303.4,5.83
CUST00124,2024-03-01,2024-06-06,India,350.97,6.56
CUST00124,2024-03-01,2024-09-13,India,472.4,7.52
CUST00124,2024-03-01,2024-09-20,India,398.52,6.69
CUST00124,2024-03-01,2025-04-17,India,357.56,5.79
CUST00125,2024-09-01,2024-09-03,Nigeria,231.16,9.65
CUST00125,2024-09-01,2024-09-08,Nigeria,296.34,11.5
CUST00125,2024-09-01,2024-09-12,Nigeria,163.39,6.37
CUST00125,2024-09-01,2024-09-14,Nigeria,297.28,12.68
CUST00125,2024-09-01,2024-10-15,Nigeria,139.7,5.93
CUST00125,2024-09-01,2024-10-26,Nigeria,64.05,2.4
CUST00125,2024-09-01,2024-11-12,Nigeria,98.04,3.54
CUST00125,2024-09-01,2024-12-04,Nigeria,151.92,6.39
CUST00125,2024-09-01,2024-12-23,Nigeria,125.12,4.84
CUST00125,2024-09-01,2025-01-06,Nigeria,161.1,6.08
CUST00125,2024-09-01,2025-01-08,Nigeria,165.09,7.23
CUST00125,2024-09-01,2025-01-26,Nigeria,99.98,3.62
CUST00125,2024-09-01,2025-02-25,Nigeria,193.86,7.04
CUST00125,2024-09-01,2025-05-07,Nigeria,162.46,6.07
CUST00125,2024-09-01,2025-05-23,Nigeria,131.99,5.2
CUST00126,2024-02-01,2024-02-08,India,191.43,3.32
CUST00126,2024-02-01,2024-03-05,India,184.43,3.44
CUST00126,2024-02-01,2024-03-23,India,268.12,4.42
CUST00126,2024-02-01,2024-04-04,India,446.76,7.08
CUST00126,2024-02-01,2024-06-27,India,347.56,6.15
CUST00126,2024-02-01,2025-04-11,India,376.71,6.93
CUST00126,2024-02-01,2025-04-24,India,476.08,7.52
CUST00126,2024-02-01,2025-06-04,India,155.03,2.72
CUST00126,2024-02-01,2025-06-19,India,627.18,11.37
CUST00126,2024-02-01,2025-06-21,India,354.15,6.56
CUST00127,2024-02-01,2024-02-18,India,592.32,10.23
CUST00127,2024-02-01,2024-03-20,India,403.94,6.59
CUST00127,2024-02-01,2024-04-01,India,353.6,5.7
CUST00127,2024-02-01,2024-04-01,India,364.71,6.51
CUST00127,2024-02-01,2024-04-03,India,229.04,4.31
CUST00127,2024-02-01,2024-05-25,India,485.5,8.51
CUST00127,2024-02-01,2024-08-19,India,359.46,6.57
CUST00127,2024-02-01,2024-09-08,India,529.69,9.14
CUST00127,2024-02-01,2024-09-18,India,344.22,5.46
CUST00127,2024-02-01,2024-10-18,India,167.22,3.18
CUST00127,2024-02-01,2024-10-22,India,466.9,8.91
CUST00127,2024-02-01,2024-10-23,India,181.71,2.93
CUST00127,2024-02-01,2024-12-02,India,392.96,6.34
CUST00127,2024-02-01,2024-12-08,India,181.77,3.18
CUST00127,2024-02-01,2024-12-15,India,351.33,5.98
CUST00127,2024-02-01,2024-12-19,India,171.4,2.92
CUST00127,2024-02-01,2025-05-18,India,334.41,6.13
CUST00128,2024-03-01,2024-03-24,Nigeria,275.9,10.89
CUST00128,2024-03-01,2024-04-03,Nigeria,66.51,2.46
CUST00128,2024-03-01,2024-04-23,Nigeria,155.12,5.76
CUST00128,2024-03-01,2024-04-25,Nigeria,251.19,10.63
CUST00128,2024-03-01,2024-06-01,Nigeria,136.54,5.6
CUST00128,2024-03-01,2024-06-12,Nigeria,182.01,6.92
CUST00128,2024-03-01,2024-06-17,Nigeria,198.97,8.09
CUST00128,2024-03-01,2024-06-24,Nigeria,189.49,8.24
CUST00128,2024-03-01,2024-09-01,Nigeria,214.02,9.07
CUST00128,2024-03-01,2024-09-10,Nigeria,58.75,2.21
CUST00128,2024-03-01,2024-09-23,Nigeria,167.18,6.84
CUST00128,2024-03-01,2025-01-02,Nigeria,301.61,12.06
CUST00128,2024-03-01,2025-02-11,Nigeria,303.6,12.52
CUST00128,2024-03-01,2025-03-02,Nigeria,194.71,8.21
CUST00128,2024-03-01,2025-04-01,Nigeria,223.61,8.29
CUST00128,2024-03-01,2025-04-04,Nigeria,221.29,8.02
CUST00128,2024-03-01,2025-04-11,Nigeria,153.38,6.28
CUST00129,2024-09-01,2024-09-03,India,149.92,2.42
CUST00129,2024-09-01,2024-10-13,India,203.46,3.91
CUST00129,2024-09-01,2024-10-15,India,682.97,12.77
CUST00129,2024-09-01,2024-10-25,India,212.41,3.97
CUST00129,2024-09-01,2024-11-01,India,302.3,4.83
CUST00129,2024-09-01,2024-11-03,India,419.0,7.61
CUST00129,2024-09-01,2024-11-07,India,74.57,1.22
CUST00129,2024-09-01,2024-11-19,India,218.88,3.87
CUST00129,2024-09-01,2025-01-10,India,484.75,8.09
CUST00129,2024-09-01,2025-01-11,India,488.6,8.35
CUST00129,2024-09-01,2025-01-22,India,671.14,11.63
CUST00129,2024-09-01,2025-05-06,India,352.9,6.33
CUST00130,2024-04-01,2024-04-22,India,509.03,8.89
CUST00130,2024-04-01,2024-06-25,India,505.67,9.44
CUST00130,2024-04-01,2024-07-08,India,532.63,8.63
CUST00130,2024-04-01,2024-07-19,India,295.17,5.67
CUST00130,2024-04-01,2024-08-05,India,461.16,7.5
CUST00130,2024-04-01,2024-08-16,India,467.58,8.29
CUST00130,2024-04-01,2024-09-16,India,555.89,9.41
CUST00130,2024-04-01,2024-10-06,India,284.71,5.37
CUST00130,2024-04-01,2024-11-01,India,454.29,8.59
CUST00130,2024-04-01,2024-11-06,India,390.77,7.25
CUST00130,2024-04-01,2024-11-14,India,323.16,5.62
CUST00130,2024-04-01,2024-11-16,India,299.08,5.07
CUST00130,2024-04-01,2024-11-24,India,214.92,3.77
CUST00130,2024-04-01,2025-05-11,India,477.63,8.87
CUST00130,2024-04-01,2025-05-17,India,361.75,6.01
CUST00130,2024-04-01,2025-05-27,India,436.65,8.23
CUST00131,2024-05-01,2024-05-17,India,240.16,4.54
CUST00131,2024-05-01,2024-07-06,India,198.69,3.35
CUST00131,2024-05-01,2024-08-16,India,540.48,8.94
CUST00131,2024-05-01,2024-08-25,India,206.11,3.72
CUST00131,2024-05-01,2024-08-26,India,452.82,8.53
CUST00131,2024-05-01,2024-10-17,India,363.99,6.43
CUST00131,2024-05-01,2024-10-22,India,133.59,2.5
CUST00131,2024-05-01,2025-03-10,India,367.11,5.85
CUST00131,2024-05-01,2025-03-13,India,375.39,6.65
CUST00132,2024-08-01,2024-08-03,Nigeria,106.2,3.88
CUST00132,2024-08-01,2024-08-05,Nigeria,255.61,10.67
CUST00132,2024-08-01,2024-08-07,Nigeria,271.89,11.77
CUST00132,2024-08-01,2024-09-10,Nigeria,20.0,0.75
CUST00132,2024-08-01,2024-09-22,Nigeria,126.2,4.57
CUST00132,2024-08-01,2024-11-17,Nigeria,95.68,3.83
CUST00132,2024-08-01,2024-12-03,Nigeria,148.51,6.34
CUST00132,2024-08-01,2024-12-16,Nigeria,189.74,6.94
CUST00132,2024-08-01,2025-01-17,Nigeria,203.73,8.94
CUST00132,2024-08-01,2025-02-05,Nigeria,152.52,6.35
CUST00132,2024-08-01,2025-02-11,Nigeria,208.52,9.17
CUST00132,2024-08-01,2025-02-16,Nigeria,242.85,9.19
CUST00132,2024-08-01,2025-03-02,Nigeria,123.26,5.14
CUST00132,2024-08-01,2025-04-12,Nigeria,109.14,4.32
CUST00132,2024-08-01,2025-06-10,Nigeria,110.9,4.33
CUST00133,2024-07-01,2024-07-17,Nigeria,64.69,2.82
CUST00133,2024-07-01,2024-07-21,Nigeria,61.07,2.42
CUST00133,2024-07-01,2024-10-01,Nigeria,158.38,5.84
CUST00133,2024-07-01,2024-10-15,Nigeria,217.35,8.99
CUST00133,2024-07-01,2025-02-20,Nigeria,172.58,6.46
CUST00133,2024-07-01,2025-02-27,Nigeria,157.64,6.4
CUST00134,2024-01-01,2024-01-10,India,557.54,10.03
CUST00134,2024-01-01,2024-01-11,India,474.57,8.36
CUST00134,2024-01-01,2024-01-14,India,196.24,3.2
CUST00134,2024-01-01,2024-01-18,India,490.86,8.06
CUST00134,2024-01-01,2024-03-02,India,501.91,8.64
CUST00134,2024-01-01,2024-03-05,India,368.2,6.26
CUST00134,2024-01-01,2024-03-26,India,497.31,8.0
CUST00134,2024-01-01,2024-04-03,India,331.59,5.3
CUST00134,2024-01-01,2024-04-04,India,225.74,3.93
CUST00134,2024-01-01,2024-07-03,India,223.69,3.79
CUST00134,2024-01-01,2024-08-01,India,381.42,6.94
CUST00134,2024-01-01,2024-11-12,India,262.31,4.14
CUST00134,2024-01-01,2024-11-26,India,378.84,7.06
CUST00134,2024-01-01,2025-02-17,India,499.0,8.3
CUST00134,2024-01-01,2025-03-11,India,318.45,5.47
CUST00134,2024-01-01,2025-03-22,India,438.63,8.09
CUST00134,2024-01-01,2025-06-07,India,392.33,7.08
CUST00134,2024-01-01,2025-06-26,India,557.47,9.22
CUST00135,2024-11-01,2024-11-23,India,516.62,8.33
CUST00135,2024-11-01,2024-11-26,India,367.66,6.31
CUST00135,2024-11-01,2025-02-05,India,166.27,2.84
CUST00135,2024-11-01,2025-02-21,India,351.91,6.67
CUST00135,2024-11-01,2025-03-10,India,504.18,8.29
CUST00135,2024-11-01,2025-03-13,India,244.77,4.64
CUST00135,2024-11-01,2025-05-24,India,448.87,7.22
CUST00136,2024-07-01,2024-07-05,India,254.16,4.26
CUST00136,2024-07-01,2024-07-08,India,376.53,6.85
CUST00136,2024-07-01,2024-09-09,India,453.7,7.55
CUST00136,2024-07-01,2024-09-10,India,178.5,2.84
CUST00136,2024-07-01,2024-09-27,India,523.43,8.46
CUST00136,2024-07-01,2024-10-04,India,540.87,9.62
CUST00136,2024-07-01,2024-10-13,India,509.53,8.78
CUST00136,2024-07-01,2024-12-23,India,336.59,6.38
CUST00136,2024-07-01,2025-01-15,India,402.62,6.88
CUST00136,2024-07-01,2025-01-26,India,313.14,5.66
CUST00136,2024-07-01,2025-02-19,India,341.45,5.65
CUST00137,2024-06-01,2024-06-08,Nigeria,175.81,6.35
CUST00137,2024-06-01,2024-06-14,Nigeria,110.96,4.19
CUST00137,2024-06-01,2024-06-17,Nigeria,180.0,6.85
CUST00137,2024-06-01,2024-08-10,Nigeria,109.56,4.57
CUST00137,2024-06-01,2024-10-06,Nigeria,172.53,6.58
CUST00137,2024-06-01,2024-10-12,Nigeria,115.04,4.43
CUST00137,2024-06-01,2024-12-08,Nigeria,101.32,4.07
CUST00137,2024-06-01,2024-12-10,Nigeria,259.72,10.68
CUST00137,2024-06-01,2024-12-21,Nigeria,41.63,1.59
CUST00137,2024-06-01,2025-04-01,Nigeria,109.4,4.0
CUST00137,2024-06-01,2025-04-09,Nigeria,225.2,8.37
CUST00137,2024-06-01,2025-04-12,Nigeria,188.03,7.76
CUST00137,2024-06-01,2025-06-21,Nigeria,137.16,5.13
CUST00138,2024-03-01,2024-03-04,Nigeria,163.38,5.88
CUST00138,2024-03-01,2024-03-05,Nigeria,274.54,11.94
CUST00138,2024-03-01,2024-03-18,Nigeria,128.19,5.4
CUST00138,2024-03-01,2024-03-27,Nigeria,250.71,9.24
CUST00138,2024-03-01,2024-04-06,Nigeria,129.63,4.91
CUST00138,2024-03-01,2024-04-09,Nigeria,185.23,7.43
CUST00138,2024-03-01,2024-05-23,Nigeria,214.77,7.76
CUST00138,2024-03-01,2024-05-25,Nigeria,156.13,6.61
CUST00138,2024-03-01,2024-06-27,Nigeria,89.69,3.44
CUST00138,2024-03-01,2024-09-15,Nigeria,258.85,10.72
CUST00138,2024-03-01,2024-10-02,Nigeria,233.48,8.71
CUST00138,2024-03-01,2024-10-10,Nigeria,167.74,7.27
CUST00138,2024-03-01,2024-10-16,Nigeria,222.8,8.67
CUST00138,2024-03-01,2025-04-12,Nigeria,244.38,9.74
CUST00138,2024-03-01,2025-04-14,Nigeria,193.12,7.7
CUST00138,2024-03-01,2025-04-22,Nigeria,336.41,13.53
CUST00138,2024-03-01,2025-04-23,Nigeria,186.48,7.68
CUST00139,2024-11-01,2024-11-05,India,219.14,4.15
CUST00139,2024-11-01,2024-11-08,India,341.62,6.3
CUST00139,2024-11-01,2024-11-26,India,173.29,2.86
CUST00139,2024-11-01,2025-01-02,India,394.71,7.01
CUST00139,2024-11-01,2025-03-19,India,466.53,8.66
CUST00139,2024-11-01,2025-04-14,India,418.35,8.04
CUST00140,2024-05-01,2024-05-09,India,258.08,4.57
CUST00140,2024-05-01,2024-05-25,India,335.92,5.69
CUST00140,2024-05-01,2024-08-23,India,260.01,4.95
CUST00140,2024-05-01,2024-10-21,India,643.23,10.18
CUST00140,2024-05-01,2024-11-16,India,301.92,5.25
CUST00141,2024-12-01,2024-12-02,Nigeria,160.4,6.5
CUST00141,2024-12-01,2025-02-11,Nigeria,231.61,9.57
CUST00141,2024-12-01,2025-02-20,Nigeria,228.62,10.02
CUST00141,2024-12-01,2025-06-02,Nigeria,145.08,5.3
CUST00141,2024-12-01,2025-06-11,Nigeria,203.94,8.7
CUST00142,2024-01-01,2024-01-20,India,437.03,7.9
CUST00142,2024-01-01,2024-01-22,India,396.99,6.74
CUST00142,2024-01-01,2024-01-22,India,152.67,2.56
CUST00142,2024-01-01,2024-02-06,India,219.19,3.74
CUST00142,2024-01-01,2024-02-10,India,455.56,7.95
CUST00142,2024-01-01,2024-04-04,India,433.52,7.93
CUST00142,2024-01-01,2024-04-17,India,321.72,5.48
CUST00142,2024-01-01,2024-06-22,India,415.97,7.37
CUST00142,2024-01-01,2024-07-02,India,168.43,3.18
CUST00142,2024-01-01,2024-07-22,India,384.27,7.36
CUST00142,2024-01-01,2024-07-23,India,297.31,5.63
CUST00142,2024-01-01,2024-07-23,India,436.12,7.75
CUST00142,2024-01-01,2024-09-13,India,333.88,5.91
CUST00143,2024-03-01,2024-03-15,Nigeria,150.46,5.96
CUST00143,2024-03-01,2024-03-17,Nigeria,149.89,6.04
CUST00143,2024-03-01,2024-03-18,Nigeria,185.32,7.01
CUST00143,2024-03-01,2024-04-02,Nigeria,261.12,10.77
CUST00143,2024-03-01,2024-04-03,Nigeria,140.78,5.36
CUST00143,2024-03-01,2024-04-06,Nigeria,128.37,5.08
CUST00143,2024-03-01,2024-04-15,Nigeria,305.96,12.89
CUST00143,2024-03-01,2024-04-22,Nigeria,270.3,10.63
CUST00143,2024-03-01,2024-05-20,Nigeria,226.91,8.8
CUST00143,2024-03-01,2024-06-02,Nigeria,149.36,5.96
CUST00143,2024-03-01,2024-06-17,Nigeria,140.71,6.16
CUST00143,2024-03-01,2024-06-23,Nigeria,255.83,9.67
CUST00143,2024-03-01,2024-07-01,Nigeria,119.4,4.74
CUST00143,2024-03-01,2024-08-25,Nigeria,194.29,7.14
CUST00143,2024-03-01,2024-10-15,Nigeria,129.55,5.51
CUST00143,2024-03-01,2024-10-24,Nigeria,127.74,4.8
CUST00143,2024-03-01,2024-11-12,Nigeria,297.0,10.73
CUST00143,2024-03-01,2024-12-18,Nigeria,168.48,6.77
CUST00143,2024-03-01,2024-12-22,Nigeria,141.97,6.13
CUST00143,2024-03-01,2024-12-25,Nigeria,175.83,6.58
CUST00143,2024-03-01,2025-05-09,Nigeria,252.79,10.79
CUST00144,2024-01-01,2024-01-27,India,385.45,6.62
CUST00144,2024-01-01,2024-02-06,India,509.92,9.0
CUST00144,2024-01-01,2024-02-09,India,365.43,6.41
CUST00144,2024-01-01,2024-03-02,India,352.74,6.39
CUST00144,2024-01-01,2024-04-08,India,271.88,4.37
CUST00144,2024-01-01,2024-05-21,India,328.8,5.53
CUST00144,2024-01-01,2024-06-11,India,238.89,4.36
CUST00144,2024-01-01,2024-08-15,India,20.0,0.32
CUST00144,2024-01-01,2024-08-16,India,472.46,7.72
CUST00144,2024-01-01,2024-08-24,India,478.08,8.95
CUST00144,2024-01-01,2025-01-23,India,265.28,4.99
CUST00145,2024-12-01,2024-12-08,Nigeria,132.43,5.68
CUST00145,2024-12-01,2025-01-01,Nigeria,182.85,7.07
CUST00145,2024-12-01,2025-01-09,Nigeria,206.42,9.06
CUST00145,2024-12-01,2025-01-19,Nigeria,73.22,2.79
CUST00145,2024-12-01,2025-02-09,Nigeria,181.89,7.28
CUST00145,2024-12-01,2025-02-10,Nigeria,148.74,6.45
CUST00145,2024-12-01,2025-04-05,Nigeria,169.52,6.64
CUST00145,2024-12-01,2025-04-05,Nigeria,144.81,5.89
CUST00145,2024-12-01,2025-04-17,Nigeria,179.75,7.66
CUST00145,2024-12-01,2025-04-19,Nigeria,149.98,6.57
CUST00145,2024-12-01,2025-04-26,Nigeria,247.31,10.11
CUST00145,2024-12-01,2025-05-08,Nigeria,251.23,9.9
CUST00145,2024-12-01,2025-05-17,Nigeria,227.87,10.01
CUST00145,2024-12-01,2025-06-11,Nigeria,228.14,9.27
CUST00146,2024-05-01,2024-05-02,Nigeria,190.47,7.94
CUST00146,2024-05-01,2024-05-06,Nigeria,199.8,8.54
CUST00146,2024-05-01,2024-05-11,Nigeria,167.85,7.38
CUST00146,2024-05-01,2024-07-12,Nigeria,289.95,10.62
CUST00146,2024-05-01,2024-07-17,Nigeria,196.87,7.84
CUST00146,2024-05-01,2024-09-06,Nigeria,142.2,5.59
CUST00146,2024-05-01,2024-09-25,Nigeria,135.95,5.43
CUST00146,2024-05-01,2025-01-15,Nigeria,137.04,5.37
CUST00147,2024-12-01,2024-12-08,India,493.05,8.66
CUST00147,2024-12-01,2025-01-08,India,143.81,2.58
CUST00147,2024-12-01,2025-01-22,India,341.65,5.83
CUST00147,2024-12-01,2025-02-01,India,223.02,3.61
CUST00147,2024-12-01,2025-02-06,India,138.83,2.35
CUST00147,2024-12-01,2025-02-11,India,407.2,7.12
CUST00147,2024-12-01,2025-02-14,India,429.0,7.41
CUST00147,2024-12-01,2025-02-16,India,298.59,5.34
CUST00147,2024-12-01,2025-05-23,India,490.0,9.24
CUST00147,2024-12-01,2025-06-10,India,260.18,4.48
CUST00147,2024-12-01,2025-06-24,India,180.03,3.15
CUST00148,2024-08-01,2024-08-27,India,237.62,4.42
CUST00148,2024-08-01,2024-10-04,India,577.39,10.99
CUST00148,2024-08-01,2024-10-04,India,126.14,2.06
CUST00148,2024-08-01,2024-10-04,India,496.61,8.79
CUST00148,2024-08-01,2024-11-21,India,445.35,7.52
CUST00148,2024-08-01,2025-01-13,India,433.93,8.35
CUST00148,2024-08-01,2025-06-16,India,401.81,6.81
CUST00149,2024-05-01,2024-05-25,Nigeria,218.08,9.03
CUST00149,2024-05-01,2024-06-06,Nigeria,181.2,7.26
CUST00149,2024-05-01,2024-06-07,Nigeria,66.59,2.42
CUST00149,2024-05-01,2024-06-08,Nigeria,114.23,4.44
CUST00149,2024-05-01,2024-06-14,Nigeria,156.01,5.64
CUST00149,2024-05-01,2024-06-14,Nigeria,247.3,10.5
CUST00149,2024-05-01,2024-06-19,Nigeria,193.75,7.3
CUST00149,2024-05-01,2024-06-22,Nigeria,74.91,2.73
CUST00149,2024-05-01,2024-07-19,Nigeria,146.96,5.59
CUST00149,2024-05-01,2025-05-17,Nigeria,136.84,5.77
CUST00149,2024-05-01,2025-05-21,Nigeria,183.14,7.26
CUST00149,2024-05-01,2025-05-23,Nigeria,144.82,5.51
CUST00150,2024-12-01,2024-12-06,Nigeria,290.64,10.67
CUST00150,2024-12-01,2024-12-09,Nigeria,191.34,7.72
CUST00150,2024-12-01,2024-12-13,Nigeria,198.37,8.22
CUST00150,2024-12-01,2025-01-06,Nigeria,161.59,6.21
CUST00150,2024-12-01,2025-01-06,Nigeria,243.88,9.61
CUST00150,2024-12-01,2025-01-16,Nigeria,201.23,8.43
CUST00150,2024-12-01,2025-01-17,Nigeria,253.64,10.81
CUST00150,2024-12-01,2025-01-20,Nigeria,113.28,4.68
CUST00150,2024-12-01,2025-02-23,Nigeria,109.71,4.33
CUST00150,2024-12-01,2025-03-22,Nigeria,183.39,7.85
CUST00150,2024-12-01,2025-03-26,Nigeria,227.29,9.89
CUST00150,2024-12-01,2025-03-27,Nigeria,68.19,2.46
CUST00150,2024-12-01,2025-04-08,Nigeria,172.5,6.52
CUST00150,2024-12-01,2025-04-09,Nigeria,252.87,9.12
CUST00150,2024-12-01,2025-04-20,Nigeria,60.6,2.22
CUST00150,2024-12-01,2025-04-24,Nigeria,159.7,7.02
CUST00151,2024-05-01,2024-05-13,India,432.45,7.73
CUST00151,2024-05-01,2024-05-25,India,419.89,7.34
CUST00151,2024-05-01,2024-06-18,India,599.95,11.44
CUST00151,2024-05-01,2024-07-09,India,417.94,7.09
CUST00151,2024-05-01,2024-07-14,India,469.22,7.81
CUST00151,2024-05-01,2024-08-15,India,188.48,3.44
CUST00151,2024-05-01,2024-08-24,India,379.87,7.18
CUST00151,2024-05-01,2024-08-25,India,352.57,5.69
CUST00151,2024-05-01,2024-09-05,India,484.51,8.81
CUST00151,2024-05-01,2024-09-15,India,279.59,4.62
CUST00151,2024-05-01,2025-01-25,India,434.87,8.29
CUST00152,2024-01-01,2024-01-20,India,400.27,6.69
CUST00152,2024-01-01,2024-01-26,India,221.97,4.14
CUST00152,2024-01-01,2024-01-26,India,634.31,10.3
CUST00152,2024-01-01,2024-10-27,India,221.01,3.75
CUST00152,2024-01-01,2024-11-02,India,288.04,5.34
CUST00152,2024-01-01,2024-12-02,India,370.55,6.13
CUST00153,2024-02-01,2024-02-05,Nigeria,150.27,6.28
CUST00153,2024-02-01,2024-03-18,Nigeria,236.96,9.98
CUST00153,2024-02-01,2024-03-26,Nigeria,137.0,5.97
CUST00153,2024-02-01,2024-04-10,Nigeria,104.62,4.19
CUST00153,2024-02-01,2024-04-10,Nigeria,221.5,8.27
CUST00153,2024-02-01,2024-06-02,Nigeria,152.57,6.42
CUST00153,2024-02-01,2024-06-11,Nigeria,204.77,8.16
CUST00153,2024-02-01,2024-08-01,Nigeria,200.74,7.59
CUST00153,2024-02-01,2024-08-08,Nigeria,193.71,7.0
CUST00153,2024-02-01,2024-10-10,Nigeria,143.11,5.85
CUST00153,2024-02-01,2025-01-14,Nigeria,143.12,5.37
CUST00153,2024-02-01,2025-05-06,Nigeria,179.89,7.17
CUST00153,2024-02-01,2025-05-27,Nigeria,179.97,7.59
CUST00153,2024-02-01,2025-06-12,Nigeria,231.13,9.63
CUST00153,2024-02-01,2025-06-16,Nigeria,183.16,6.83
CUST00154,2024-06-01,2024-06-14,Nigeria,180.29,6.83
CUST00154,2024-06-01,2024-09-08,Nigeria,170.57,6.61
CUST00154,2024-06-01,2024-10-16,Nigeria,187.48,7.74
CUST00154,2024-06-01,2024-10-26,Nigeria,169.34,6.65
CUST00154,2024-06-01,2024-11-03,Nigeria,215.11,8.77
CUST00154,2024-06-01,2025-02-13,Nigeria,309.6,13.26
CUST00154,2024-06-01,2025-02-16,Nigeria,186.02,7.21
CUST00154,2024-06-01,2025-02-20,Nigeria,128.83,5.06
CUST00154,2024-06-01,2025-02-20,Nigeria,203.32,7.53
CUST00154,2024-06-01,2025-02-21,Nigeria,264.44,9.61
CUST00154,2024-06-01,2025-04-08,Nigeria,193.93,7.71
CUST00155,2024-08-01,2024-08-05,India,377.37,6.31
CUST00155,2024-08-01,2024-08-11,India,410.07,7.19
CUST00155,2024-08-01,2024-08-18,India,519.05,8.36
CUST00155,2024-08-01,2024-09-12,India,334.89,5.4
CUST00155,2024-08-01,2024-12-03,India,479.48,7.72
CUST00155,2024-08-01,2024-12-26,India,275.21,5.14
CUST00155,2024-08-01,2025-03-19,India,230.63,4.22
CUST00155,2024-08-01,2025-03-26,India,461.47,8.65
CUST00155,2024-08-01,2025-04-01,India,373.69,6.06
CUST00155,2024-08-01,2025-04-07,India,148.67,2.5
CUST00156,2024-02-01,2024-02-12,Nigeria,215.22,8.01
CUST00156,2024-02-01,2024-02-23,Nigeria,192.11,6.92
CUST00156,2024-02-01,2024-03-12,Nigeria,137.7,5.05
CUST00156,2024-02-01,2024-03-12,Nigeria,183.43,7.01
CUST00156,2024-02-01,2024-04-01,Nigeria,168.12,6.83
CUST00156,2024-02-01,2024-04-13,Nigeria,125.38,5.44
CUST00156,2024-02-01,2024-07-07,Nigeria,187.59,8.04
CUST00156,2024-02-01,2024-09-02,Nigeria,110.8,4.27
CUST00156,2024-02-01,2024-09-11,Nigeria,103.15,4.16
CUST00156,2024-02-01,2024-09-11,Nigeria,161.07,6.87
CUST00156,2024-02-01,2024-09-20,Nigeria,131.88,4.83
CUST00156,2024-02-01,2024-09-26,Nigeria,143.17,5.41
CUST00156,2024-02-01,2024-12-26,Nigeria,138.04,5.4
CUST00156,2024-02-01,2025-03-04,Nigeria,121.22,4.49
CUST00156,2024-02-01,2025-03-09,Nigeria,205.87,8.34
CUST00156,2024-02-01,2025-03-12,Nigeria,97.8,3.69
CUST00156,2024-02-01,2025-03-26,Nigeria,203.1,8.38
CUST00157,2024-06-01,2024-06-19,India,475.83,8.98
CUST00157,2024-06-01,2024-06-27,India,245.11,4.37
CUST00157,2024-06-01,2024-09-20,India,392.3,6.51
CUST00157,2024-06-01,2024-09-22,India,441.26,7.56
CUST00157,2024-06-01,2024-12-02,India,404.21,7.56
CUST00157,2024-06-01,2024-12-15,India,532.6,8.42
CUST00157,2024-06-01,2025-02-06,India,589.32,11.19
CUST00157,2024-06-01,2025-02-07,India,211.15,3.45
CUST00157,2024-06-01,2025-02-20,India,365.79,5.85
CUST00157,2024-06-01,2025-02-24,India,459.63,8.76
CUST00158,2024-11-01,2024-11-07,India,394.16,6.94
CUST00158,2024-11-01,2024-11-24,India,175.27,2.83
CUST00158,2024-11-01,2024-12-02,India,191.67,3.11
CUST00158,2024-11-01,2024-12-14,India,128.05,2.37
CUST00158,2024-11-01,2025-03-23,India,303.57,5.25
CUST00158,2024-11-01,2025-04-23,India,430.67,7.98
CUST00158,2024-11-01,2025-05-19,India,396.41,7.57
CUST00159,2024-10-01,2024-10-04,Nigeria,217.14,9.15
CUST00159,2024-10-01,2024-11-03,Nigeria,157.47,6.47
CUST00159,2024-10-01,2024-12-01,Nigeria,181.16,7.12
CUST00159,2024-10-01,2024-12-04,Nigeria,191.09,8.34
CUST00159,2024-10-01,2024-12-12,Nigeria,277.72,10.97
CUST00159,2024-10-01,2024-12-12,Nigeria,266.03,9.62
CUST00159,2024-10-01,2024-12-21,Nigeria,97.36,4.16
CUST00159,2024-10-01,2025-05-26,Nigeria,235.95,9.79
CUST00160,2024-01-01,2024-01-14,India,126.24,2.37
CUST00160,2024-01-01,2024-03-16,India,329.13,5.9
CUST00160,2024-01-01,2024-04-04,India,239.9,4.05
CUST00160,2024-01-01,2024-07-21,India,477.3,7.63
CUST00160,2024-01-01,2024-09-12,India,423.22,7.49
CUST00160,2024-01-01,2025-01-08,India,398.99,6.62
CUST00160,2024-01-01,2025-01-16,India,232.52,4.18
CUST00160,2024-01-01,2025-01-16,India,400.13,6.57
CUST00160,2024-01-01,2025-01-26,India,493.87,9.22
CUST00160,2024-01-01,2025-05-01,India,308.19,5.67
CUST00160,2024-01-01,2025-05-14,India,377.24,6.28
CUST00160,2024-01-01,2025-06-18,India,358.32,6.47
CUST00160,2024-01-01,2025-06-21,India,318.34,5.08
CUST00161,2024-06-01,2024-06-18,India,480.18,7.73
CUST00161,2024-06-01,2024-06-23,India,360.14,6.21
CUST00161,2024-06-01,2024-07-15,India,475.34,8.14
CUST00161,2024-06-01,2024-08-03,India,389.82,6.17
CUST00161,2024-06-01,2024-08-05,India,506.96,8.81
CUST00161,2024-06-01,2024-08-05,India,168.58,3.05
CUST00161,2024-06-01,2024-09-14,India,499.19,9.35
CUST00161,2024-06-01,2024-09-17,India,398.83,6.79
CUST00161,2024-06-01,2025-04-16,India,487.39,8.13
CUST00162,2024-10-01,2024-10-13,Nigeria,145.78,5.53
CUST00162,2024-10-01,2024-12-18,Nigeria,187.65,7.09
CUST00162,2024-10-01,2024-12-21,Nigeria,149.3,5.75
CUST00162,2024-10-01,2024-12-26,Nigeria,175.22,7.64
CUST00162,2024-10-01,2025-01-09,Nigeria,149.55,5.87
CUST00162,2024-10-01,2025-03-08,Nigeria,179.0,7.59
CUST00162,2024-10-01,2025-03-25,Nigeria,233.23,10.18
CUST00162,2024-10-01,2025-06-02,Nigeria,235.19,8.75
CUST00162,2024-10-01,2025-06-17,Nigeria,264.19,11.28
CUST00162,2024-10-01,2025-06-27,Nigeria,198.36,8.64
CUST00163,2024-03-01,2024-03-04,India,289.92,5.14
CUST00163,2024-03-01,2024-06-22,India,441.73,8.07
CUST00163,2024-03-01,2024-09-04,India,460.05,8.53
CUST00163,2024-03-01,2024-09-07,India,444.04,8.19
CUST00163,2024-03-01,2024-09-23,India,194.59,3.14
CUST00163,2024-03-01,2024-10-14,India,468.37,8.09
CUST00163,2024-03-01,2024-10-15,India,559.15,8.98
CUST00163,2024-03-01,2024-12-12,India,303.51,5.19
CUST00163,2024-03-01,2024-12-27,India,450.31,8.18
CUST00163,2024-03-01,2025-01-04,India,550.97,9.52
CUST00163,2024-03-01,2025-03-13,India,535.2,8.9
CUST00163,2024-03-01,2025-06-24,India,440.43,7.59
CUST00164,2024-08-01,2024-08-15,Nigeria,103.35,4.2
CUST00164,2024-08-01,2024-09-04,Nigeria,202.45,7.45
CUST00164,2024-08-01,2025-01-01,Nigeria,186.93,7.61
CUST00164,2024-08-01,2025-01-21,Nigeria,256.28,9.97
CUST00164,2024-08-01,2025-03-09,Nigeria,178.24,7.58
CUST00165,2024-10-01,2024-10-19,India,427.44,7.18
CUST00165,2024-10-01,2024-12-05,India,244.56,4.22
CUST00165,2024-10-01,2024-12-24,India,430.68,6.82
CUST00165,2024-10-01,2025-01-12,India,357.98,6.42
CUST00165,2024-10-01,2025-02-23,India,366.21,6.1
CUST00165,2024-10-01,2025-05-09,India,590.14,9.67
CUST00166,2024-04-01,2024-04-11,Nigeria,239.02,9.9
CUST00166,2024-04-01,2024-04-15,Nigeria,145.36,5.88
CUST00166,2024-04-01,2024-05-01,Nigeria,139.67,6.14
CUST00166,2024-04-01,2024-05-01,Nigeria,234.33,9.6
CUST00166,2024-04-01,2024-05-09,Nigeria,186.4,7.53
CUST00166,2024-04-01,2024-05-19,Nigeria,88.81,3.91
CUST00166,2024-04-01,2024-05-20,Nigeria,110.61,4.46
CUST00166,2024-04-01,2024-05-26,Nigeria,256.87,11.06
CUST00166,2024-04-01,2024-06-07,Nigeria,213.47,9.28
CUST00166,2024-04-01,2024-06-14,Nigeria,20.0,0.82
CUST00166,2024-04-01,2024-07-08,Nigeria,213.92,8.13
CUST00166,2024-04-01,2024-07-13,Nigeria,163.45,7.0
CUST00166,2024-04-01,2024-07-20,Nigeria,212.4,7.85
CUST00166,2024-04-01,2024-07-24,Nigeria,290.89,12.73
CUST00166,2024-04-01,2024-09-10,Nigeria,122.17,4.47
CUST00166,2024-04-01,2024-09-12,Nigeria,48.48,1.94
CUST00166,2024-04-01,2024-09-19,Nigeria,94.67,3.5
CUST00166,2024-04-01,2025-05-21,Nigeria,88.61,3.81
CUST00166,2024-04-01,2025-05-22,Nigeria,148.12,5.39
CUST00166,2024-04-01,2025-06-15,Nigeria,130.55,5.16
CUST00166,2024-04-01,2025-06-24,Nigeria,236.17,9.19
CUST00167,2024-01-01,2024-01-18,India,168.78,2.95
CUST00167,2024-01-01,2024-03-04,India,665.97,12.73
CUST00167,2024-01-01,2024-03-14,India,458.09,7.29
CUST00167,2024-01-01,2024-04-09,India,360.79,6.88
CUST00167,2024-01-01,2024-04-10,India,637.7,10.34
CUST00167,2024-01-01,2024-04-15,India,413.5,6.7
CUST00167,2024-01-01,2024-06-03,India,407.79,7.56
CUST00167,2024-01-01,2024-06-03,India,409.84,6.77
CUST00167,2024-01-01,2024-08-01,India,349.74,5.57
CUST00167,2024-01-01,2024-08-07,India,364.28,6.47
CUST00167,2024-01-01,2024-09-16,India,184.7,2.96
CUST00167,2024-01-01,2024-10-12,India,454.89,8.27
CUST00167,2024-01-01,2025-01-04,India,396.81,6.85
CUST00167,2024-01-01,2025-01-07,India,245.49,3.88
CUST00167,2024-01-01,2025-01-19,India,290.95,4.76
CUST00167,2024-01-01,2025-01-27,India,175.43,2.92
CUST00167,2024-01-01,2025-05-03,India,249.61,3.95
CUST00167,2024-01-01,2025-05-17,India,418.9,8.05
CUST00167,2024-01-01,2025-05-26,India,511.2,9.75
CUST00168,2024-12-01,2024-12-03,Nigeria,210.11,8.46
CUST00168,2024-12-01,2025-02-27,Nigeria,138.27,5.78
CUST00168,2024-12-01,2025-03-12,Nigeria,176.58,7.58
CUST00168,2024-12-01,2025-03-20,Nigeria,129.7,5.15
CUST00169,2024-12-01,2024-12-23,Nigeria,107.24,3.99
CUST00169,2024-12-01,2025-01-02,Nigeria,274.33,10.24
CUST00169,2024-12-01,2025-01-03,Nigeria,194.69,7.42
CUST00169,2024-12-01,2025-01-14,Nigeria,57.14,2.18
CUST00169,2024-12-01,2025-01-25,Nigeria,244.63,8.96
CUST00169,2024-12-01,2025-01-26,Nigeria,186.55,8.01
CUST00169,2024-12-01,2025-02-04,Nigeria,216.55,9.24
CUST00169,2024-12-01,2025-02-18,Nigeria,256.51,10.16
CUST00169,2024-12-01,2025-04-17,Nigeria,272.37,11.08
CUST00169,2024-12-01,2025-04-20,Nigeria,158.25,6.73
CUST00170,2024-07-01,2024-07-02,Nigeria,154.34,6.19
CUST00170,2024-07-01,2024-09-16,Nigeria,255.73,11.03
CUST00170,2024-07-01,2024-11-10,Nigeria,157.72,5.95
CUST00170,2024-07-01,2024-11-19,Nigeria,239.42,10.51
CUST00170,2024-07-01,2024-12-12,Nigeria,114.66,4.93
CUST00170,2024-07-01,2024-12-16,Nigeria,295.41,12.57
CUST00170,2024-07-01,2024-12-17,Nigeria,122.82,5.08
CUST00170,2024-07-01,2025-03-02,Nigeria,162.91,6.1
CUST00170,2024-07-01,2025-04-02,Nigeria,155.63,5.88
CUST00170,2024-07-01,2025-04-19,Nigeria,120.16,4.48
CUST00170,2024-07-01,2025-04-24,Nigeria,153.07,5.81
CUST00170,2024-07-01,2025-05-20,Nigeria,132.99,5.63
CUST00170,2024-07-01,2025-05-21,Nigeria,295.75,12.55
CUST00170,2024-07-01,2025-06-22,Nigeria,176.55,7.49
CUST00171,2024-03-01,2024-03-07,India,311.18,5.59
CUST00171,2024-03-01,2024-03-14,India,383.73,7.23
CUST00171,2024-03-01,2024-04-20,India,360.59,5.72
CUST00171,2024-03-01,2024-08-01,India,310.79,4.91
CUST00171,2024-03-01,2024-08-13,India,401.34,7.17
CUST00171,2024-03-01,2024-08-14,India,521.24,9.59
CUST00171,2024-03-01,2024-08-24,India,383.69,6.07
CUST00171,2024-03-01,2024-12-25,India,306.41,5.78
CUST00171,2024-03-01,2025-02-04,India,324.84,5.12
CUST00171,2024-03-01,2025-05-21,India,290.48,4.64
CUST00172,2024-06-01,2024-06-07,Nigeria,60.0,2.22
CUST00172,2024-06-01,2024-06-24,Nigeria,200.44,7.37
CUST00172,2024-06-01,2024-07-12,Nigeria,206.48,8.89
CUST00172,2024-06-01,2024-07-24,Nigeria,304.6,10.99
CUST00172,2024-06-01,2024-07-26,Nigeria,222.55,8.24
CUST00172,2024-06-01,2024-09-21,Nigeria,222.91,8.03
CUST00172,2024-06-01,2024-09-24,Nigeria,156.4,6.7
CUST00172,2024-06-01,2024-10-10,Nigeria,145.66,5.81
CUST00172,2024-06-01,2024-10-20,Nigeria,144.09,5.61
CUST00172,2024-06-01,2024-10-22,Nigeria,129.58,4.94
CUST00172,2024-06-01,2024-10-27,Nigeria,211.92,8.33
CUST00172,2024-06-01,2025-01-14,Nigeria,232.98,9.96
CUST00173,2024-06-01,2024-06-21,India,441.99,7.66
CUST00173,2024-06-01,2024-08-02,India,342.29,6.4
CUST00173,2024-06-01,2024-09-20,India,490.71,8.53
CUST00173,2024-06-01,2024-11-21,India,435.76,7.97
CUST00173,2024-06-01,2025-01-07,India,371.55,5.86
CUST00173,2024-06-01,2025-01-22,India,415.88,7.85
CUST00173,2024-06-01,2025-01-24,India,383.64,6.14
CUST00173,2024-06-01,2025-05-01,India,470.34,8.8
CUST00173,2024-06-01,2025-05-09,India,340.0,5.67
CUST00173,2024-06-01,2025-05-09,India,552.04,10.35
CUST00174,2024-10-01,2024-10-02,Nigeria,68.42,2.77
CUST00174,2024-10-01,2024-11-24,Nigeria,196.3,8.44
CUST00174,2024-10-01,2024-12-02,Nigeria,275.45,10.35
CUST00174,2024-10-01,2024-12-21,Nigeria,266.21,9.63
CUST00174,2024-10-01,2025-01-03,Nigeria,254.57,10.69
CUST00174,2024-10-01,2025-01-15,Nigeria,167.64,6.89
CUST00174,2024-10-01,2025-01-23,Nigeria,223.63,8.77
CUST00174,2024-10-01,2025-02-22,Nigeria,290.88,12.64
CUST00174,2024-10-01,2025-03-18,Nigeria,239.44,8.75
CUST00174,2024-10-01,2025-03-18,Nigeria,165.02,6.52
CUST00174,2024-10-01,2025-03-22,Nigeria,238.76,8.96
CUST00174,2024-10-01,2025-05-21,Nigeria,155.72,6.15
CUST00174,2024-10-01,2025-05-24,Nigeria,167.96,6.89
CUST00174,2024-10-01,2025-06-03,Nigeria,108.66,4.07
CUST00174,2024-10-01,2025-06-10,Nigeria,206.51,8.92
CUST00174,2024-10-01,2025-06-26,Nigeria,119.57,4.56
CUST00175,2024-06-01,2024-06-02,India,586.84,10.8
CUST00175,2024-06-01,2024-07-20,India,451.52,7.49
CUST00175,2024-06-01,2024-08-06,India,339.06,5.74
CUST00175,2024-06-01,2024-08-20,India,417.44,7.08
CUST00175,2024-06-01,2024-10-02,India,418.3,7.51
CUST00175,2024-06-01,2025-05-26,India,367.37,6.62
CUST00176,2024-05-01,2024-05-17,India,223.48,3.85
CUST00176,2024-05-01,2024-07-15,India,560.46,10.47
CUST00176,2024-05-01,2024-08-13,India,174.07,2.81
CUST00176,2024-05-01,2024-08-14,India,392.4,6.65
CUST00176,2024-05-01,2024-09-09,India,330.75,5.98
CUST00176,2024-05-01,2024-11-04,India,387.75,6.93
CUST00176,2024-05-01,2024-11-05,India,524.76,8.4
CUST00176,2024-05-01,2025-04-17,India,371.49,7.05
CUST00177,2024-05-01,2024-05-03,India,515.81,9.01
CUST00177,2024-05-01,2024-05-07,India,524.33,9.19
CUST00177,2024-05-01,2024-05-14,India,388.06,6.78
CUST00177,2024-05-01,2024-05-15,India,444.7,7.52
CUST00177,2024-05-01,2024-05-15,India,610.57,9.77
CUST00177,2024-05-01,2024-05-16,India,295.1,4.99
CUST00177,2024-05-01,2024-05-18,India,345.19,5.89
CUST00177,2024-05-01,2024-06-12,India,304.19,5.13
CUST00177,2024-05-01,2024-08-04,India,316.76,5.1
CUST00177,2024-05-01,2024-08-04,India,413.66,6.71
CUST00177,2024-05-01,2024-12-01,India,180.71,3.2
CUST00177,2024-05-01,2024-12-21,India,301.69,5.32
CUST00177,2024-05-01,2025-04-20,India,482.95,8.36
CUST00178,2024-12-01,2024-12-09,Nigeria,191.23,7.39
CUST00178,2024-12-01,2025-01-03,Nigeria,156.15,5.99
CUST00178,2024-12-01,2025-01-04,Nigeria,96.93,3.95
CUST00178,2024-12-01,2025-01-19,Nigeria,203.31,7.67
CUST00178,2024-12-01,2025-02-17,Nigeria,67.02,2.94
CUST00178,2024-12-01,2025-03-12,Nigeria,213.77,8.7
CUST00178,2024-12-01,2025-03-18,Nigeria,88.58,3.49
CUST00178,2024-12-01,2025-04-04,Nigeria,187.43,8.03
CUST00178,2024-12-01,2025-04-20,Nigeria,171.1,6.61
CUST00178,2024-12-01,2025-05-23,Nigeria,186.26,6.99
CUST00178,2024-12-01,2025-06-08,Nigeria,144.71,5.53
CUST00178,2024-12-01,2025-06-18,Nigeria,155.21,5.72
CUST00178,2024-12-01,2025-06-19,Nigeria,191.56,7.07
CUST00179,2024-04-01,2024-04-01,Nigeria,188.5,7.3
CUST00179,2024-04-01,2024-05-07,Nigeria,238.5,10.39
CUST00179,2024-04-01,2024-07-05,Nigeria,154.63,5.65
CUST00179,2024-04-01,2024-08-06,Nigeria,216.83,9.15
CUST00179,2024-04-01,2024-08-10,Nigeria,179.73,7.04
CUST00179,2024-04-01,2024-09-20,Nigeria,187.84,6.99
CUST00179,2024-04-01,2024-09-24,Nigeria,147.54,6.27
CUST00179,2024-04-01,2024-10-01,Nigeria,213.96,8.15
CUST00179,2024-04-01,2024-10-07,Nigeria,288.93,12.13
CUST00179,2024-04-01,2024-10-17,Nigeria,197.03,7.12
CUST00179,2024-04-01,2024-10-25,Nigeria,193.85,8.38
CUST00179,2024-04-01,2024-10-25,Nigeria,20.0,0.79
CUST00179,2024-04-01,2025-04-14,Nigeria,176.4,6.68
CUST00180,2024-04-01,2024-04-04,India,319.46,5.68
CUST00180,2024-04-01,2024-06-12,India,320.02,5.2
CUST00180,2024-04-01,2024-08-01,India,517.85,9.34
CUST00180,2024-04-01,2024-08-10,India,482.91,8.38
CUST00180,2024-04-01,2024-08-25,India,234.08,4.15
CUST00180,2024-04-01,2024-11-08,India,386.77,6.34
CUST00180,2024-04-01,2024-12-05,India,241.91,4.4
CUST00180,2024-04-01,2024-12-16,India,410.7,7.66
CUST00180,2024-04-01,2024-12-18,India,553.53,9.62
CUST00181,2024-03-01,2024-03-18,Nigeria,210.12,8.24
CUST00181,2024-03-01,2024-03-19,Nigeria,248.83,9.86
CUST00181,2024-03-01,2024-03-26,Nigeria,168.39,6.36
CUST00181,2024-03-01,2024-03-27,Nigeria,133.53,5.02
CUST00181,2024-03-01,2024-05-02,Nigeria,296.26,10.82
CUST00181,2024-03-01,2024-05-16,Nigeria,183.57,7.35
CUST00181,2024-03-01,2024-07-02,Nigeria,155.92,5.78
CUST00181,2024-03-01,2024-07-23,Nigeria,165.45,6.79
CUST00181,2024-03-01,2024-09-05,Nigeria,210.17,8.67
CUST00181,2024-03-01,2024-09-22,Nigeria,81.32,2.98
CUST00181,2024-03-01,2024-10-27,Nigeria,167.43,6.72
CUST00181,2024-03-01,2024-12-04,Nigeria,55.77,2.01
CUST00181,2024-03-01,2024-12-18,Nigeria,112.63,4.35
CUST00181,2024-03-01,2024-12-22,Nigeria,152.15,6.57
CUST00181,2024-03-01,2025-02-13,Nigeria,135.19,5.58
CUST00181,2024-03-01,2025-02-13,Nigeria,158.21,5.8
CUST00181,2024-03-01,2025-05-05,Nigeria,167.01,6.92
CUST00182,2024-04-01,2024-04-19,India,496.26,8.83
CUST00182,2024-04-01,2024-05-06,India,209.88,3.49
CUST00182,2024-04-01,2024-06-14,India,345.0,6.6
CUST00182,2024-04-01,2024-06-26,India,445.26,7.22
CUST00182,2024-04-01,2024-09-27,India,275.1,4.49
CUST00182,2024-04-01,2024-10-05,India,398.64,6.57
CUST00182,2024-04-01,2024-10-19,India,429.36,7.72
CUST00182,2024-04-01,2024-10-24,India,624.09,10.34
CUST00182,2024-04-01,2024-11-25,India,355.16,6.56
CUST00182,2024-04-01,2025-05-17,India,324.56,5.85
CUST00182,2024-04-01,2025-05-24,India,413.05,7.53
CUST00182,2024-04-01,2025-05-27,India,167.8,2.8
CUST00183,2024-02-01,2024-02-05,India,437.64,7.22
CUST00183,2024-02-01,2024-02-10,India,676.53,10.84
CUST00183,2024-02-01,2024-02-11,India,176.67,2.84
CUST00183,2024-02-01,2024-02-19,India,317.35,5.54
CUST00183,2024-02-01,2024-03-10,India,473.59,7.6
CUST00183,2024-02-01,2024-03-13,India,248.29,4.51
CUST00183,2024-02-01,2024-06-03,India,181.79,3.12
CUST00183,2024-02-01,2024-09-10,India,198.69,3.55
CUST00183,2024-02-01,2024-09-11,India,384.12,7.07
CUST00183,2024-02-01,2024-11-08,India,369.61,6.79
CUST00183,2024-02-01,2024-11-15,India,340.73,5.62
CUST00183,2024-02-01,2024-11-26,India,327.31,5.66
CUST00183,2024-02-01,2025-03-09,India,387.77,6.45
CUST00183,2024-02-01,2025-03-10,India,543.32,9.93
CUST00183,2024-02-01,2025-04-19,India,175.45,3.23
CUST00183,2024-02-01,2025-06-08,India,370.02,5.89
CUST00184,2024-03-01,2024-03-07,Nigeria,217.11,8.03
CUST00184,2024-03-01,2024-05-25,Nigeria,299.14,12.24
CUST00184,2024-03-01,2024-07-03,Nigeria,218.21,8.83
CUST00184,2024-03-01,2024-07-17,Nigeria,73.69,2.78
CUST00184,2024-03-01,2025-03-06,Nigeria,167.25,6.05
CUST00184,2024-03-01,2025-03-14,Nigeria,159.28,6.69
CUST00184,2024-03-01,2025-04-03,Nigeria,157.6,5.9
CUST00184,2024-03-01,2025-04-05,Nigeria,193.94,7.63
CUST00184,2024-03-01,2025-04-08,Nigeria,44.32,1.85
CUST00184,2024-03-01,2025-04-17,Nigeria,201.37,8.19
CUST00184,2024-03-01,2025-04-20,Nigeria,150.03,6.52
CUST00184,2024-03-01,2025-04-21,Nigeria,79.55,3.48
CUST00184,2024-03-01,2025-05-05,Nigeria,103.98,3.86
CUST00184,2024-03-01,2025-05-22,Nigeria,209.54,9.05
CUST00184,2024-03-01,2025-06-15,Nigeria,246.59,9.73
CUST00185,2024-03-01,2024-03-01,India,453.88,7.59
CUST00185,2024-03-01,2024-03-22,India,510.66,9.75
CUST00185,2024-03-01,2024-04-01,India,289.71,4.62
CUST00185,2024-03-01,2024-08-06,India,455.71,7.34
CUST00185,2024-03-01,2024-09-14,India,550.0,10.51
CUST00185,2024-03-01,2024-09-17,India,334.55,5.99
CUST00185,2024-03-01,2024-10-15,India,221.43,3.64
CUST00185,2024-03-01,2024-12-23,India,242.11,4.28
CUST00185,2024-03-01,2025-01-09,India,450.08,7.33
CUST00185,2024-03-01,2025-01-17,India,607.25,10.78
CUST00185,2024-03-01,2025-01-18,India,386.56,6.82
CUST00185,2024-03-01,2025-05-06,India,440.31,7.66
CUST00185,2024-03-01,2025-06-19,India,525.45,8.53
CUST00185,2024-03-01,2025-06-24,India,300.71,4.92
CUST00186,2024-07-01,2024-07-11,India,619.97,11.21
CUST00186,2024-07-01,2024-07-15,India,253.47,4.26
CUST00186,2024-07-01,2024-07-26,India,518.35,9.92
CUST00186,2024-07-01,2024-08-10,India,398.25,6.47
CUST00186,2024-07-01,2024-08-10,India,574.16,10.02
CUST00186,2024-07-01,2024-08-17,India,349.49,6.31
CUST00186,2024-07-01,2024-08-27,India,300.1,4.84
CUST00186,2024-07-01,2024-09-05,India,424.63,6.91
CUST00186,2024-07-01,2024-09-09,India,342.46,6.43
CUST00186,2024-07-01,2024-10-12,India,289.78,5.34
CUST00186,2024-07-01,2024-10-13,India,386.05,6.37
CUST00186,2024-07-01,2024-10-19,India,463.18,8.4
CUST00186,2024-07-01,2024-10-26,India,188.36,3.3
CUST00186,2024-07-01,2024-11-19,India,462.94,8.72
CUST00186,2024-07-01,2024-11-23,India,156.69,2.76
CUST00186,2024-07-01,2024-12-22,India,386.14,7.3
CUST00186,2024-07-01,2024-12-25,India,291.48,5.28
CUST00186,2024-07-01,2025-01-09,India,443.19,7.87
CUST00186,2024-07-01,2025-02-21,India,486.5,8.19
CUST00186,2024-07-01,2025-04-15,India,322.57,5.15
CUST00186,2024-07-01,2025-04-23,India,441.88,7.87
CUST00187,2024-10-01,2024-10-14,Nigeria,199.76,8.34
CUST00187,2024-10-01,2024-11-17,Nigeria,124.86,5.22
CUST00187,2024-10-01,2024-12-08,Nigeria,225.47,8.33
CUST00187,2024-10-01,2025-01-01,Nigeria,163.57,6.39
CUST00187,2024-10-01,2025-01-02,Nigeria,179.39,7.28
CUST00187,2024-10-01,2025-01-16,Nigeria,196.9,7.12
CUST00188,2024-07-01,2024-07-15,India,441.36,7.59
CUST00188,2024-07-01,2024-08-07,India,329.7,5.82
CUST00188,2024-07-01,2024-09-09,India,176.0,2.8
CUST00188,2024-07-01,2024-09-10,India,359.22,6.03
CUST00188,2024-07-01,2024-09-17,India,295.91,5.41
CUST00188,2024-07-01,2024-09-22,India,189.45,3.57
CUST00188,2024-07-01,2024-09-23,India,327.48,5.45
CUST00188,2024-07-01,2024-10-01,India,408.65,7.84
CUST00188,2024-07-01,2024-10-08,India,538.29,9.28
CUST00188,2024-07-01,2024-10-14,India,227.14,3.7
CUST00188,2024-07-01,2024-12-19,India,188.95,3.0
CUST00188,2024-07-01,2025-02-04,India,453.53,8.27
CUST00188,2024-07-01,2025-04-08,India,268.77,5.04
CUST00188,2024-07-01,2025-05-08,India,375.45,6.14
CUST00188,2024-07-01,2025-05-10,India,581.56,10.57
CUST00188,2024-07-01,2025-05-15,India,388.9,6.53
CUST00189,2024-12-01,2024-12-22,India,193.81,3.22
CUST00189,2024-12-01,2025-04-16,India,459.59,7.77
CUST00190,2024-10-01,2024-10-01,Nigeria,157.23,6.39
CUST00190,2024-10-01,2024-10-07,Nigeria,172.21,6.32
CUST00190,2024-10-01,2024-10-13,Nigeria,99.21,4.09
CUST00190,2024-10-01,2024-11-03,Nigeria,197.8,7.23
CUST00190,2024-10-01,2025-01-23,Nigeria,248.85,9.01
CUST00190,2024-10-01,2025-02-07,Nigeria,54.3,2.37
CUST00190,2024-10-01,2025-02-11,Nigeria,65.09,2.38
CUST00190,2024-10-01,2025-02-27,Nigeria,158.31,5.84
CUST00191,2024-02-01,2024-02-04,India,309.83,4.97
CUST00191,2024-02-01,2024-03-06,India,167.93,3.18
CUST00191,2024-02-01,2024-04-26,India,545.6,9.62
CUST00191,2024-02-01,2024-04-26,India,404.08,6.63
CUST00191,2024-02-01,2024-05-19,India,484.97,8.13
CUST00191,2024-02-01,2024-05-22,India,461.67,8.5
CUST00191,2024-02-01,2024-06-06,India,490.88,9.22
CUST00191,2024-02-01,2024-09-11,India,153.35,2.61
CUST00191,2024-02-01,2024-09-15,India,583.63,10.93
CUST00191,2024-02-01,2025-01-19,India,506.75,8.24
CUST00191,2024-02-01,2025-01-26,India,618.8,10.25
CUST00191,2024-02-01,2025-06-19,India,427.7,8.14
CUST00192,2024-06-01,2024-06-04,Nigeria,235.43,9.55
CUST00192,2024-06-01,2024-06-18,Nigeria,171.45,6.49
CUST00192,2024-06-01,2024-07-04,Nigeria,191.84,8.4
CUST00192,2024-06-01,2024-07-10,Nigeria,209.2,7.93
CUST00192,2024-06-01,2024-10-08,Nigeria,143.82,5.69
CUST00192,2024-06-01,2024-10-11,Nigeria,122.85,4.68
CUST00192,2024-06-01,2024-10-16,Nigeria,158.29,6.34
CUST00192,2024-06-01,2024-11-20,Nigeria,139.1,5.05
CUST00192,2024-06-01,2024-12-04,Nigeria,211.44,7.65
CUST00192,2024-06-01,2025-04-24,Nigeria,185.56,7.3
CUST00193,2024-08-01,2024-08-06,Nigeria,99.74,4.04
CUST00193,2024-08-01,2024-11-18,Nigeria,216.73,9.44
CUST00193,2024-08-01,2025-02-04,Nigeria,213.28,7.92
CUST00193,2024-08-01,2025-02-10,Nigeria,90.76,3.66
CUST00193,2024-08-01,2025-02-14,Nigeria,127.34,5.06
CUST00193,2024-08-01,2025-02-16,Nigeria,185.23,7.58
CUST00193,2024-08-01,2025-05-19,Nigeria,174.29,7.51
CUST00194,2024-01-01,2024-01-04,Nigeria,95.28,3.68
CUST00194,2024-01-01,2024-01-06,Nigeria,66.48,2.57
CUST00194,2024-01-01,2024-03-17,Nigeria,176.27,6.6
CUST00194,2024-01-01,2024-08-08,Nigeria,245.85,9.96
CUST00194,2024-01-01,2024-09-16,Nigeria,109.68,4.27
CUST00194,2024-01-01,2024-11-15,Nigeria,117.64,4.59
CUST00194,2024-01-01,2024-11-18,Nigeria,127.9,4.99
CUST00194,2024-01-01,2024-12-06,Nigeria,239.75,10.14
CUST00194,2024-01-01,2025-03-06,Nigeria,322.11,13.23
CUST00195,2024-07-01,2024-07-20,Nigeria,202.45,8.35
CUST00195,2024-07-01,2024-08-01,Nigeria,222.12,9.66
CUST00195,2024-07-01,2024-09-09,Nigeria,107.38,4.27
CUST00195,2024-07-01,2024-09-26,Nigeria,265.69,10.77
CUST00195,2024-07-01,2024-10-04,Nigeria,175.13,6.41
CUST00195,2024-07-01,2024-10-09,Nigeria,213.69,8.87
CUST00195,2024-07-01,2024-10-27,Nigeria,230.12,9.58
CUST00195,2024-07-01,2024-10-27,Nigeria,151.97,5.94
CUST00195,2024-07-01,2024-12-10,Nigeria,190.97,7.47
CUST00195,2024-07-01,2025-02-10,Nigeria,68.78,2.59
CUST00195,2024-07-01,2025-02-21,Nigeria,224.26,9.54
CUST00195,2024-07-01,2025-02-25,Nigeria,132.63,5.72
CUST00195,2024-07-01,2025-03-06,Nigeria,172.61,6.24
CUST00195,2024-07-01,2025-03-07,Nigeria,323.65,11.82
CUST00195,2024-07-01,2025-04-03,Nigeria,127.01,4.92
CUST00195,2024-07-01,2025-04-16,Nigeria,173.23,6.97
CUST00195,2024-07-01,2025-04-18,Nigeria,249.58,10.04
CUST00196,2024-05-01,2024-05-02,Nigeria,204.63,7.38
CUST00196,2024-05-01,2024-05-04,Nigeria,164.8,6.69
CUST00196,2024-05-01,2024-07-09,Nigeria,135.49,4.91
CUST00196,2024-05-01,2024-07-14,Nigeria,148.62,5.88
CUST00196,2024-05-01,2024-07-19,Nigeria,226.15,9.85
CUST00196,2024-05-01,2024-08-04,Nigeria,83.15,3.61
CUST00196,2024-05-01,2024-08-09,Nigeria,264.26,10.22
CUST00196,2024-05-01,2024-08-12,Nigeria,194.71,7.32
CUST00196,2024-05-01,2024-08-26,Nigeria,325.74,14.26
CUST00196,2024-05-01,2024-09-04,Nigeria,203.06,7.45
CUST00196,2024-05-01,2024-09-05,Nigeria,128.99,5.54
CUST00196,2024-05-01,2024-09-11,Nigeria,209.26,8.04
CUST00196,2024-05-01,2024-09-13,Nigeria,74.7,2.94
CUST00196,2024-05-01,2024-09-25,Nigeria,85.37,3.39
CUST00196,2024-05-01,2024-10-01,Nigeria,206.26,8.52
CUST00196,2024-05-01,2025-01-05,Nigeria,197.76,7.42
CUST00196,2024-05-01,2025-01-13,Nigeria,157.34,6.16
CUST00196,2024-05-01,2025-01-18,Nigeria,210.87,7.68
CUST00196,2024-05-01,2025-04-12,Nigeria,182.77,7.37
CUST00196,2024-05-01,2025-04-20,Nigeria,185.79,8.09
CUST00196,2024-05-01,2025-04-27,Nigeria,224.94,9.16
CUST00196,2024-05-01,2025-05-02,Nigeria,239.99,10.38
CUST00196,2024-05-01,2025-05-16,Nigeria,153.9,6.67
CUST00196,2024-05-01,2025-05-20,Nigeria,133.98,4.85
CUST00196,2024-05-01,2025-05-23,Nigeria,91.32,3.4
CUST00196,2024-05-01,2025-06-01,Nigeria,95.38,3.55
CUST00196,2024-05-01,2025-06-10,Nigeria,172.27,6.88
CUST00197,2024-07-01,2024-07-09,India,338.6,6.22
CUST00197,2024-07-01,2024-10-07,India,459.16,8.01
CUST00197,2024-07-01,2024-10-07,India,510.86,8.78
CUST00197,2024-07-01,2024-10-27,India,412.84,7.76
CUST00197,2024-07-01,2025-03-06,India,247.92,4.46
CUST00197,2024-07-01,2025-03-11,India,238.61,4.05
CUST00197,2024-07-01,2025-03-12,India,326.69,5.88
CUST00197,2024-07-01,2025-03-26,India,462.65,7.46
CUST00198,2024-10-01,2024-10-13,India,517.53,9.16
CUST00198,2024-10-01,2024-11-11,India,648.87,10.72
CUST00198,2024-10-01,2025-01-09,India,348.95,6.68
CUST00198,2024-10-01,2025-01-14,India,320.35,5.19
CUST00198,2024-10-01,2025-04-07,India,557.14,9.12
CUST00199,2024-05-01,2024-05-10,India,320.07,5.95
CUST00199,2024-05-01,2024-05-15,India,387.52,6.33
CUST00199,2024-05-01,2024-06-01,India,20.0,0.35
CUST00199,2024-05-01,2024-06-06,India,261.11,4.62
CUST00199,2024-05-01,2024-07-09,India,313.67,5.55
CUST00199,2024-05-01,2024-07-20,India,372.3,6.27
CUST00199,2024-05-01,2024-07-27,India,308.56,5.84
CUST00199,2024-05-01,2024-12-14,India,314.1,5.32
CUST00199,2024-05-01,2025-01-01,India,355.14,6.76
CUST00199,2024-05-01,2025-01-04,India,308.66,5.01
CUST00199,2024-05-01,2025-01-15,India,334.25,6.03
CUST00199,2024-05-01,2025-03-01,India,333.62,5.63
CUST00199,2024-05-01,2025-03-11,India,355.44,5.91
CUST00199,2024-05-01,2025-04-19,India,362.04,5.72
CUST00199,2024-05-01,2025-06-08,India,219.56,3.48
CUST00199,2024-05-01,2025-06-10,India,221.63,3.69
CUST00199,2024-05-01,2025-06-12,India,414.93,7.72
CUST00200,2024-12-01,2024-12-13,India,550.29,10.19
CUST00200,2024-12-01,2025-01-22,India,146.05,2.45
CUST00200,2024-12-01,2025-02-20,India,479.87,9.23
CUST00200,2024-12-01,2025-02-21,India,251.33,4.18
CUST00200,2024-12-01,2025-02-23,India,389.94,7.38
CUST00200,2024-12-01,2025-05-03,India,335.07,5.82
CUST00200,2024-12-01,2025-05-14,India,436.8,7.34
CUST00200,2024-12-01,2025-05-16,India,298.76,5.55
CUST00200,2024-12-01,2025-06-26,India,370.1,6.67
CUST00201,2024-01-01,2024-01-09,India,175.38,3.15
CUST00201,2024-01-01,2024-05-01,India,713.82,12.92
CUST00201,2024-01-01,2024-07-03,India,475.43,7.7
CUST00201,2024-01-01,2024-08-19,India,472.67,7.65
CUST00201,2024-01-01,2024-09-02,India,318.4,5.6
CUST00201,2024-01-01,2024-09-25,India,443.62,7.14
CUST00201,2024-01-01,2024-09-27,India,327.52,5.48
CUST00201,2024-01-01,2024-10-24,India,318.02,5.38
CUST00201,2024-01-01,2024-12-13,India,463.84,8.58
CUST00201,2024-01-01,2025-01-19,India,263.3,4.58
CUST00201,2024-01-01,2025-01-21,India,271.71,4.67
CUST00202,2024-04-01,2024-04-11,India,426.67,6.9
CUST00202,2024-04-01,2024-04-16,India,410.77,6.54
CUST00202,2024-04-01,2024-08-01,India,399.93,7.49
CUST00202,2024-04-01,2024-08-02,India,613.78,9.77
CUST00202,2024-04-01,2024-09-05,India,289.59,4.95
CUST00202,2024-04-01,2024-09-21,India,521.29,9.03
CUST00202,2024-04-01,2025-02-02,India,261.33,4.28
CUST00202,2024-04-01,2025-02-16,India,460.52,7.75
CUST00203,2024-10-01,2024-10-13,Nigeria,255.94,9.26
CUST00203,2024-10-01,2024-12-19,Nigeria,227.49,8.35
CUST00203,2024-10-01,2025-01-09,Nigeria,130.5,5.08
CUST00203,2024-10-01,2025-02-01,Nigeria,252.68,9.55
CUST00203,2024-10-01,2025-02-02,Nigeria,185.97,7.8
CUST00203,2024-10-01,2025-02-15,Nigeria,93.44,3.77
CUST00203,2024-10-01,2025-05-14,Nigeria,166.08,7.1
CUST00203,2024-10-01,2025-06-08,Nigeria,189.84,7.12
CUST00203,2024-10-01,2025-06-19,Nigeria,169.21,7.23
CUST00204,2024-05-01,2024-05-08,India,382.57,7.08
CUST00204,2024-05-01,2024-05-10,India,290.88,4.87
CUST00204,2024-05-01,2024-05-22,India,169.12,3.02
CUST00204,2024-05-01,2024-07-14,India,449.56,7.78
CUST00204,2024-05-01,2024-07-15,India,486.47,8.24
CUST00204,2024-05-01,2024-07-15,India,510.03,8.41
CUST00204,2024-05-01,2024-08-19,India,391.73,6.47
CUST00204,2024-05-01,2024-09-17,India,657.62,11.48
CUST00204,2024-05-01,2024-11-09,India,284.03,4.76
CUST00204,2024-05-01,2024-12-25,India,573.72,10.71
CUST00204,2024-05-01,2025-02-17,India,126.57,2.4
CUST00204,2024-05-01,2025-03-13,India,213.07,3.37
CUST00205,2024-01-01,2024-01-19,India,407.05,7.09
CUST00205,2024-01-01,2024-02-15,India,406.26,7.72
CUST00205,2024-01-01,2024-02-18,India,310.22,5.23
CUST00205,2024-01-01,2024-02-22,India,168.03,3.15
CUST00205,2024-01-01,2024-03-24,India,505.54,9.68
CUST00205,2024-01-01,2024-03-26,India,356.86,6.55
CUST00205,2024-01-01,2024-05-14,India,438.5,8.4
CUST00205,2024-01-01,2024-05-16,India,219.26,3.55
CUST00205,2024-01-01,2024-10-06,India,584.49,9.24
CUST00205,2024-01-01,2024-11-21,India,423.51,6.95
CUST00205,2024-01-01,2025-01-11,India,519.52,9.98
CUST00205,2024-01-01,2025-02-05,India,246.62,4.73
CUST00205,2024-01-01,2025-03-13,India,385.63,6.45
CUST00205,2024-01-01,2025-04-08,India,323.62,5.52
CUST00205,2024-01-01,2025-06-09,India,418.24,7.34
CUST00205,2024-01-01,2025-06-09,India,495.59,9.41
CUST00205,2024-01-01,2025-06-16,India,227.54,3.7
CUST00206,2024-05-01,2024-05-26,India,442.13,8.25
CUST00206,2024-05-01,2024-06-02,India,459.71,7.78
CUST00206,2024-05-01,2024-06-20,India,299.99,4.82
CUST00206,2024-05-01,2024-08-24,India,416.67,7.69
CUST00206,2024-05-01,2024-09-03,India,145.71,2.41
CUST00206,2024-05-01,2024-09-11,India,346.39,6.64
CUST00206,2024-05-01,2024-09-21,India,360.75,5.8
CUST00206,2024-05-01,2024-09-25,India,474.89,8.2
CUST00206,2024-05-01,2025-01-12,India,434.01,7.94
CUST00206,2024-05-01,2025-01-13,India,309.25,5.11
CUST00206,2024-05-01,2025-02-13,India,633.5,10.03
CUST00206,2024-05-01,2025-02-14,India,305.42,5.73
CUST00206,2024-05-01,2025-03-12,India,387.22,6.28
CUST00207,2024-10-01,2024-10-02,Nigeria,238.11,8.59
CUST00207,2024-10-01,2024-10-09,Nigeria,118.38,4.81
CUST00207,2024-10-01,2024-10-13,Nigeria,190.89,7.58
CUST00207,2024-10-01,2024-10-22,Nigeria,174.34,6.99
CUST00207,2024-10-01,2024-10-27,Nigeria,250.5,9.65
CUST00207,2024-10-01,2024-11-04,Nigeria,257.84,10.97
CUST00207,2024-10-01,2024-11-06,Nigeria,172.11,7.34
CUST00207,2024-10-01,2024-11-08,Nigeria,175.24,6.71
CUST00207,2024-10-01,2024-12-11,Nigeria,131.77,5.62
CUST00207,2024-10-01,2024-12-13,Nigeria,161.72,6.47
CUST00207,2024-10-01,2025-01-01,Nigeria,217.23,9.02
CUST00207,2024-10-01,2025-02-13,Nigeria,228.54,9.27
CUST00207,2024-10-01,2025-02-17,Nigeria,196.86,8.17
CUST00207,2024-10-01,2025-04-05,Nigeria,226.54,9.42
CUST00207,2024-10-01,2025-04-15,Nigeria,222.5,9.46
CUST00207,2024-10-01,2025-04-18,Nigeria,131.51,5.42
CUST00207,2024-10-01,2025-04-22,Nigeria,208.82,8.24
CUST00207,2024-10-01,2025-05-08,Nigeria,112.8,4.08
CUST00207,2024-10-01,2025-05-09,Nigeria,278.56,11.0
CUST00207,2024-10-01,2025-05-13,Nigeria,199.21,7.41
CUST00207,2024-10-01,2025-05-14,Nigeria,172.85,7.39
CUST00207,2024-10-01,2025-05-20,Nigeria,189.46,6.88
CUST00208,2024-04-01,2024-04-21,India,331.97,6.26
CUST00208,2024-04-01,2024-04-26,India,430.52,6.99
CUST00208,2024-04-01,2024-05-08,India,575.37,9.98
CUST00208,2024-04-01,2024-05-14,India,453.39,8.22
CUST00208,2024-04-01,2024-06-07,India,443.66,7.68
CUST00208,2024-04-01,2024-06-16,India,487.62,7.9
CUST00208,2024-04-01,2024-09-03,India,322.37,6.15
CUST00208,2024-04-01,2024-09-19,India,193.15,3.71
CUST00208,2024-04-01,2025-05-09,India,500.41,9.24
CUST00208,2024-04-01,2025-05-10,India,546.78,10.2
CUST00209,2024-10-01,2024-10-20,Nigeria,125.81,5.04
CUST00209,2024-10-01,2024-11-16,Nigeria,222.83,8.56
CUST00209,2024-10-01,2025-01-11,Nigeria,104.37,3.79
CUST00209,2024-10-01,2025-02-16,Nigeria,306.06,12.82
CUST00209,2024-10-01,2025-02-20,Nigeria,114.95,4.19
CUST00209,2024-10-01,2025-02-26,Nigeria,206.42,8.35
CUST00209,2024-10-01,2025-03-26,Nigeria,245.6,9.59
CUST00209,2024-10-01,2025-06-16,Nigeria,146.39,5.68
CUST00210,2024-10-01,2024-10-11,India,138.28,2.53
CUST00210,2024-10-01,2024-11-18,India,342.65,6.4
CUST00210,2024-10-01,2024-12-26,India,437.41,7.65
CUST00210,2024-10-01,2025-01-06,India,407.67,7.18
CUST00210,2024-10-01,2025-01-20,India,354.75,5.83
CUST00210,2024-10-01,2025-02-18,India,452.62,8.06
CUST00210,2024-10-01,2025-02-18,India,501.25,9.31
CUST00210,2024-10-01,2025-02-19,India,343.35,6.04
CUST00210,2024-10-01,2025-02-22,India,346.37,6.38
CUST00210,2024-10-01,2025-03-09,India,338.96,5.39
CUST00210,2024-10-01,2025-03-18,India,395.65,7.6
CUST00210,2024-10-01,2025-05-08,India,455.7,7.69
CUST00210,2024-10-01,2025-05-25,India,214.26,3.95
CUST00210,2024-10-01,2025-06-07,India,369.92,6.72
CUST00211,2024-08-01,2024-08-17,Nigeria,169.71,6.97
CUST00211,2024-08-01,2024-11-01,Nigeria,124.31,4.85
CUST00211,2024-08-01,2024-12-21,Nigeria,202.27,7.38
CUST00211,2024-08-01,2024-12-22,Nigeria,246.38,10.25
CUST00211,2024-08-01,2025-01-02,Nigeria,181.09,6.85
CUST00211,2024-08-01,2025-03-06,Nigeria,199.23,8.26
CUST00211,2024-08-01,2025-03-24,Nigeria,230.39,10.08
CUST00211,2024-08-01,2025-03-27,Nigeria,55.64,2.26
CUST00212,2024-04-01,2024-04-24,Nigeria,187.97,6.83
CUST00212,2024-04-01,2024-06-01,Nigeria,232.27,8.7
CUST00212,2024-04-01,2024-06-12,Nigeria,111.11,4.38
CUST00212,2024-04-01,2024-08-08,Nigeria,159.54,5.91
CUST00212,2024-04-01,2024-08-18,Nigeria,159.78,6.37
CUST00212,2024-04-01,2024-09-06,Nigeria,146.22,5.37
CUST00212,2024-04-01,2024-09-17,Nigeria,174.28,7.47
CUST00212,2024-04-01,2025-06-20,Nigeria,142.69,5.72
CUST00213,2024-07-01,2024-07-11,Nigeria,78.14,3.24
CUST00213,2024-07-01,2024-07-13,Nigeria,218.85,9.43
CUST00213,2024-07-01,2024-07-20,Nigeria,161.75,6.58
CUST00213,2024-07-01,2024-08-08,Nigeria,100.88,3.79
CUST00213,2024-07-01,2024-08-15,Nigeria,245.22,9.2
CUST00213,2024-07-01,2024-09-07,Nigeria,155.43,5.9
CUST00213,2024-07-01,2024-11-22,Nigeria,228.0,9.64
CUST00213,2024-07-01,2024-12-12,Nigeria,154.08,6.58
CUST00213,2024-07-01,2024-12-13,Nigeria,131.63,5.62
CUST00213,2024-07-01,2024-12-15,Nigeria,160.68,6.94
CUST00213,2024-07-01,2024-12-16,Nigeria,180.9,7.21
CUST00213,2024-07-01,2025-02-10,Nigeria,152.31,6.6
CUST00213,2024-07-01,2025-04-15,Nigeria,149.3,5.58
CUST00213,2024-07-01,2025-04-16,Nigeria,184.64,7.8
CUST00213,2024-07-01,2025-05-10,Nigeria,142.1,5.93
CUST00213,2024-07-01,2025-06-11,Nigeria,187.76,7.94
CUST00214,2024-12-01,2024-12-07,Nigeria,160.05,6.84
CUST00214,2024-12-01,2025-01-07,Nigeria,213.87,9.4
CUST00214,2024-12-01,2025-01-10,Nigeria,110.29,4.49
CUST00214,2024-12-01,2025-02-11,Nigeria,167.23,6.09
CUST00214,2024-12-01,2025-02-20,Nigeria,75.87,2.77
CUST00214,2024-12-01,2025-03-14,Nigeria,136.81,5.97
CUST00214,2024-12-01,2025-05-20,Nigeria,219.8,9.55
CUST00214,2024-12-01,2025-05-25,Nigeria,173.87,7.53
CUST00215,2024-11-01,2024-11-09,Nigeria,336.15,13.92
CUST00215,2024-11-01,2025-01-08,Nigeria,280.29,11.3
CUST00215,2024-11-01,2025-01-15,Nigeria,190.91,7.57
CUST00215,2024-11-01,2025-01-21,Nigeria,173.53,7.43
CUST00215,2024-11-01,2025-01-23,Nigeria,83.29,3.33
CUST00215,2024-11-01,2025-02-02,Nigeria,205.76,7.51
CUST00215,2024-11-01,2025-02-07,Nigeria,358.06,14.93
CUST00215,2024-11-01,2025-02-15,Nigeria,168.29,6.82
CUST00215,2024-11-01,2025-02-22,Nigeria,184.51,8.01
CUST00215,2024-11-01,2025-05-09,Nigeria,92.65,3.91
CUST00215,2024-11-01,2025-05-17,Nigeria,248.82,10.74
CUST00215,2024-11-01,2025-05-19,Nigeria,176.11,7.22
CUST00216,2024-12-01,2024-12-05,India,632.45,10.64
CUST00216,2024-12-01,2025-01-23,India,319.04,5.23
CUST00216,2024-12-01,2025-01-23,India,477.78,9.05
CUST00216,2024-12-01,2025-03-01,India,481.13,8.71
CUST00216,2024-12-01,2025-03-16,India,315.35,5.71
CUST00216,2024-12-01,2025-05-12,India,336.18,5.66
CUST00216,2024-12-01,2025-05-18,India,382.0,6.46
CUST00216,2024-12-01,2025-05-22,India,319.75,5.58
CUST00216,2024-12-01,2025-06-17,India,447.6,7.76
CUST00217,2024-12-01,2024-12-03,India,407.25,6.73
CUST00217,2024-12-01,2024-12-11,India,395.0,7.0
CUST00217,2024-12-01,2025-02-05,India,433.73,6.93
CUST00217,2024-12-01,2025-02-25,India,216.83,3.97
CUST00217,2024-12-01,2025-04-08,India,350.94,6.23
CUST00217,2024-12-01,2025-04-14,India,507.4,8.37
CUST00217,2024-12-01,2025-05-18,India,277.06,5.1
CUST00217,2024-12-01,2025-05-23,India,514.95,8.46
CUST00217,2024-12-01,2025-06-12,India,527.28,8.37
CUST00217,2024-12-01,2025-06-19,India,340.36,5.38
CUST00218,2024-03-01,2024-03-09,Nigeria,179.42,6.58
CUST00218,2024-03-01,2024-04-09,Nigeria,222.34,9.01
CUST00218,2024-03-01,2024-05-06,Nigeria,188.09,7.36
CUST00218,2024-03-01,2024-05-12,Nigeria,106.47,3.84
CUST00218,2024-03-01,2024-06-23,Nigeria,232.38,9.21
CUST00218,2024-03-01,2024-08-07,Nigeria,216.54,9.39
CUST00218,2024-03-01,2024-09-15,Nigeria,283.7,11.52
CUST00218,2024-03-01,2024-09-20,Nigeria,185.7,7.78
CUST00218,2024-03-01,2024-10-14,Nigeria,131.15,4.98
CUST00218,2024-03-01,2025-02-04,Nigeria,135.02,5.39
CUST00218,2024-03-01,2025-02-04,Nigeria,77.33,3.27
CUST00218,2024-03-01,2025-02-05,Nigeria,200.75,7.94
CUST00218,2024-03-01,2025-02-15,Nigeria,215.41,9.34
CUST00218,2024-03-01,2025-02-26,Nigeria,76.99,2.8
CUST00218,2024-03-01,2025-03-06,Nigeria,68.03,2.67
CUST00218,2024-03-01,2025-03-07,Nigeria,91.9,3.43
CUST00218,2024-03-01,2025-03-09,Nigeria,199.18,7.42
CUST00218,2024-03-01,2025-03-12,Nigeria,206.95,7.62
CUST00218,2024-03-01,2025-03-21,Nigeria,134.38,5.11
CUST00218,2024-03-01,2025-04-06,Nigeria,177.88,6.61
CUST00218,2024-03-01,2025-04-23,Nigeria,286.31,11.48
CUST00219,2024-12-01,2024-12-08,India,213.92,3.78
CUST00219,2024-12-01,2024-12-25,India,95.28,1.81
CUST00219,2024-12-01,2025-06-24,India,370.64,6.5
CUST00219,2024-12-01,2025-06-25,India,362.54,5.75
CUST00219,2024-12-01,2025-06-27,India,406.94,7.21
CUST00220,2024-01-01,2024-01-15,Nigeria,111.95,4.86
CUST00220,2024-01-01,2024-02-04,Nigeria,152.45,6.08
CUST00220,2024-01-01,2024-02-11,Nigeria,169.49,7.02
CUST00220,2024-01-01,2024-03-01,Nigeria,244.65,8.82
CUST00220,2024-01-01,2024-03-17,Nigeria,226.56,9.01
CUST00220,2024-01-01,2024-04-02,Nigeria,114.03,4.51
CUST00220,2024-01-01,2024-05-02,Nigeria,160.72,5.98
CUST00220,2024-01-01,2024-05-14,Nigeria,136.47,4.95
CUST00220,2024-01-01,2024-05-16,Nigeria,212.26,8.78
CUST00220,2024-01-01,2024-06-26,Nigeria,177.54,7.46
CUST00220,2024-01-01,2024-08-23,Nigeria,193.67,7.52
CUST00220,2024-01-01,2024-09-18,Nigeria,148.32,5.43
CUST00220,2024-01-01,2024-10-15,Nigeria,189.17,7.33
CUST00220,2024-01-01,2024-10-16,Nigeria,117.24,4.64
CUST00220,2024-01-01,2024-11-07,Nigeria,174.85,6.33
CUST00220,2024-01-01,2024-11-24,Nigeria,64.21,2.6
CUST00220,2024-01-01,2025-01-13,Nigeria,188.8,6.99
CUST00220,2024-01-01,2025-05-10,Nigeria,160.43,6.0
CUST00220,2024-01-01,2025-05-22,Nigeria,87.78,3.63
CUST00221,2024-11-01,2024-11-17,India,295.66,5.32
CUST00221,2024-11-01,2025-01-11,India,411.34,6.87
CUST00221,2024-11-01,2025-01-14,India,334.89,5.31
CUST00221,2024-11-01,2025-06-06,India,584.95,9.98
CUST00221,2024-11-01,2025-06-08,India,275.61,4.46
CUST00221,2024-11-01,2025-06-15,India,148.13,2.56
CUST00221,2024-11-01,2025-06-19,India,514.51,9.01
CUST00221,2024-11-01,2025-06-21,India,206.06,3.49
CUST00222,2024-12-01,2024-12-25,India,523.83,9.69
CUST00222,2024-12-01,2024-12-25,India,379.55,7.05
CUST00222,2024-12-01,2025-01-27,India,392.92,6.59
CUST00223,2024-02-01,2024-02-03,India,264.08,4.39
CUST00223,2024-02-01,2024-03-22,India,282.54,4.54
CUST00223,2024-02-01,2024-03-22,India,59.88,0.98
CUST00223,2024-02-01,2024-04-03,India,485.99,8.58
CUST00223,2024-02-01,2024-04-12,India,389.28,7.3
CUST00223,2024-02-01,2024-05-04,India,486.71,8.12
CUST00223,2024-02-01,2024-05-20,India,331.26,6.18
CUST00223,2024-02-01,2024-07-03,India,520.98,9.01
CUST00223,2024-02-01,2024-07-20,India,266.36,5.11
CUST00223,2024-02-01,2024-08-07,India,441.71,7.36
CUST00223,2024-02-01,2024-08-15,India,154.52,2.82
CUST00223,2024-02-01,2024-12-04,India,495.94,8.81
CUST00223,2024-02-01,2024-12-09,India,317.74,5.63
CUST00223,2024-02-01,2024-12-10,India,438.95,8.35
CUST00223,2024-02-01,2024-12-25,India,272.04,4.87
CUST00223,2024-02-01,2025-02-22,India,311.28,5.16
CUST00223,2024-02-01,2025-05-21,India,368.24,6.49
CUST00224,2024-02-01,2024-02-05,Nigeria,93.43,3.85
CUST00224,2024-02-01,2024-02-15,Nigeria,192.56,7.27
CUST00224,2024-02-01,2024-02-15,Nigeria,188.96,7.4
CUST00224,2024-02-01,2024-02-19,Nigeria,228.59,9.78
CUST00224,2024-02-01,2024-02-25,Nigeria,243.31,10.67
CUST00224,2024-02-01,2024-03-01,Nigeria,128.94,4.65
CUST00224,2024-02-01,2024-03-04,Nigeria,209.77,8.87
CUST00224,2024-02-01,2024-03-17,Nigeria,210.04,8.05
CUST00224,2024-02-01,2024-06-02,Nigeria,111.77,4.84
CUST00224,2024-02-01,2024-06-09,Nigeria,268.97,10.28
CUST00224,2024-02-01,2024-07-12,Nigeria,104.88,3.8
CUST00224,2024-02-01,2024-07-24,Nigeria,210.64,8.37
CUST00224,2024-02-01,2024-10-19,Nigeria,105.41,4.32
CUST00224,2024-02-01,2024-11-06,Nigeria,91.34,3.75
CUST00224,2024-02-01,2024-11-23,Nigeria,173.16,6.79
CUST00224,2024-02-01,2024-11-25,Nigeria,189.91,7.32
CUST00224,2024-02-01,2024-12-09,Nigeria,212.05,8.83
CUST00224,2024-02-01,2024-12-19,Nigeria,227.99,8.57
CUST00224,2024-02-01,2024-12-25,Nigeria,179.33,7.03
CUST00225,2024-01-01,2024-01-21,Nigeria,190.16,7.28
CUST00225,2024-01-01,2024-01-27,Nigeria,111.83,4.35
CUST00225,2024-01-01,2024-02-11,Nigeria,215.42,8.16
CUST00225,2024-01-01,2024-02-26,Nigeria,248.23,10.39
CUST00225,2024-01-01,2024-02-26,Nigeria,187.83,7.3
CUST00225,2024-01-01,2024-05-06,Nigeria,101.33,4.04
CUST00225,2024-01-01,2024-06-12,Nigeria,133.63,4.88
CUST00225,2024-01-01,2024-06-13,Nigeria,193.54,7.22
CUST00225,2024-01-01,2024-08-13,Nigeria,282.91,11.22
CUST00225,2024-01-01,2024-08-16,Nigeria,51.42,1.86
CUST00225,2024-01-01,2024-08-17,Nigeria,220.88,9.64
CUST00225,2024-01-01,2024-08-20,Nigeria,222.27,9.23
CUST00225,2024-01-01,2024-09-10,Nigeria,179.81,7.3
CUST00225,2024-01-01,2024-10-10,Nigeria,193.38,8.38
CUST00225,2024-01-01,2024-10-20,Nigeria,204.55,7.97
CUST00225,2024-01-01,2024-11-10,Nigeria,154.44,5.65
CUST00225,2024-01-01,2024-11-12,Nigeria,180.92,6.63
CUST00225,2024-01-01,2024-11-18,Nigeria,303.44,12.41
CUST00225,2024-01-01,2024-11-20,Nigeria,133.61,5.18
CUST00225,2024-01-01,2024-11-25,Nigeria,147.83,5.96
CUST00225,2024-01-01,2024-11-27,Nigeria,171.98,6.31
CUST00225,2024-01-01,2025-03-08,Nigeria,193.05,8.13
CUST00225,2024-01-01,2025-03-13,Nigeria,119.53,4.36
CUST00225,2024-01-01,2025-03-17,Nigeria,236.38,9.2
CUST00225,2024-01-01,2025-04-24,Nigeria,162.9,6.7
CUST00225,2024-01-01,2025-05-15,Nigeria,132.97,5.28
CUST00225,2024-01-01,2025-05-18,Nigeria,161.37,6.98
CUST00226,2024-10-01,2024-10-22,Nigeria,188.83,8.09
CUST00226,2024-10-01,2024-12-22,Nigeria,189.46,8.21
CUST00226,2024-10-01,2025-02-01,Nigeria,109.37,4.52
CUST00226,2024-10-01,2025-02-09,Nigeria,240.85,9.14
CUST00226,2024-10-01,2025-02-26,Nigeria,229.18,9.15
CUST00226,2024-10-01,2025-04-03,Nigeria,126.56,5.01
CUST00226,2024-10-01,2025-04-05,Nigeria,297.77,13.01
CUST00226,2024-10-01,2025-04-06,Nigeria,98.03,4.26
CUST00226,2024-10-01,2025-04-12,Nigeria,138.51,5.5
CUST00226,2024-10-01,2025-04-14,Nigeria,178.63,6.6
CUST00226,2024-10-01,2025-04-23,Nigeria,152.47,6.18
CUST00227,2024-02-01,2024-02-10,India,412.12,6.54
CUST00227,2024-02-01,2024-02-25,India,20.0,0.32
CUST00227,2024-02-01,2024-03-16,India,333.62,5.92
CUST00227,2024-02-01,2024-03-19,India,390.52,7.25
CUST00227,2024-02-01,2024-03-27,India,295.05,4.86
CUST00227,2024-02-01,2024-08-09,India,432.15,8.31
CUST00227,2024-02-01,2024-08-18,India,434.59,7.91
CUST00227,2024-02-01,2024-10-05,India,154.69,2.69
CUST00227,2024-02-01,2024-10-13,India,493.96,9.31
CUST00227,2024-02-01,2024-10-24,India,412.94,7.03
CUST00227,2024-02-01,2024-12-04,India,252.28,4.33
CUST00227,2024-02-01,2025-02-17,India,430.96,8.2
CUST00228,2024-07-01,2024-07-18,India,345.17,5.79
CUST00228,2024-07-01,2024-08-09,India,372.41,6.12
CUST00228,2024-07-01,2024-08-10,India,467.52,8.0
CUST00228,2024-07-01,2024-08-16,India,111.82,1.77
CUST00228,2024-07-01,2024-12-06,India,222.33,4.09
CUST00228,2024-07-01,2024-12-16,India,427.74,6.98
CUST00228,2024-07-01,2025-05-11,India,591.0,9.56
CUST00228,2024-07-01,2025-05-22,India,554.28,9.94
CUST00229,2024-05-01,2024-05-01,India,372.01,7.08
CUST00229,2024-05-01,2024-06-11,India,464.94,8.22
CUST00229,2024-05-01,2024-07-14,India,424.17,6.73
CUST00229,2024-05-01,2024-12-14,India,313.41,5.95
CUST00229,2024-05-01,2024-12-15,India,366.04,6.0
CUST00229,2024-05-01,2024-12-20,India,684.26,12.51
CUST00229,2024-05-01,2025-01-22,India,362.29,5.93
CUST00229,2024-05-01,2025-06-04,India,565.43,10.81
CUST00229,2024-05-01,2025-06-17,India,432.57,7.5
CUST00230,2024-11-01,2024-11-05,Nigeria,129.89,5.48
CUST00230,2024-11-01,2024-11-10,Nigeria,246.14,9.95
CUST00230,2024-11-01,2024-11-12,Nigeria,198.64,8.13
CUST00230,2024-11-01,2024-11-16,Nigeria,217.15,8.6
CUST00230,2024-11-01,2024-11-26,Nigeria,174.46,6.6
CUST00230,2024-11-01,2025-02-07,Nigeria,181.92,7.12
CUST00230,2024-11-01,2025-02-16,Nigeria,119.43,4.9
CUST00230,2024-11-01,2025-03-24,Nigeria,106.06,4.56
CUST00230,2024-11-01,2025-04-08,Nigeria,131.82,5.13
CUST00230,2024-11-01,2025-04-09,Nigeria,104.82,4.25
CUST00230,2024-11-01,2025-04-19,Nigeria,223.84,9.17
CUST00230,2024-11-01,2025-05-12,Nigeria,225.43,9.44
CUST00230,2024-11-01,2025-06-01,Nigeria,76.57,2.8
CUST00230,2024-11-01,2025-06-12,Nigeria,123.61,5.0
CUST00230,2024-11-01,2025-06-19,Nigeria,146.98,6.06
CUST00230,2024-11-01,2025-06-22,Nigeria,108.34,4.01
CUST00231,2024-04-01,2024-04-13,India,253.61,4.76
CUST00231,2024-04-01,2024-06-23,India,464.07,7.83
CUST00231,2024-04-01,2024-06-24,India,394.81,6.69
CUST00231,2024-04-01,2024-08-13,India,441.29,7.19
CUST00231,2024-04-01,2024-10-24,India,257.85,4.96
CUST00231,2024-04-01,2024-11-08,India,430.35,6.89
CUST00231,2024-04-01,2024-11-18,India,187.63,3.56
CUST00231,2024-04-01,2025-01-12,India,420.56,7.1
CUST00231,2024-04-01,2025-02-13,India,338.64,5.6
CUST00231,2024-04-01,2025-03-27,India,268.91,4.7
CUST00231,2024-04-01,2025-05-24,India,222.63,4.17
CUST00232,2024-09-01,2024-09-24,India,261.08,5.01
CUST00232,2024-09-01,2024-10-07,India,301.9,5.74
CUST00232,2024-09-01,2024-10-17,India,341.07,6.12
CUST00232,2024-09-01,2024-11-06,India,289.02,4.88
CUST00232,2024-09-01,2024-12-04,India,420.14,7.98
CUST00232,2024-09-01,2025-01-05,India,408.68,6.85
CUST00232,2024-09-01,2025-03-27,India,468.24,7.42
CUST00232,2024-09-01,2025-06-13,India,340.66,5.5
CUST00232,2024-09-01,2025-06-22,India,418.26,6.94
CUST00233,2024-05-01,2024-05-21,Nigeria,80.47,3.08
CUST00233,2024-05-01,2024-05-21,Nigeria,280.36,11.09
CUST00233,2024-05-01,2024-05-25,Nigeria,145.7,5.47
CUST00233,2024-05-01,2024-06-16,Nigeria,216.64,7.81
CUST00233,2024-05-01,2024-08-05,Nigeria,206.09,7.92
CUST00233,2024-05-01,2024-08-06,Nigeria,318.29,11.65
CUST00233,2024-05-01,2024-08-07,Nigeria,275.21,10.61
CUST00233,2024-05-01,2024-08-17,Nigeria,200.89,8.29
CUST00233,2024-05-01,2024-09-03,Nigeria,197.71,8.64
CUST00233,2024-05-01,2024-09-23,Nigeria,326.27,13.24
CUST00233,2024-05-01,2024-11-02,Nigeria,207.51,7.6
CUST00233,2024-05-01,2024-11-11,Nigeria,39.84,1.45
CUST00233,2024-05-01,2024-12-17,Nigeria,155.62,6.62
CUST00233,2024-05-01,2024-12-25,Nigeria,205.74,9.03
CUST00233,2024-05-01,2025-01-03,Nigeria,186.43,7.47
CUST00233,2024-05-01,2025-01-22,Nigeria,119.89,4.56
CUST00233,2024-05-01,2025-02-16,Nigeria,207.25,8.15
CUST00233,2024-05-01,2025-05-07,Nigeria,192.88,7.93
CUST00233,2024-05-01,2025-05-09,Nigeria,108.89,4.56
CUST00233,2024-05-01,2025-05-27,Nigeria,115.85,4.85
CUST00234,2024-03-01,2024-03-01,Nigeria,231.28,9.74
CUST00234,2024-03-01,2024-03-25,Nigeria,153.5,6.56
CUST00234,2024-03-01,2024-05-12,Nigeria,248.55,9.07
CUST00234,2024-03-01,2024-05-12,Nigeria,184.55,7.16
CUST00234,2024-03-01,2024-05-15,Nigeria,209.39,9.0
CUST00234,2024-03-01,2024-06-05,Nigeria,242.32,9.97
CUST00234,2024-03-01,2024-06-12,Nigeria,130.88,5.75
CUST00234,2024-03-01,2024-06-16,Nigeria,131.73,5.05
CUST00234,2024-03-01,2024-08-13,Nigeria,133.64,5.38
CUST00234,2024-03-01,2024-08-27,Nigeria,192.09,8.42
CUST00234,2024-03-01,2024-11-21,Nigeria,151.7,5.86
CUST00234,2024-03-01,2024-12-08,Nigeria,212.28,7.75
CUST00234,2024-03-01,2025-04-06,Nigeria,170.25,7.09
CUST00234,2024-03-01,2025-04-25,Nigeria,287.12,11.9
CUST00235,2024-04-01,2024-04-23,India,408.96,7.51
CUST00235,2024-04-01,2024-08-03,India,435.97,8.34
CUST00235,2024-04-01,2024-08-14,India,369.32,6.27
CUST00235,2024-04-01,2024-12-04,India,340.42,5.43
CUST00235,2024-04-01,2024-12-12,India,468.79,8.02
CUST00235,2024-04-01,2024-12-13,India,250.68,4.17
CUST00235,2024-04-01,2024-12-24,India,622.56,10.52
CUST00235,2024-04-01,2025-01-06,India,423.26,8.06
CUST00235,2024-04-01,2025-01-08,India,156.63,2.61
CUST00235,2024-04-01,2025-01-09,India,579.93,10.88
CUST00235,2024-04-01,2025-05-02,India,458.25,8.68
CUST00235,2024-04-01,2025-05-14,India,501.72,9.54
CUST00235,2024-04-01,2025-05-15,India,324.43,5.15
CUST00236,2024-07-01,2024-07-01,Nigeria,239.85,10.31
CUST00236,2024-07-01,2024-07-02,Nigeria,71.82,2.72
CUST00236,2024-07-01,2024-10-08,Nigeria,197.0,7.61
CUST00236,2024-07-01,2024-10-21,Nigeria,84.25,3.63
CUST00236,2024-07-01,2024-10-23,Nigeria,203.99,8.94
CUST00236,2024-07-01,2025-01-17,Nigeria,139.15,6.07
CUST00236,2024-07-01,2025-01-26,Nigeria,159.89,5.8
CUST00236,2024-07-01,2025-03-05,Nigeria,190.5,8.05
CUST00236,2024-07-01,2025-03-26,Nigeria,198.64,8.17
CUST00236,2024-07-01,2025-05-13,Nigeria,151.91,5.52
CUST00236,2024-07-01,2025-06-05,Nigeria,264.09,9.54
CUST00237,2024-07-01,2024-07-20,Nigeria,244.62,9.62
CUST00237,2024-07-01,2024-07-23,Nigeria,119.67,5.06
CUST00237,2024-07-01,2024-08-05,Nigeria,279.11,10.8
CUST00237,2024-07-01,2024-09-03,Nigeria,170.32,6.38
CUST00237,2024-07-01,2024-09-05,Nigeria,262.34,11.13
CUST00237,2024-07-01,2024-09-08,Nigeria,183.73,7.95
CUST00237,2024-07-01,2024-09-24,Nigeria,241.33,9.75
CUST00237,2024-07-01,2025-01-09,Nigeria,155.48,6.41
CUST00237,2024-07-01,2025-01-17,Nigeria,165.0,6.82
CUST00237,2024-07-01,2025-01-19,Nigeria,128.69,4.63
CUST00237,2024-07-01,2025-02-05,Nigeria,204.03,8.73
CUST00237,2024-07-01,2025-02-07,Nigeria,272.26,10.6
CUST00237,2024-07-01,2025-03-18,Nigeria,145.83,5.59
CUST00237,2024-07-01,2025-03-26,Nigeria,199.72,8.35
CUST00237,2024-07-01,2025-05-01,Nigeria,83.78,3.61
CUST00237,2024-07-01,2025-05-16,Nigeria,229.21,9.25
CUST00237,2024-07-01,2025-05-24,Nigeria,100.07,3.85
CUST00237,2024-07-01,2025-05-27,Nigeria,212.92,8.75
CUST00238,2024-05-01,2024-05-10,India,586.29,9.49
CUST00238,2024-05-01,2024-06-17,India,163.23,3.09
CUST00238,2024-05-01,2024-08-14,India,362.38,6.81
CUST00238,2024-05-01,2024-08-17,India,304.28,5.19
CUST00238,2024-05-01,2024-10-01,India,444.36,7.65
CUST00238,2024-05-01,2024-12-13,India,259.11,4.5
CUST00238,2024-05-01,2025-01-09,India,517.34,8.4
CUST00238,2024-05-01,2025-01-11,India,357.29,6.47
CUST00238,2024-05-01,2025-06-14,India,592.04,10.97
CUST00238,2024-05-01,2025-06-20,India,503.53,9.51
CUST00239,2024-07-01,2024-07-06,Nigeria,172.48,6.42
CUST00239,2024-07-01,2024-08-09,Nigeria,174.69,7.33
CUST00239,2024-07-01,2024-08-18,Nigeria,205.44,8.4
CUST00239,2024-07-01,2024-10-04,Nigeria,111.66,4.55
CUST00239,2024-07-01,2024-11-09,Nigeria,234.32,9.29
CUST00239,2024-07-01,2024-11-13,Nigeria,241.65,10.04
CUST00239,2024-07-01,2025-02-10,Nigeria,103.72,4.46
CUST00239,2024-07-01,2025-04-19,Nigeria,246.92,9.2
CUST00239,2024-07-01,2025-05-10,Nigeria,162.36,7.04
CUST00240,2024-09-01,2024-09-19,India,442.98,7.32
CUST00240,2024-09-01,2024-10-19,India,274.58,5.11
CUST00240,2024-09-01,2024-11-18,India,519.87,8.51
CUST00240,2024-09-01,2024-12-26,India,325.93,6.19
CUST00240,2024-09-01,2025-01-20,India,565.15,10.81
CUST00240,2024-09-01,2025-02-07,India,232.28,4.43
CUST00240,2024-09-01,2025-02-24,India,303.9,5.25
CUST00240,2024-09-01,2025-04-11,India,345.31,6.41
CUST00241,2024-01-01,2024-01-03,India,501.55,8.99
CUST00241,2024-01-01,2024-01-12,India,360.9,6.47
CUST00241,2024-01-01,2024-02-01,India,444.14,7.84
CUST00241,2024-01-01,2024-03-19,India,434.83,8.25
CUST00241,2024-01-01,2024-03-26,India,464.23,7.83
CUST00241,2024-01-01,2024-04-12,India,540.62,10.36
CUST00241,2024-01-01,2024-05-07,India,287.76,5.52
CUST00241,2024-01-01,2024-06-16,India,442.53,8.09
CUST00241,2024-01-01,2024-06-18,India,242.27,3.89
CUST00241,2024-01-01,2024-07-22,India,409.07,6.72
CUST00241,2024-01-01,2025-01-01,India,441.85,7.11
CUST00241,2024-01-01,2025-01-09,India,463.81,7.38
CUST00241,2024-01-01,2025-01-16,India,620.02,11.54
CUST00241,2024-01-01,2025-01-27,India,435.22,7.26
CUST00242,2024-04-01,2024-04-06,Nigeria,185.95,7.01
CUST00242,2024-04-01,2024-04-13,Nigeria,267.82,11.3
CUST00242,2024-04-01,2024-04-23,Nigeria,258.87,9.41
CUST00242,2024-04-01,2024-04-27,Nigeria,182.36,7.49
CUST00242,2024-04-01,2024-05-24,Nigeria,201.5,7.63
CUST00242,2024-04-01,2024-06-09,Nigeria,52.28,2.17
CUST00242,2024-04-01,2024-06-11,Nigeria,186.33,7.92
CUST00242,2024-04-01,2024-07-04,Nigeria,138.36,5.65
CUST00242,2024-04-01,2024-07-15,Nigeria,153.17,5.54
CUST00242,2024-04-01,2024-07-17,Nigeria,215.12,9.23
CUST00242,2024-04-01,2024-09-04,Nigeria,243.19,10.02
CUST00242,2024-04-01,2024-10-05,Nigeria,150.33,5.72
CUST00242,2024-04-01,2024-10-10,Nigeria,171.33,6.4
CUST00242,2024-04-01,2024-10-17,Nigeria,216.59,9.31
CUST00242,2024-04-01,2024-10-25,Nigeria,105.74,3.94
CUST00242,2024-04-01,2024-10-27,Nigeria,219.33,8.59
CUST00242,2024-04-01,2024-12-02,Nigeria,106.44,3.98
CUST00242,2024-04-01,2024-12-07,Nigeria,191.12,7.01
CUST00242,2024-04-01,2024-12-16,Nigeria,293.26,11.36
CUST00242,2024-04-01,2024-12-18,Nigeria,217.91,7.99
CUST00242,2024-04-01,2025-01-16,Nigeria,248.87,9.64
CUST00242,2024-04-01,2025-01-17,Nigeria,121.92,5.15
CUST00242,2024-04-01,2025-01-27,Nigeria,255.39,10.18
CUST00242,2024-04-01,2025-03-09,Nigeria,247.41,9.92
CUST00242,2024-04-01,2025-04-10,Nigeria,154.07,6.46
CUST00242,2024-04-01,2025-04-16,Nigeria,326.46,13.85
CUST00242,2024-04-01,2025-06-18,Nigeria,72.86,2.76
CUST00242,2024-04-01,2025-06-19,Nigeria,148.92,5.74
CUST00243,2024-06-01,2024-06-22,India,400.04,7.11
CUST00243,2024-06-01,2024-08-15,India,555.28,10.29
CUST00243,2024-06-01,2024-08-15,India,384.57,6.16
CUST00243,2024-06-01,2024-08-18,India,489.79,9.07
CUST00243,2024-06-01,2025-02-13,India,255.06,4.82
CUST00243,2024-06-01,2025-02-13,India,609.88,11.16
CUST00244,2024-03-01,2024-03-13,India,474.44,8.41
CUST00244,2024-03-01,2024-04-11,India,480.38,8.18
CUST00244,2024-03-01,2024-04-15,India,285.69,4.63
CUST00244,2024-03-01,2024-04-19,India,359.51,6.06
CUST00244,2024-03-01,2024-06-09,India,515.81,9.05
CUST00244,2024-03-01,2024-08-07,India,398.5,6.48
CUST00245,2024-12-01,2024-12-27,Nigeria,256.57,10.79
CUST00245,2024-12-01,2025-01-12,Nigeria,184.12,7.4
CUST00245,2024-12-01,2025-01-14,Nigeria,127.92,5.41
CUST00245,2024-12-01,2025-02-15,Nigeria,311.85,11.3
CUST00245,2024-12-01,2025-02-16,Nigeria,168.29,7.1
CUST00245,2024-12-01,2025-03-15,Nigeria,212.85,8.74
CUST00245,2024-12-01,2025-03-23,Nigeria,252.12,9.27
CUST00246,2024-03-01,2024-03-24,India,467.07,8.49
CUST00246,2024-03-01,2024-03-25,India,314.73,5.45
CUST00246,2024-03-01,2024-05-27,India,479.1,8.75
CUST00246,2024-03-01,2024-06-07,India,388.39,6.96
CUST00246,2024-03-01,2024-07-15,India,520.98,9.92
CUST00246,2024-03-01,2024-12-26,India,280.59,5.02
CUST00246,2024-03-01,2025-02-15,India,465.51,7.79
CUST00246,2024-03-01,2025-02-17,India,289.39,5.19
CUST00246,2024-03-01,2025-02-21,India,329.42,5.37
CUST00246,2024-03-01,2025-04-24,India,434.62,7.15
CUST00246,2024-03-01,2025-04-26,India,400.35,6.99
CUST00246,2024-03-01,2025-06-03,India,303.66,5.15
CUST00246,2024-03-01,2025-06-08,India,370.93,6.06
CUST00246,2024-03-01,2025-06-23,India,493.8,8.66
CUST00247,2024-07-01,2024-07-14,Nigeria,165.92,6.8
CUST00247,2024-07-01,2024-07-24,Nigeria,149.6,5.93
CUST00247,2024-07-01,2024-08-01,Nigeria,98.22,3.63
CUST00247,2024-07-01,2024-08-16,Nigeria,202.74,8.86
CUST00247,2024-07-01,2024-08-23,Nigeria,252.3,11.02
CUST00247,2024-07-01,2024-09-04,Nigeria,192.07,8.09
CUST00247,2024-07-01,2024-09-07,Nigeria,137.94,5.51
CUST00247,2024-07-01,2024-09-07,Nigeria,90.53,3.48
CUST00247,2024-07-01,2024-09-24,Nigeria,163.36,6.17
CUST00247,2024-07-01,2024-10-06,Nigeria,202.37,7.55
CUST00247,2024-07-01,2024-10-27,Nigeria,190.06,8.1
CUST00247,2024-07-01,2024-11-16,Nigeria,144.9,6.32
CUST00247,2024-07-01,2025-02-03,Nigeria,250.43,9.22
CUST00247,2024-07-01,2025-02-07,Nigeria,166.07,6.4
CUST00247,2024-07-01,2025-02-24,Nigeria,133.72,5.84
CUST00247,2024-07-01,2025-03-11,Nigeria,222.98,8.83
CUST00248,2024-04-01,2024-04-04,Nigeria,163.38,6.39
CUST00248,2024-04-01,2024-04-15,Nigeria,142.57,5.94
CUST00248,2024-04-01,2024-04-16,Nigeria,199.72,8.2
CUST00248,2024-04-01,2024-04-22,Nigeria,162.77,5.89
CUST00248,2024-04-01,2024-04-22,Nigeria,67.92,2.5
CUST00248,2024-04-01,2024-05-08,Nigeria,20.0,0.77
CUST00248,2024-04-01,2024-05-11,Nigeria,230.04,9.73
CUST00248,2024-04-01,2024-06-06,Nigeria,183.75,7.36
CUST00248,2024-04-01,2024-07-04,Nigeria,200.37,8.33
CUST00248,2024-04-01,2024-09-01,Nigeria,355.77,12.87
CUST00248,2024-04-01,2024-09-14,Nigeria,150.68,5.95
CUST00248,2024-04-01,2024-12-10,Nigeria,195.64,7.9
CUST00248,2024-04-01,2024-12-14,Nigeria,259.05,9.85
CUST00248,2024-04-01,2025-02-03,Nigeria,200.98,7.97
CUST00248,2024-04-01,2025-02-09,Nigeria,192.06,8.37
CUST00248,2024-04-01,2025-02-10,Nigeria,188.93,7.98
CUST00248,2024-04-01,2025-02-25,Nigeria,232.63,8.41
CUST00248,2024-04-01,2025-05-02,Nigeria,225.57,8.37
CUST00248,2024-04-01,2025-05-18,Nigeria,130.45,5.04
CUST00249,2024-05-01,2024-05-07,India,479.55,9.08
CUST00249,2024-05-01,2024-06-03,India,322.65,5.22
CUST00249,2024-05-01,2024-06-11,India,491.21,8.86
CUST00249,2024-05-01,2024-06-20,India,301.03,5.03
CUST00249,2024-05-01,2024-09-11,India,533.35,9.84
CUST00249,2024-05-01,2024-09-24,India,335.27,5.35
CUST00249,2024-05-01,2025-01-22,India,585.16,10.96
CUST00249,2024-05-01,2025-04-22,India,525.19,9.32
CUST00249,2024-05-01,2025-05-27,India,497.35,8.9
CUST00250,2024-12-01,2024-12-02,India,149.36,2.76
CUST00250,2024-12-01,2024-12-25,India,321.25,5.23
CUST00250,2024-12-01,2025-01-06,India,492.28,7.76
CUST00250,2024-12-01,2025-01-13,India,437.52,7.96
CUST00250,2024-12-01,2025-02-06,India,521.04,9.05
CUST00250,2024-12-01,2025-04-04,India,374.56,6.5
CUST00250,2024-12-01,2025-04-19,India,287.96,4.59
CUST00250,2024-12-01,2025-05-26,India,353.39,5.77
CUST00250,2024-12-01,2025-06-04,India,255.93,4.37
CUST00250,2024-12-01,2025-06-05,India,415.32,7.22
CUST00251,2024-11-01,2024-11-23,India,363.56,6.61
CUST00251,2024-11-01,2025-02-17,India,432.99,7.08
CUST00252,2024-05-01,2024-05-10,Nigeria,144.14,5.28
CUST00252,2024-05-01,2024-05-16,Nigeria,156.28,6.46
CUST00252,2024-05-01,2024-05-23,Nigeria,201.14,8.14
CUST00252,2024-05-01,2024-06-10,Nigeria,127.42,5.3
CUST00252,2024-05-01,2024-07-06,Nigeria,231.43,9.12
CUST00252,2024-05-01,2024-07-07,Nigeria,284.86,10.71
CUST00252,2024-05-01,2024-08-10,Nigeria,230.0,8.61
CUST00252,2024-05-01,2024-08-15,Nigeria,183.1,7.16
CUST00252,2024-05-01,2024-09-16,Nigeria,165.8,6.75
CUST00252,2024-05-01,2024-09-20,Nigeria,46.3,1.76
CUST00252,2024-05-01,2024-10-06,Nigeria,104.99,4.45
CUST00252,2024-05-01,2024-10-10,Nigeria,202.54,8.51
CUST00252,2024-05-01,2024-11-08,Nigeria,83.27,3.66
CUST00252,2024-05-01,2024-11-08,Nigeria,260.58,9.89
CUST00253,2024-09-01,2024-09-12,India,352.31,6.28
CUST00253,2024-09-01,2024-11-01,India,437.11,7.99
CUST00253,2024-09-01,2024-11-05,India,545.82,9.56
CUST00253,2024-09-01,2024-12-10,India,415.07,7.8
CUST00253,2024-09-01,2024-12-23,India,330.32,5.84
CUST00253,2024-09-01,2025-01-10,India,315.66,5.76
CUST00253,2024-09-01,2025-05-09,India,595.97,10.71
CUST00253,2024-09-01,2025-05-15,India,314.08,5.65
CUST00253,2024-09-01,2025-05-18,India,248.57,4.3
CUST00253,2024-09-01,2025-06-03,India,297.73,4.98
CUST00254,2024-05-01,2024-05-21,India,201.33,3.31
CUST00254,2024-05-01,2024-05-27,India,271.66,4.63
CUST00254,2024-05-01,2024-05-27,India,480.26,7.58
CUST00254,2024-05-01,2024-08-07,India,465.63,8.57
CUST00254,2024-05-01,2024-08-23,India,286.35,5.01
CUST00254,2024-05-01,2024-09-17,India,472.43,8.87
CUST00254,2024-05-01,2024-12-12,India,502.57,8.03
CUST00254,2024-05-01,2024-12-24,India,283.48,4.68
CUST00254,2024-05-01,2025-04-26,India,478.68,8.57
CUST00254,2024-05-01,2025-06-12,India,387.19,6.64
CUST00255,2024-07-01,2024-07-08,Nigeria,167.82,6.24
CUST00255,2024-07-01,2024-07-18,Nigeria,229.63,9.87
CUST00255,2024-07-01,2024-08-14,Nigeria,176.72,7.76
CUST00255,2024-07-01,2024-08-19,Nigeria,225.01,9.78
CUST00255,2024-07-01,2024-08-20,Nigeria,216.77,9.1
CUST00255,2024-07-01,2024-08-24,Nigeria,238.58,9.5
CUST00255,2024-07-01,2024-09-07,Nigeria,211.5,8.33
CUST00255,2024-07-01,2024-09-23,Nigeria,188.61,6.94
CUST00255,2024-07-01,2024-09-23,Nigeria,107.62,4.34
CUST00255,2024-07-01,2024-11-15,Nigeria,267.89,11.76
CUST00255,2024-07-01,2024-11-15,Nigeria,169.86,6.54
CUST00255,2024-07-01,2024-11-16,Nigeria,129.15,5.64
CUST00255,2024-07-01,2025-02-01,Nigeria,180.17,6.96
CUST00255,2024-07-01,2025-02-22,Nigeria,172.48,7.02
CUST00255,2024-07-01,2025-04-06,Nigeria,244.71,10.63
CUST00255,2024-07-01,2025-04-16,Nigeria,201.63,8.28
CUST00256,2024-10-01,2024-10-07,India,533.7,9.68
CUST00256,2024-10-01,2024-10-24,India,157.14,2.52
CUST00256,2024-10-01,2024-11-18,India,222.51,3.55
CUST00256,2024-10-01,2024-11-20,India,704.58,12.75
CUST00256,2024-10-01,2024-12-15,India,309.98,5.68
CUST00256,2024-10-01,2024-12-20,India,130.2,2.43
CUST00256,2024-10-01,2025-05-01,India,371.45,6.17
CUST00256,2024-10-01,2025-05-08,India,446.01,7.24
CUST00257,2024-07-01,2024-07-06,India,398.89,7.28
CUST00257,2024-07-01,2024-08-07,India,419.61,7.17
CUST00257,2024-07-01,2024-08-13,India,620.35,11.77
CUST00257,2024-07-01,2024-09-24,India,584.9,10.65
CUST00257,2024-07-01,2025-02-01,India,681.95,11.0
CUST00257,2024-07-01,2025-02-03,India,368.19,5.92
CUST00257,2024-07-01,2025-02-15,India,102.34,1.65
CUST00257,2024-07-01,2025-02-18,India,283.75,4.54
CUST00258,2024-11-01,2024-11-09,India,382.47,7.17
CUST00258,2024-11-01,2024-12-04,India,296.89,5.36
CUST00258,2024-11-01,2024-12-17,India,513.08,8.34
CUST00258,2024-11-01,2025-03-03,India,298.89,5.46
CUST00258,2024-11-01,2025-03-03,India,538.71,10.05
CUST00258,2024-11-01,2025-03-06,India,452.81,7.3
CUST00258,2024-11-01,2025-04-06,India,418.84,7.49
CUST00258,2024-11-01,2025-04-09,India,299.57,5.2
CUST00258,2024-11-01,2025-04-12,India,390.32,7.45
CUST00258,2024-11-01,2025-04-23,India,488.32,8.97
CUST00258,2024-11-01,2025-06-27,India,633.49,10.31
CUST00259,2024-12-01,2024-12-01,Nigeria,192.47,7.46
CUST00259,2024-12-01,2025-02-18,Nigeria,156.08,5.92
CUST00259,2024-12-01,2025-03-04,Nigeria,20.0,0.88
CUST00259,2024-12-01,2025-06-10,Nigeria,240.9,8.89
CUST00259,2024-12-01,2025-06-20,Nigeria,148.61,6.16
CUST00260,2024-10-01,2024-10-03,Nigeria,273.2,11.38
CUST00260,2024-10-01,2024-10-06,Nigeria,240.57,9.6
CUST00260,2024-10-01,2024-11-07,Nigeria,182.39,7.31
CUST00260,2024-10-01,2024-11-08,Nigeria,135.41,5.19
CUST00261,2024-06-01,2024-06-08,India,492.08,8.01
CUST00261,2024-06-01,2024-06-15,India,456.09,8.04
CUST00261,2024-06-01,2024-07-25,India,428.89,8.08
CUST00261,2024-06-01,2024-09-07,India,521.87,9.39
CUST00261,2024-06-01,2024-09-11,India,385.74,6.9
CUST00261,2024-06-01,2024-10-15,India,177.51,3.11
CUST00262,2024-08-01,2024-08-05,India,160.62,2.6
CUST00262,2024-08-01,2024-08-12,India,252.88,4.64
CUST00262,2024-08-01,2024-09-13,India,317.37,5.66
CUST00262,2024-08-01,2024-09-16,India,574.08,10.58
CUST00262,2024-08-01,2024-10-07,India,510.4,8.76
CUST00262,2024-08-01,2025-06-27,India,157.67,2.49
CUST00263,2024-02-01,2024-02-15,Nigeria,285.54,10.68
CUST00263,2024-02-01,2024-03-04,Nigeria,207.6,7.52
CUST00263,2024-02-01,2024-03-04,Nigeria,195.09,7.94
CUST00263,2024-02-01,2024-05-02,Nigeria,127.74,5.58
CUST00263,2024-02-01,2024-06-01,Nigeria,135.31,5.6
CUST00263,2024-02-01,2024-11-01,Nigeria,241.5,9.14
CUST00263,2024-02-01,2025-01-01,Nigeria,202.46,7.57
CUST00263,2024-02-01,2025-01-04,Nigeria,151.59,6.25
CUST00263,2024-02-01,2025-02-26,Nigeria,115.16,4.99
CUST00263,2024-02-01,2025-04-16,Nigeria,222.99,8.04
CUST00263,2024-02-01,2025-06-04,Nigeria,205.65,8.43
CUST00263,2024-02-01,2025-06-17,Nigeria,208.92,9.18
CUST00264,2024-02-01,2024-02-24,India,460.35,8.14
CUST00264,2024-02-01,2024-03-15,India,497.05,9.57
CUST00264,2024-02-01,2024-04-07,India,496.14,8.82
CUST00264,2024-02-01,2024-04-10,India,425.62,7.31
CUST00264,2024-02-01,2024-04-10,India,269.32,4.67
CUST00264,2024-02-01,2024-11-07,India,257.6,4.91
CUST00264,2024-02-01,2024-11-09,India,543.11,10.34
CUST00264,2024-02-01,2025-02-01,India,228.2,3.61
CUST00264,2024-02-01,2025-02-13,India,471.67,8.08
CUST00264,2024-02-01,2025-02-22,India,374.61,7.15
CUST00264,2024-02-01,2025-06-11,India,363.02,5.86
CUST00265,2024-05-01,2024-05-09,India,312.57,4.98
CUST00265,2024-05-01,2024-05-15,India,437.02,7.63
CUST00265,2024-05-01,2024-06-14,India,432.56,7.81
CUST00265,2024-05-01,2024-06-15,India,442.4,8.07
CUST00265,2024-05-01,2024-09-02,India,516.21,8.7
CUST00265,2024-05-01,2024-09-09,India,285.68,5.44
CUST00265,2024-05-01,2024-09-16,India,571.07,10.13
CUST00265,2024-05-01,2024-09-18,India,403.04,6.44
CUST00265,2024-05-01,2024-09-26,India,145.39,2.56
CUST00265,2024-05-01,2024-12-27,India,269.89,4.28
CUST00265,2024-05-01,2025-01-16,India,402.01,6.59
CUST00265,2024-05-01,2025-02-07,India,212.14,3.44
CUST00265,2024-05-01,2025-02-20,India,362.24,6.28
CUST00265,2024-05-01,2025-05-11,India,585.17,10.66
CUST00266,2024-08-01,2024-08-13,India,490.76,8.84
CUST00266,2024-08-01,2024-09-09,India,230.0,4.16
CUST00266,2024-08-01,2024-09-13,India,446.15,7.58
CUST00266,2024-08-01,2024-09-14,India,416.68,7.3
CUST00266,2024-08-01,2024-11-11,India,375.24,6.26
CUST00266,2024-08-01,2024-11-19,India,293.26,4.9
CUST00267,2024-01-01,2024-01-11,Nigeria,291.94,12.23
CUST00267,2024-01-01,2024-02-22,Nigeria,205.26,8.71
CUST00267,2024-01-01,2024-02-23,Nigeria,170.54,6.34
CUST00267,2024-01-01,2024-02-26,Nigeria,160.65,6.65
CUST00267,2024-01-01,2024-06-10,Nigeria,156.0,5.86
CUST00267,2024-01-01,2024-06-18,Nigeria,145.92,6.42
CUST00267,2024-01-01,2024-06-24,Nigeria,239.16,10.13
CUST00267,2024-01-01,2024-07-02,Nigeria,200.88,8.75
CUST00267,2024-01-01,2024-07-09,Nigeria,233.84,8.54
CUST00267,2024-01-01,2024-07-13,Nigeria,168.31,6.97
CUST00267,2024-01-01,2024-07-18,Nigeria,179.37,7.8
CUST00267,2024-01-01,2024-08-05,Nigeria,184.05,6.81
CUST00267,2024-01-01,2024-08-27,Nigeria,70.43,2.75
CUST00267,2024-01-01,2024-09-05,Nigeria,205.8,7.91
CUST00267,2024-01-01,2024-09-19,Nigeria,115.99,4.21
CUST00267,2024-01-01,2024-10-08,Nigeria,194.17,8.16
CUST00267,2024-01-01,2025-01-12,Nigeria,83.68,3.13
CUST00267,2024-01-01,2025-01-22,Nigeria,215.15,8.85
CUST00267,2024-01-01,2025-01-25,Nigeria,257.59,9.67
CUST00267,2024-01-01,2025-01-27,Nigeria,229.48,9.86
CUST00268,2024-01-01,2024-01-09,Nigeria,199.71,7.74
CUST00268,2024-01-01,2024-02-09,Nigeria,166.44,6.95
CUST00268,2024-01-01,2024-02-16,Nigeria,130.74,4.73
CUST00268,2024-01-01,2024-03-17,Nigeria,220.62,9.23
CUST00268,2024-01-01,2024-03-21,Nigeria,155.42,6.13
CUST00268,2024-01-01,2024-07-08,Nigeria,246.53,9.15
CUST00268,2024-01-01,2024-07-25,Nigeria,166.26,6.49
CUST00268,2024-01-01,2024-09-15,Nigeria,205.52,7.74
CUST00268,2024-01-01,2024-11-07,Nigeria,173.85,6.49
CUST00268,2024-01-01,2025-05-04,Nigeria,115.71,4.59
CUST00269,2024-09-01,2024-09-12,Nigeria,149.24,5.63
CUST00269,2024-09-01,2024-10-19,Nigeria,110.3,4.26
CUST00269,2024-09-01,2024-10-25,Nigeria,124.2,5.05
CUST00269,2024-09-01,2024-12-07,Nigeria,155.66,5.79
CUST00269,2024-09-01,2025-01-01,Nigeria,198.56,7.62
CUST00269,2024-09-01,2025-01-01,Nigeria,146.14,6.29
CUST00269,2024-09-01,2025-01-02,Nigeria,230.46,8.96
CUST00269,2024-09-01,2025-03-23,Nigeria,79.23,2.89
CUST00269,2024-09-01,2025-04-05,Nigeria,185.75,7.5
CUST00269,2024-09-01,2025-04-07,Nigeria,179.13,6.7
CUST00269,2024-09-01,2025-04-11,Nigeria,247.79,9.53
CUST00269,2024-09-01,2025-04-18,Nigeria,176.15,6.95
CUST00270,2024-04-01,2024-04-08,India,342.81,6.01
CUST00270,2024-04-01,2024-06-02,India,340.9,6.23
CUST00270,2024-04-01,2024-06-10,India,384.12,6.13
CUST00270,2024-04-01,2024-08-17,India,244.31,4.32
CUST00270,2024-04-01,2024-08-25,India,299.87,5.6
CUST00270,2024-04-01,2024-10-19,India,116.43,2.06
CUST00270,2024-04-01,2025-02-04,India,272.84,5.12
CUST00270,2024-04-01,2025-02-21,India,213.22,3.44
CUST00270,2024-04-01,2025-03-05,India,439.02,7.31
CUST00270,2024-04-01,2025-03-21,India,277.14,4.6
CUST00271,2024-03-01,2024-03-20,Nigeria,244.77,9.79
CUST00271,2024-03-01,2024-04-19,Nigeria,198.05,8.24
CUST00271,2024-03-01,2024-04-23,Nigeria,221.51,8.34
CUST00271,2024-03-01,2024-06-14,Nigeria,152.0,5.84
CUST00271,2024-03-01,2024-09-07,Nigeria,120.17,4.81
CUST00271,2024-03-01,2024-11-14,Nigeria,229.61,8.55
CUST00271,2024-03-01,2024-11-25,Nigeria,201.51,7.53
CUST00271,2024-03-01,2024-12-12,Nigeria,238.28,8.97
CUST00271,2024-03-01,2024-12-15,Nigeria,188.11,6.79
CUST00271,2024-03-01,2025-02-04,Nigeria,284.26,10.26
CUST00271,2024-03-01,2025-02-05,Nigeria,61.32,2.66
CUST00271,2024-03-01,2025-06-03,Nigeria,192.2,7.92
CUST00271,2024-03-01,2025-06-08,Nigeria,179.55,7.61
CUST00272,2024-06-01,2024-06-20,Nigeria,247.62,10.09
CUST00272,2024-06-01,2024-07-05,Nigeria,211.69,9.25
CUST00272,2024-06-01,2024-07-13,Nigeria,278.95,10.53
CUST00272,2024-06-01,2024-07-17,Nigeria,230.22,9.59
CUST00272,2024-06-01,2024-08-02,Nigeria,188.74,7.56
CUST00272,2024-06-01,2024-08-09,Nigeria,231.65,8.96
CUST00272,2024-06-01,2024-09-01,Nigeria,105.6,4.18
CUST00272,2024-06-01,2025-01-03,Nigeria,59.84,2.58
CUST00272,2024-06-01,2025-06-08,Nigeria,126.84,5.5
CUST00272,2024-06-01,2025-06-09,Nigeria,112.24,4.14
CUST00272,2024-06-01,2025-06-20,Nigeria,183.56,7.79
CUST00272,2024-06-01,2025-06-25,Nigeria,203.43,8.84
CUST00273,2024-10-01,2024-10-25,Nigeria,147.11,5.96
CUST00273,2024-10-01,2024-10-27,Nigeria,259.82,10.18
CUST00273,2024-10-01,2025-02-13,Nigeria,293.27,10.85
CUST00273,2024-10-01,2025-03-02,Nigeria,182.65,7.99
CUST00273,2024-10-01,2025-03-16,Nigeria,117.73,4.93
CUST00273,2024-10-01,2025-03-22,Nigeria,135.57,5.31
CUST00273,2024-10-01,2025-04-04,Nigeria,180.05,7.67
CUST00273,2024-10-01,2025-04-13,Nigeria,265.62,10.6
CUST00273,2024-10-01,2025-04-25,Nigeria,268.6,10.55
CUST00273,2024-10-01,2025-05-09,Nigeria,219.92,8.73
CUST00273,2024-10-01,2025-05-27,Nigeria,207.84,9.07
CUST00273,2024-10-01,2025-06-22,Nigeria,171.13,6.38
CUST00273,2024-10-01,2025-06-24,Nigeria,220.32,8.28
CUST00274,2024-07-01,2024-07-23,India,379.79,6.8
CUST00274,2024-07-01,2024-08-08,India,446.4,7.24
CUST00274,2024-07-01,2024-08-26,India,20.0,0.34
CUST00274,2024-07-01,2024-10-07,India,476.28,8.38
CUST00274,2024-07-01,2024-10-20,India,479.33,8.64
CUST00274,2024-07-01,2024-10-23,India,633.45,11.67
CUST00274,2024-07-01,2024-10-24,India,277.96,5.08
CUST00274,2024-07-01,2024-11-05,India,323.97,5.83
CUST00274,2024-07-01,2024-11-13,India,332.14,5.6
CUST00274,2024-07-01,2024-12-08,India,475.49,8.6
CUST00274,2024-07-01,2025-03-12,India,374.39,6.92
CUST00274,2024-07-01,2025-03-12,India,371.9,6.22
CUST00274,2024-07-01,2025-04-04,India,375.18,6.51
CUST00274,2024-07-01,2025-05-11,India,87.05,1.65
CUST00274,2024-07-01,2025-06-21,India,326.67,6.23
CUST00275,2024-02-01,2024-02-16,India,410.59,7.1
CUST00275,2024-02-01,2024-03-08,India,332.57,5.35
CUST00275,2024-02-01,2024-03-27,India,259.06,4.36
CUST00275,2024-02-01,2024-04-13,India,481.44,8.46
CUST00275,2024-02-01,2024-05-14,India,481.33,8.4
CUST00275,2024-02-01,2024-06-03,India,455.83,8.53
CUST00275,2024-02-01,2024-06-22,India,313.55,5.72
CUST00275,2024-02-01,2024-08-04,India,445.62,8.52
CUST00275,2024-02-01,2024-09-11,India,552.16,9.87
CUST00275,2024-02-01,2024-09-17,India,519.55,8.58
CUST00275,2024-02-01,2025-03-03,India,362.34,5.84
CUST00275,2024-02-01,2025-03-20,India,414.71,6.57
CUST00276,2024-10-01,2024-10-07,Nigeria,189.92,7.23
CUST00276,2024-10-01,2024-11-21,Nigeria,57.52,2.42
CUST00276,2024-10-01,2024-11-25,Nigeria,206.7,8.92
CUST00276,2024-10-01,2024-12-02,Nigeria,192.67,7.76
CUST00276,2024-10-01,2025-01-04,Nigeria,88.96,3.65
CUST00276,2024-10-01,2025-01-06,Nigeria,181.15,7.75
CUST00276,2024-10-01,2025-01-11,Nigeria,154.91,6.61
CUST00276,2024-10-01,2025-01-18,Nigeria,180.01,7.76
CUST00276,2024-10-01,2025-01-27,Nigeria,227.26,8.31
CUST00276,2024-10-01,2025-02-06,Nigeria,155.49,6.25
CUST00276,2024-10-01,2025-02-18,Nigeria,136.23,5.75
CUST00276,2024-10-01,2025-02-23,Nigeria,216.89,8.95
CUST00276,2024-10-01,2025-02-24,Nigeria,153.72,5.61
CUST00276,2024-10-01,2025-02-25,Nigeria,115.85,4.87
CUST00276,2024-10-01,2025-03-22,Nigeria,84.38,3.22
CUST00276,2024-10-01,2025-05-17,Nigeria,198.57,8.39
CUST00277,2024-08-01,2024-08-24,India,514.57,8.92
CUST00277,2024-08-01,2024-11-27,India,417.77,6.79
CUST00277,2024-08-01,2025-02-08,India,476.71,7.72
CUST00277,2024-08-01,2025-02-14,India,430.71,6.91
CUST00277,2024-08-01,2025-02-18,India,381.28,7.11
CUST00277,2024-08-01,2025-02-24,India,418.34,7.66
CUST00277,2024-08-01,2025-04-04,India,309.86,5.12
CUST00277,2024-08-01,2025-04-11,India,490.92,8.46
CUST00277,2024-08-01,2025-05-20,India,335.33,6.34
CUST00278,2024-09-01,2024-09-01,Nigeria,253.16,10.59
CUST00278,2024-09-01,2024-09-03,Nigeria,125.05,5.17
CUST00278,2024-09-01,2024-09-13,Nigeria,183.67,7.62
CUST00278,2024-09-01,2024-09-16,Nigeria,189.96,7.82
CUST00278,2024-09-01,2024-09-18,Nigeria,239.79,10.09
CUST00278,2024-09-01,2024-12-07,Nigeria,80.9,3.29
CUST00278,2024-09-01,2024-12-19,Nigeria,180.99,6.88
CUST00278,2024-09-01,2025-03-19,Nigeria,148.73,6.01
CUST00278,2024-09-01,2025-03-23,Nigeria,258.91,9.51
CUST00278,2024-09-01,2025-06-07,Nigeria,119.25,4.68
CUST00278,2024-09-01,2025-06-14,Nigeria,109.61,4.62
CUST00279,2024-03-01,2024-03-22,Nigeria,144.27,5.3
CUST00279,2024-03-01,2024-04-01,Nigeria,268.32,10.59
CUST00279,2024-03-01,2024-04-07,Nigeria,113.06,4.81
CUST00279,2024-03-01,2024-05-07,Nigeria,326.16,14.35
CUST00279,2024-03-01,2024-05-10,Nigeria,165.32,6.28
CUST00279,2024-03-01,2024-05-26,Nigeria,256.97,10.85
CUST00279,2024-03-01,2024-06-13,Nigeria,99.9,3.94
CUST00279,2024-03-01,2024-06-14,Nigeria,179.14,6.55
CUST00279,2024-03-01,2024-08-10,Nigeria,189.96,7.99
CUST00279,2024-03-01,2024-09-07,Nigeria,179.77,7.77
CUST00279,2024-03-01,2024-09-13,Nigeria,292.08,11.03
CUST00279,2024-03-01,2025-02-06,Nigeria,197.24,7.19
CUST00280,2024-09-01,2024-09-07,India,329.03,6.16
CUST00280,2024-09-01,2024-09-20,India,375.45,6.09
CUST00280,2024-09-01,2025-02-23,India,524.08,8.4
CUST00280,2024-09-01,2025-05-04,India,394.11,7.11
CUST00280,2024-09-01,2025-05-11,India,363.5,6.2
CUST00280,2024-09-01,2025-05-13,India,373.25,5.99
CUST00280,2024-09-01,2025-06-08,India,251.99,4.68
CUST00280,2024-09-01,2025-06-08,India,490.98,7.97
CUST00280,2024-09-01,2025-06-16,India,517.7,9.76
CUST00280,2024-09-01,2025-06-24,India,558.79,8.97
CUST00280,2024-09-01,2025-06-27,India,414.13,7.62
CUST00281,2024-01-01,2024-01-02,India,328.04,5.31
CUST00281,2024-01-01,2024-01-16,India,205.78,3.89
CUST00281,2024-01-01,2024-02-04,India,265.37,4.18
CUST00281,2024-01-01,2024-02-26,India,416.62,7.94
CUST00281,2024-01-01,2024-03-20,India,446.84,8.48
CUST00281,2024-01-01,2024-03-24,India,589.28,10.74
CUST00281,2024-01-01,2024-05-14,India,274.41,5.0
CUST00281,2024-01-01,2024-07-07,India,491.62,9.32
CUST00281,2024-01-01,2024-07-12,India,412.18,7.22
CUST00281,2024-01-01,2024-08-04,India,296.64,4.79
CUST00281,2024-01-01,2024-08-07,India,505.15,8.12
CUST00281,2024-01-01,2024-08-16,India,518.81,8.95
CUST00281,2024-01-01,2025-03-11,India,450.75,8.36
CUST00281,2024-01-01,2025-03-18,India,325.95,5.33
CUST00281,2024-01-01,2025-03-18,India,304.47,5.1
CUST00281,2024-01-01,2025-04-12,India,262.27,4.98
CUST00281,2024-01-01,2025-04-22,India,471.07,8.25
CUST00281,2024-01-01,2025-05-07,India,365.54,6.56
CUST00281,2024-01-01,2025-05-27,India,315.83,5.89
CUST00282,2024-01-01,2024-01-04,India,557.75,9.08
CUST00282,2024-01-01,2024-01-05,India,495.67,9.36
CUST00282,2024-01-01,2024-01-14,India,443.75,8.29
CUST00282,2024-01-01,2024-02-19,India,462.06,7.89
CUST00282,2024-01-01,2024-03-27,India,225.62,4.03
CUST00282,2024-01-01,2024-04-17,India,496.66,8.79
CUST00282,2024-01-01,2024-06-15,India,518.24,9.45
CUST00282,2024-01-01,2024-07-11,India,254.81,4.1
CUST00282,2024-01-01,2024-07-18,India,271.07,4.46
CUST00282,2024-01-01,2024-09-11,India,451.1,7.14
CUST00282,2024-01-01,2025-02-16,India,455.61,7.91
CUST00282,2024-01-01,2025-05-06,India,447.47,7.75
CUST00282,2024-01-01,2025-05-14,India,455.85,8.1
CUST00283,2024-06-01,2024-06-07,Nigeria,155.48,5.66
CUST00283,2024-06-01,2024-06-11,Nigeria,208.46,7.79
CUST00283,2024-06-01,2024-06-15,Nigeria,61.75,2.59
CUST00283,2024-06-01,2024-06-21,Nigeria,270.46,11.8
CUST00283,2024-06-01,2024-07-08,Nigeria,102.64,4.11
CUST00283,2024-06-01,2024-08-02,Nigeria,215.5,8.63
CUST00283,2024-06-01,2024-08-10,Nigeria,206.5,7.8
CUST00283,2024-06-01,2024-08-11,Nigeria,224.09,8.14
CUST00283,2024-06-01,2024-09-02,Nigeria,220.28,9.6
CUST00283,2024-06-01,2024-10-10,Nigeria,229.54,9.58
CUST00283,2024-06-01,2024-10-17,Nigeria,203.05,7.34
CUST00283,2024-06-01,2024-10-21,Nigeria,203.22,8.87
CUST00283,2024-06-01,2024-10-23,Nigeria,265.82,9.87
CUST00283,2024-06-01,2024-10-26,Nigeria,188.35,7.55
CUST00283,2024-06-01,2024-11-03,Nigeria,164.81,7.25
CUST00283,2024-06-01,2024-11-15,Nigeria,121.26,4.87
CUST00283,2024-06-01,2025-01-19,Nigeria,251.85,10.06
CUST00283,2024-06-01,2025-03-24,Nigeria,221.72,8.73
CUST00283,2024-06-01,2025-04-11,Nigeria,197.16,7.64
CUST00283,2024-06-01,2025-05-02,Nigeria,179.88,7.52
CUST00283,2024-06-01,2025-05-09,Nigeria,103.68,4.56
CUST00283,2024-06-01,2025-05-13,Nigeria,102.91,4.11
CUST00284,2024-05-01,2024-05-09,India,507.4,9.7
CUST00284,2024-05-01,2024-05-13,India,326.48,6.17
CUST00284,2024-05-01,2024-05-14,India,375.65,6.87
CUST00284,2024-05-01,2024-05-25,India,345.63,5.85
CUST00284,2024-05-01,2024-06-10,India,445.14,7.63
CUST00284,2024-05-01,2024-09-13,India,376.71,6.02
CUST00284,2024-05-01,2024-10-01,India,438.51,7.57
CUST00284,2024-05-01,2024-10-17,India,381.23,6.86
CUST00284,2024-05-01,2024-12-07,India,241.23,4.25
CUST00284,2024-05-01,2025-05-15,India,342.35,6.28
CUST00285,2024-05-01,2024-05-23,Nigeria,219.7,9.45
CUST00285,2024-05-01,2024-06-25,Nigeria,79.57,3.37
CUST00285,2024-05-01,2024-09-08,Nigeria,270.79,11.01
CUST00285,2024-05-01,2024-10-18,Nigeria,204.52,8.04
CUST00285,2024-05-01,2024-10-23,Nigeria,191.39,6.9
CUST00285,2024-05-01,2024-11-10,Nigeria,20.0,0.85
CUST00285,2024-05-01,2024-11-17,Nigeria,260.97,11.0
CUST00285,2024-05-01,2024-12-01,Nigeria,136.2,5.06
CUST00285,2024-05-01,2024-12-13,Nigeria,207.06,7.86
CUST00285,2024-05-01,2025-01-13,Nigeria,372.96,13.82
CUST00285,2024-05-01,2025-01-14,Nigeria,233.21,9.35
CUST00285,2024-05-01,2025-02-04,Nigeria,127.53,5.27
CUST00285,2024-05-01,2025-02-07,Nigeria,150.38,5.83
CUST00285,2024-05-01,2025-02-24,Nigeria,117.95,4.49
CUST00285,2024-05-01,2025-02-25,Nigeria,196.88,7.79
CUST00285,2024-05-01,2025-06-20,Nigeria,145.19,5.83
CUST00286,2024-05-01,2024-05-09,India,449.36,7.14
CUST00286,2024-05-01,2024-06-10,India,564.59,9.45
CUST00286,2024-05-01,2024-06-17,India,340.56,5.78
CUST00286,2024-05-01,2024-06-26,India,503.35,8.52
CUST00286,2024-05-01,2024-06-26,India,498.84,8.74
CUST00286,2024-05-01,2024-07-09,India,450.36,7.95
CUST00286,2024-05-01,2024-07-25,India,466.4,7.9
CUST00286,2024-05-01,2024-08-02,India,331.08,5.39
CUST00286,2024-05-01,2024-08-05,India,385.57,6.4
CUST00286,2024-05-01,2024-12-26,India,220.56,3.88
CUST00286,2024-05-01,2025-01-07,India,292.02,4.92
CUST00286,2024-05-01,2025-01-12,India,192.44,3.03
CUST00286,2024-05-01,2025-01-14,India,229.06,3.89
CUST00286,2024-05-01,2025-06-12,India,424.29,7.81
CUST00286,2024-05-01,2025-06-15,India,337.12,5.8
CUST00287,2024-03-01,2024-03-20,Nigeria,322.0,12.48
CUST00287,2024-03-01,2024-05-19,Nigeria,171.99,6.96
CUST00287,2024-03-01,2024-05-19,Nigeria,121.82,4.57
CUST00287,2024-03-01,2024-07-06,Nigeria,185.59,7.18
CUST00287,2024-03-01,2024-07-07,Nigeria,171.1,7.43
CUST00287,2024-03-01,2024-07-13,Nigeria,241.07,9.53
CUST00287,2024-03-01,2024-07-15,Nigeria,170.18,6.97
CUST00287,2024-03-01,2024-10-02,Nigeria,155.46,6.33
CUST00287,2024-03-01,2024-11-14,Nigeria,127.84,5.35
CUST00287,2024-03-01,2024-11-18,Nigeria,108.27,4.52
CUST00287,2024-03-01,2024-11-21,Nigeria,140.25,5.15
CUST00287,2024-03-01,2024-11-26,Nigeria,193.2,7.32
CUST00287,2024-03-01,2025-06-09,Nigeria,181.93,7.18
CUST00288,2024-02-01,2024-02-12,India,600.55,11.56
CUST00288,2024-02-01,2024-03-19,India,542.93,8.88
CUST00288,2024-02-01,2024-03-27,India,430.66,6.94
CUST00288,2024-02-01,2024-04-09,India,294.38,4.8
CUST00288,2024-02-01,2024-05-03,India,309.3,5.07
CUST00288,2024-02-01,2024-12-02,India,274.44,4.71
CUST00289,2024-01-01,2024-01-12,Nigeria,104.22,4.06
CUST00289,2024-01-01,2024-01-14,Nigeria,61.91,2.72
CUST00289,2024-01-01,2024-03-06,Nigeria,271.48,10.81
CUST00289,2024-01-01,2024-03-23,Nigeria,176.55,7.61
CUST00289,2024-01-01,2024-04-19,Nigeria,216.08,8.01
CUST00289,2024-01-01,2024-05-06,Nigeria,111.66,4.5
CUST00289,2024-01-01,2024-06-08,Nigeria,143.38,5.24
CUST00289,2024-01-01,2024-06-17,Nigeria,233.68,8.47
CUST00289,2024-01-01,2024-06-27,Nigeria,177.91,7.58
CUST00289,2024-01-01,2024-07-12,Nigeria,169.98,6.17
CUST00289,2024-01-01,2024-07-24,Nigeria,216.37,8.97
CUST00289,2024-01-01,2024-08-11,Nigeria,132.73,5.19
CUST00289,2024-01-01,2024-08-14,Nigeria,91.46,3.73
CUST00289,2024-01-01,2024-08-23,Nigeria,185.93,7.18
CUST00289,2024-01-01,2024-09-03,Nigeria,198.66,8.52
CUST00289,2024-01-01,2024-09-07,Nigeria,74.55,2.98
CUST00289,2024-01-01,2024-09-21,Nigeria,137.02,4.99
CUST00290,2024-01-01,2024-01-15,Nigeria,203.06,7.44
CUST00290,2024-01-01,2024-01-21,Nigeria,141.43,5.75
CUST00290,2024-01-01,2024-02-03,Nigeria,163.83,6.32
CUST00290,2024-01-01,2024-03-10,Nigeria,114.47,4.48
CUST00290,2024-01-01,2024-03-24,Nigeria,91.61,3.49
CUST00290,2024-01-01,2024-04-10,Nigeria,206.62,8.44
CUST00290,2024-01-01,2024-04-14,Nigeria,35.81,1.44
CUST00290,2024-01-01,2024-05-19,Nigeria,308.56,12.16
CUST00290,2024-01-01,2024-06-06,Nigeria,188.97,8.02
CUST00290,2024-01-01,2024-06-26,Nigeria,266.38,9.92
CUST00290,2024-01-01,2024-08-09,Nigeria,59.25,2.53
CUST00290,2024-01-01,2024-08-17,Nigeria,143.12,5.84
CUST00290,2024-01-01,2024-08-25,Nigeria,226.59,8.21
CUST00290,2024-01-01,2024-10-06,Nigeria,137.28,5.34
CUST00290,2024-01-01,2024-10-24,Nigeria,244.14,10.61
CUST00290,2024-01-01,2024-12-03,Nigeria,199.7,8.74
CUST00290,2024-01-01,2024-12-13,Nigeria,109.98,4.17
CUST00290,2024-01-01,2024-12-14,Nigeria,128.62,5.59
CUST00291,2024-06-01,2024-06-14,India,211.48,3.38
CUST00291,2024-06-01,2024-06-18,India,174.04,3.01
CUST00291,2024-06-01,2024-07-11,India,309.95,5.51
CUST00291,2024-06-01,2024-08-11,India,280.27,4.95
CUST00291,2024-06-01,2024-09-11,India,291.35,4.73
CUST00291,2024-06-01,2024-09-25,India,542.66,9.73
CUST00291,2024-06-01,2024-10-09,India,315.18,5.08
CUST00291,2024-06-01,2024-11-03,India,270.49,4.41
CUST00291,2024-06-01,2024-11-17,India,245.77,4.65
CUST00291,2024-06-01,2024-12-25,India,381.21,6.37
CUST00291,2024-06-01,2025-03-16,India,251.59,4.58
CUST00291,2024-06-01,2025-03-19,India,314.4,6.03
CUST00291,2024-06-01,2025-03-19,India,263.01,4.38
CUST00291,2024-06-01,2025-04-04,India,430.57,8.14
CUST00291,2024-06-01,2025-05-23,India,341.64,6.48
CUST00291,2024-06-01,2025-06-05,India,283.3,5.19
CUST00291,2024-06-01,2025-06-26,India,474.1,8.81
CUST00292,2024-07-01,2024-07-06,India,422.75,7.88
CUST00292,2024-07-01,2024-08-04,India,386.74,6.4
CUST00292,2024-07-01,2024-10-26,India,431.97,7.43
CUST00292,2024-07-01,2024-11-22,India,417.59,7.9
CUST00292,2024-07-01,2025-02-17,India,504.79,9.49
CUST00292,2024-07-01,2025-02-18,India,416.4,6.8
CUST00292,2024-07-01,2025-04-04,India,227.51,4.34
CUST00292,2024-07-01,2025-04-15,India,238.44,4.5
CUST00292,2024-07-01,2025-05-13,India,345.24,6.03
CUST00293,2024-12-01,2024-12-27,Nigeria,190.98,7.68
CUST00293,2024-12-01,2025-01-08,Nigeria,152.62,5.53
CUST00293,2024-12-01,2025-01-11,Nigeria,172.29,7.07
CUST00293,2024-12-01,2025-01-27,Nigeria,282.74,12.35
CUST00293,2024-12-01,2025-02-09,Nigeria,93.68,4.04
CUST00293,2024-12-01,2025-03-25,Nigeria,107.67,4.16
CUST00293,2024-12-01,2025-05-08,Nigeria,110.8,4.12
CUST00293,2024-12-01,2025-06-09,Nigeria,201.08,8.38
CUST00293,2024-12-01,2025-06-19,Nigeria,149.11,6.09
CUST00294,2024-08-01,2024-08-01,India,479.7,8.04
CUST00294,2024-08-01,2024-09-07,India,500.01,9.43
CUST00294,2024-08-01,2024-10-08,India,331.67,5.45
CUST00294,2024-08-01,2024-10-16,India,568.0,10.48
CUST00294,2024-08-01,2024-10-16,India,492.11,8.47
CUST00294,2024-08-01,2024-10-18,India,436.08,8.32
CUST00294,2024-08-01,2024-10-26,India,316.4,5.99
CUST00294,2024-08-01,2024-11-22,India,214.16,3.89
CUST00294,2024-08-01,2025-02-01,India,339.31,5.58
CUST00294,2024-08-01,2025-02-16,India,133.63,2.24
CUST00294,2024-08-01,2025-03-06,India,394.54,6.38
CUST00294,2024-08-01,2025-03-13,India,370.67,6.62
CUST00294,2024-08-01,2025-03-19,India,335.07,6.39
CUST00295,2024-08-01,2024-08-20,Nigeria,75.44,2.99
CUST00295,2024-08-01,2024-08-24,Nigeria,316.85,13.89
CUST00295,2024-08-01,2024-08-24,Nigeria,234.4,10.22
CUST00295,2024-08-01,2024-09-05,Nigeria,107.25,4.46
CUST00295,2024-08-01,2024-09-27,Nigeria,204.68,8.38
CUST00295,2024-08-01,2025-01-25,Nigeria,172.5,6.46
CUST00295,2024-08-01,2025-03-22,Nigeria,167.15,6.9
CUST00295,2024-08-01,2025-05-10,Nigeria,241.63,8.85
CUST00295,2024-08-01,2025-06-12,Nigeria,178.99,6.72
CUST00296,2024-08-01,2024-08-10,India,486.25,8.33
CUST00296,2024-08-01,2024-09-25,India,218.43,3.79
CUST00296,2024-08-01,2025-01-03,India,391.81,6.77
CUST00296,2024-08-01,2025-02-10,India,487.59,8.06
CUST00296,2024-08-01,2025-02-15,India,470.89,8.51
CUST00296,2024-08-01,2025-02-25,India,445.99,7.85
CUST00296,2024-08-01,2025-03-01,India,654.23,12.37
CUST00296,2024-08-01,2025-03-07,India,640.79,12.04
CUST00296,2024-08-01,2025-04-10,India,310.96,5.8
CUST00296,2024-08-01,2025-04-23,India,278.9,4.96
CUST00296,2024-08-01,2025-04-27,India,347.93,6.0
CUST00297,2024-04-01,2024-04-07,India,310.77,5.6
CUST00297,2024-04-01,2024-06-11,India,498.12,9.38
CUST00297,2024-04-01,2024-06-23,India,337.82,5.68
CUST00297,2024-04-01,2024-06-24,India,319.1,5.34
CUST00297,2024-04-01,2024-11-06,India,480.09,7.57
CUST00297,2024-04-01,2025-05-14,India,513.55,9.67
CUST00297,2024-04-01,2025-05-18,India,388.13,7.37
CUST00298,2024-10-01,2024-10-23,India,524.89,9.36
CUST00298,2024-10-01,2024-12-19,India,337.21,6.08
CUST00298,2024-10-01,2025-01-26,India,230.76,3.81
CUST00298,2024-10-01,2025-04-02,India,348.66,5.68
CUST00298,2024-10-01,2025-04-23,India,456.43,8.16
CUST00299,2024-12-01,2024-12-21,India,454.11,8.72
CUST00299,2024-12-01,2025-01-18,India,367.41,6.11
CUST00299,2024-12-01,2025-01-26,India,479.31,8.83
CUST00299,2024-12-01,2025-02-06,India,493.32,8.82
CUST00299,2024-12-01,2025-02-22,India,280.23,4.77
CUST00299,2024-12-01,2025-03-13,India,115.92,1.94
CUST00299,2024-12-01,2025-03-17,India,417.76,7.47
CUST00299,2024-12-01,2025-04-11,India,328.46,5.82
CUST00299,2024-12-01,2025-04-18,India,524.34,9.94
CUST00299,2024-12-01,2025-06-18,India,273.71,5.22
CUST00300,2024-09-01,2024-09-06,India,348.46,6.22
CUST00300,2024-09-01,2024-12-04,India,425.49,8.1
CUST00300,2024-09-01,2025-03-06,India,490.88,8.7
CUST00300,2024-09-01,2025-03-23,India,316.08,5.73
CUST00300,2024-09-01,2025-04-25,India,313.94,5.24
CUST00300,2024-09-01,2025-05-03,India,460.29,7.31
CUST00300,2024-09-01,2025-05-16,India,329.49,6.14
CUST00301,2024-11-01,2024-11-13,Nigeria,280.9,10.37
CUST00301,2024-11-01,2024-11-15,Nigeria,142.3,5.61
CUST00301,2024-11-01,2024-12-11,Nigeria,328.62,12.19
CUST00301,2024-11-01,2024-12-14,Nigeria,181.85,7.45
CUST00301,2024-11-01,2025-01-08,Nigeria,255.87,10.34
CUST00301,2024-11-01,2025-01-14,Nigeria,203.4,8.21
CUST00301,2024-11-01,2025-02-04,Nigeria,159.77,5.82
CUST00301,2024-11-01,2025-02-13,Nigeria,252.28,10.31
CUST00301,2024-11-01,2025-02-13,Nigeria,200.21,7.73
CUST00301,2024-11-01,2025-02-26,Nigeria,173.42,6.91
CUST00301,2024-11-01,2025-03-01,Nigeria,229.41,9.84
CUST00301,2024-11-01,2025-03-04,Nigeria,181.03,6.57
CUST00301,2024-11-01,2025-04-10,Nigeria,245.84,9.1
CUST00301,2024-11-01,2025-04-20,Nigeria,254.95,9.26
CUST00301,2024-11-01,2025-04-21,Nigeria,20.0,0.73
CUST00301,2024-11-01,2025-04-26,Nigeria,231.34,9.22
CUST00301,2024-11-01,2025-05-24,Nigeria,174.8,7.42
CUST00302,2024-01-01,2024-01-10,India,304.64,5.13
CUST00302,2024-01-01,2024-02-16,India,321.18,5.44
CUST00302,2024-01-01,2024-03-16,India,488.97,9.16
CUST00302,2024-01-01,2024-05-10,India,340.09,6.49
CUST00302,2024-01-01,2024-05-12,India,388.65,6.52
CUST00302,2024-01-01,2024-08-13,India,300.75,4.93
CUST00302,2024-01-01,2025-01-11,India,286.47,5.51
CUST00302,2024-01-01,2025-01-24,India,446.27,8.45
CUST00302,2024-01-01,2025-01-25,India,459.59,7.44
CUST00302,2024-01-01,2025-04-02,India,350.47,6.08
CUST00303,2024-05-01,2024-05-01,Nigeria,128.55,4.65
CUST00303,2024-05-01,2024-06-07,Nigeria,248.32,9.03
CUST00303,2024-05-01,2024-06-11,Nigeria,235.14,9.23
CUST00303,2024-05-01,2024-07-20,Nigeria,127.84,4.75
CUST00303,2024-05-01,2024-07-24,Nigeria,264.43,11.2
CUST00303,2024-05-01,2024-08-13,Nigeria,114.56,4.14
CUST00303,2024-05-01,2024-08-27,Nigeria,191.1,6.97
CUST00303,2024-05-01,2024-09-10,Nigeria,281.79,10.58
CUST00303,2024-05-01,2024-09-19,Nigeria,172.98,6.91
CUST00303,2024-05-01,2024-09-20,Nigeria,129.44,5.19
CUST00303,2024-05-01,2024-09-27,Nigeria,278.25,11.99
CUST00303,2024-05-01,2024-11-05,Nigeria,94.18,4.04
CUST00303,2024-05-01,2024-12-06,Nigeria,158.92,6.36
CUST00303,2024-05-01,2024-12-19,Nigeria,113.84,4.82
CUST00303,2024-05-01,2024-12-24,Nigeria,150.57,5.44
CUST00303,2024-05-01,2025-04-08,Nigeria,224.14,8.69
CUST00303,2024-05-01,2025-04-13,Nigeria,140.22,5.08
CUST00303,2024-05-01,2025-04-27,Nigeria,127.69,5.41
CUST00303,2024-05-01,2025-06-07,Nigeria,128.85,4.95
CUST00303,2024-05-01,2025-06-12,Nigeria,167.14,6.42
CUST00303,2024-05-01,2025-06-13,Nigeria,169.31,7.13
CUST00304,2024-12-01,2024-12-09,India,443.07,7.81
CUST00304,2024-12-01,2024-12-15,India,556.03,10.2
CUST00304,2024-12-01,2024-12-20,India,355.22,5.62
CUST00304,2024-12-01,2025-01-22,India,206.37,3.31
CUST00304,2024-12-01,2025-01-23,India,290.68,5.18
CUST00304,2024-12-01,2025-02-07,India,554.44,9.89
CUST00304,2024-12-01,2025-05-12,India,171.93,3.02
CUST00304,2024-12-01,2025-06-04,India,420.41,7.08
CUST00305,2024-03-01,2024-03-02,Nigeria,197.65,7.25
CUST00305,2024-03-01,2024-03-09,Nigeria,269.94,10.64
CUST00305,2024-03-01,2024-03-13,Nigeria,233.16,9.01
CUST00305,2024-03-01,2024-03-22,Nigeria,163.15,6.57
CUST00305,2024-03-01,2024-04-26,Nigeria,195.11,7.19
CUST00305,2024-03-01,2024-05-05,Nigeria,131.62,5.78
CUST00305,2024-03-01,2024-05-19,Nigeria,155.0,6.36
CUST00305,2024-03-01,2024-05-23,Nigeria,225.53,9.84
CUST00305,2024-03-01,2024-06-18,Nigeria,39.52,1.49
CUST00305,2024-03-01,2024-06-20,Nigeria,206.67,7.92
CUST00305,2024-03-01,2024-08-01,Nigeria,182.45,6.8
CUST00305,2024-03-01,2024-08-19,Nigeria,34.72,1.4
CUST00305,2024-03-01,2024-08-22,Nigeria,281.99,10.95
CUST00305,2024-03-01,2024-08-23,Nigeria,136.12,5.88
CUST00305,2024-03-01,2024-09-24,Nigeria,176.18,7.4
CUST00305,2024-03-01,2024-10-16,Nigeria,172.77,7.58
CUST00305,2024-03-01,2024-10-21,Nigeria,146.01,6.42
CUST00305,2024-03-01,2024-10-26,Nigeria,128.05,5.27
CUST00305,2024-03-01,2024-11-03,Nigeria,205.48,7.48
CUST00305,2024-03-01,2024-11-04,Nigeria,160.7,6.0
CUST00305,2024-03-01,2024-11-18,Nigeria,228.26,8.46
CUST00305,2024-03-01,2024-11-19,Nigeria,245.05,9.81
CUST00305,2024-03-01,2025-01-16,Nigeria,277.21,10.28
CUST00305,2024-03-01,2025-01-22,Nigeria,233.63,9.39
CUST00305,2024-03-01,2025-04-01,Nigeria,167.57,6.78
CUST00305,2024-03-01,2025-04-14,Nigeria,259.62,10.11
CUST00305,2024-03-01,2025-05-04,Nigeria,237.23,10.18
CUST00305,2024-03-01,2025-05-21,Nigeria,108.78,3.93
CUST00306,2024-02-01,2024-02-02,India,328.63,5.42
CUST00306,2024-02-01,2024-02-09,India,392.02,6.64
CUST00306,2024-02-01,2024-03-22,India,632.3,10.41
CUST00306,2024-02-01,2024-05-01,India,393.71,6.77
CUST00306,2024-02-01,2024-05-02,India,435.76,7.68
CUST00306,2024-02-01,2024-05-03,India,417.62,7.99
CUST00306,2024-02-01,2024-07-01,India,354.72,6.53
CUST00306,2024-02-01,2024-11-09,India,445.88,7.82
CUST00306,2024-02-01,2024-11-15,India,292.27,5.04
CUST00306,2024-02-01,2024-12-16,India,204.6,3.53
CUST00306,2024-02-01,2024-12-19,India,268.12,5.1
CUST00306,2024-02-01,2025-02-14,India,390.23,7.26
CUST00306,2024-02-01,2025-02-24,India,330.89,6.24
CUST00307,2024-05-01,2024-05-08,Nigeria,137.39,6.0
CUST00307,2024-05-01,2024-05-11,Nigeria,121.81,4.42
CUST00307,2024-05-01,2024-05-17,Nigeria,181.11,7.41
CUST00307,2024-05-01,2024-05-27,Nigeria,167.89,7.0
CUST00307,2024-05-01,2024-07-20,Nigeria,66.13,2.85
CUST00307,2024-05-01,2024-09-16,Nigeria,181.66,7.06
CUST00307,2024-05-01,2024-09-18,Nigeria,258.49,11.03
CUST00307,2024-05-01,2025-05-17,Nigeria,203.78,7.45
CUST00307,2024-05-01,2025-05-26,Nigeria,205.47,8.43
CUST00308,2024-02-01,2024-02-12,India,323.55,6.2
CUST00308,2024-02-01,2024-02-15,India,350.12,6.14
CUST00308,2024-02-01,2024-04-08,India,593.91,11.22
CUST00308,2024-02-01,2024-04-12,India,280.1,4.55
CUST00308,2024-02-01,2024-08-10,India,550.8,10.02
CUST00308,2024-02-01,2024-08-22,India,473.08,7.85
CUST00308,2024-02-01,2024-09-16,India,345.85,5.87
CUST00308,2024-02-01,2024-12-05,India,267.7,4.4
CUST00308,2024-02-01,2024-12-19,India,236.34,4.41
CUST00308,2024-02-01,2025-02-16,India,345.34,6.45
CUST00308,2024-02-01,2025-02-25,India,580.76,10.6
CUST00309,2024-02-01,2024-02-07,Nigeria,132.24,5.57
CUST00309,2024-02-01,2024-02-08,Nigeria,177.1,6.86
CUST00309,2024-02-01,2024-03-15,Nigeria,197.69,8.1
CUST00309,2024-02-01,2024-03-22,Nigeria,189.81,7.65
CUST00309,2024-02-01,2024-05-16,Nigeria,124.83,4.93
CUST00309,2024-02-01,2024-05-26,Nigeria,205.35,7.85
CUST00309,2024-02-01,2024-08-04,Nigeria,174.8,7.38
CUST00309,2024-02-01,2024-10-10,Nigeria,140.24,6.09
CUST00309,2024-02-01,2024-10-10,Nigeria,239.53,10.23
CUST00309,2024-02-01,2025-02-14,Nigeria,232.42,8.39
CUST00309,2024-02-01,2025-04-08,Nigeria,176.13,6.99
CUST00309,2024-02-01,2025-04-19,Nigeria,196.56,7.33
CUST00309,2024-02-01,2025-04-27,Nigeria,305.24,12.79
CUST00310,2024-05-01,2024-05-20,India,303.92,5.45
CUST00310,2024-05-01,2024-07-11,India,617.99,11.25
CUST00310,2024-05-01,2024-07-15,India,283.95,5.44
CUST00310,2024-05-01,2024-07-22,India,485.41,8.11
CUST00310,2024-05-01,2024-09-15,India,333.99,5.85
CUST00310,2024-05-01,2024-10-27,India,329.17,5.5
CUST00310,2024-05-01,2025-03-15,India,206.2,3.78
CUST00310,2024-05-01,2025-03-24,India,331.06,5.89
CUST00310,2024-05-01,2025-04-14,India,135.17,2.54
CUST00311,2024-01-01,2024-01-02,Nigeria,174.2,7.25
CUST00311,2024-01-01,2024-01-04,Nigeria,129.39,5.53
CUST00311,2024-01-01,2024-02-16,Nigeria,151.8,6.24
CUST00311,2024-01-01,2024-03-12,Nigeria,242.28,9.85
CUST00311,2024-01-01,2024-03-13,Nigeria,196.12,7.33
CUST00311,2024-01-01,2024-03-19,Nigeria,244.09,9.12
CUST00311,2024-01-01,2024-03-20,Nigeria,211.02,8.55
CUST00311,2024-01-01,2024-03-21,Nigeria,148.88,6.4
CUST00311,2024-01-01,2024-04-12,Nigeria,130.25,4.72
CUST00311,2024-01-01,2024-04-18,Nigeria,237.68,9.23
CUST00311,2024-01-01,2024-04-27,Nigeria,243.07,10.41
CUST00311,2024-01-01,2024-07-18,Nigeria,218.62,8.69
CUST00311,2024-01-01,2024-07-24,Nigeria,228.1,9.54
CUST00311,2024-01-01,2024-09-14,Nigeria,179.03,7.8
CUST00311,2024-01-01,2024-11-04,Nigeria,47.47,1.71
CUST00311,2024-01-01,2024-12-23,Nigeria,226.46,8.42
CUST00311,2024-01-01,2025-06-08,Nigeria,251.44,10.36
CUST00311,2024-01-01,2025-06-12,Nigeria,220.11,8.8
CUST00312,2024-02-01,2024-02-11,Nigeria,285.69,12.11
CUST00312,2024-02-01,2024-02-19,Nigeria,226.52,9.69
CUST00312,2024-02-01,2024-03-03,Nigeria,114.2,4.28
CUST00312,2024-02-01,2024-03-16,Nigeria,106.64,4.28
CUST00312,2024-02-01,2024-03-17,Nigeria,272.69,10.5
CUST00312,2024-02-01,2024-04-20,Nigeria,180.97,6.58
CUST00312,2024-02-01,2024-04-21,Nigeria,261.69,11.14
CUST00312,2024-02-01,2024-07-14,Nigeria,271.97,11.43
CUST00312,2024-02-01,2024-08-09,Nigeria,270.13,11.8
CUST00312,2024-02-01,2024-09-01,Nigeria,109.74,4.43
CUST00312,2024-02-01,2024-09-04,Nigeria,222.66,8.91
CUST00312,2024-02-01,2024-09-21,Nigeria,181.66,7.86
CUST00312,2024-02-01,2024-09-23,Nigeria,235.6,9.66
CUST00312,2024-02-01,2024-10-16,Nigeria,209.8,8.48
CUST00312,2024-02-01,2024-12-12,Nigeria,110.52,4.2
CUST00312,2024-02-01,2024-12-16,Nigeria,131.47,4.92
CUST00312,2024-02-01,2024-12-21,Nigeria,138.9,5.17
CUST00312,2024-02-01,2024-12-23,Nigeria,219.36,8.46
CUST00312,2024-02-01,2024-12-26,Nigeria,64.74,2.51
CUST00312,2024-02-01,2025-05-14,Nigeria,186.37,7.66
CUST00312,2024-02-01,2025-06-13,Nigeria,305.72,11.02
CUST00312,2024-02-01,2025-06-15,Nigeria,132.2,5.58
CUST00312,2024-02-01,2025-06-20,Nigeria,279.92,10.95
CUST00313,2024-01-01,2024-01-18,India,266.47,5.09
CUST00313,2024-01-01,2024-02-26,India,359.34,5.68
CUST00313,2024-01-01,2024-04-02,India,393.63,7.21
CUST00313,2024-01-01,2024-04-20,India,412.6,7.31
CUST00313,2024-01-01,2024-06-04,India,490.27,8.08
CUST00313,2024-01-01,2024-06-06,India,476.39,8.13
CUST00313,2024-01-01,2024-12-14,India,112.38,1.9
CUST00313,2024-01-01,2025-01-25,India,488.75,9.05
CUST00313,2024-01-01,2025-01-26,India,348.34,6.07
CUST00313,2024-01-01,2025-03-14,India,400.93,6.84
CUST00313,2024-01-01,2025-06-01,India,197.22,3.6
CUST00313,2024-01-01,2025-06-27,India,384.79,6.15
CUST00314,2024-10-01,2024-10-04,India,418.14,6.9
CUST00314,2024-10-01,2024-10-12,India,344.55,5.94
CUST00314,2024-10-01,2024-12-21,India,415.1,7.35
CUST00314,2024-10-01,2024-12-27,India,227.66,4.38
CUST00314,2024-10-01,2025-01-22,India,417.22,7.67
CUST00314,2024-10-01,2025-01-24,India,319.75,5.79
CUST00314,2024-10-01,2025-02-08,India,413.94,6.78
CUST00314,2024-10-01,2025-06-04,India,360.96,6.56
CUST00315,2024-06-01,2024-06-10,Nigeria,142.76,5.3
CUST00315,2024-06-01,2024-08-17,Nigeria,162.99,6.06
CUST00315,2024-06-01,2024-08-24,Nigeria,191.16,7.0
CUST00315,2024-06-01,2024-09-23,Nigeria,123.52,5.24
CUST00315,2024-06-01,2024-11-05,Nigeria,177.42,7.55
CUST00315,2024-06-01,2024-11-09,Nigeria,208.51,8.87
CUST00315,2024-06-01,2024-11-18,Nigeria,146.51,5.85
CUST00315,2024-06-01,2024-12-16,Nigeria,77.18,2.85
CUST00315,2024-06-01,2024-12-21,Nigeria,227.42,9.59
CUST00315,2024-06-01,2025-01-07,Nigeria,120.21,4.93
CUST00315,2024-06-01,2025-01-09,Nigeria,151.99,5.79
CUST00315,2024-06-01,2025-01-24,Nigeria,199.43,8.15
CUST00315,2024-06-01,2025-02-18,Nigeria,141.91,5.6
CUST00315,2024-06-01,2025-02-24,Nigeria,321.05,11.79
CUST00315,2024-06-01,2025-05-06,Nigeria,160.34,6.79
CUST00315,2024-06-01,2025-06-16,Nigeria,102.93,4.42
CUST00315,2024-06-01,2025-06-22,Nigeria,206.12,8.33
CUST00316,2024-01-01,2024-01-11,Nigeria,235.63,9.85
CUST00316,2024-01-01,2024-01-25,Nigeria,246.3,10.69
CUST00316,2024-01-01,2024-02-23,Nigeria,57.76,2.4
CUST00316,2024-01-01,2024-04-05,Nigeria,250.05,10.18
CUST00316,2024-01-01,2024-04-09,Nigeria,184.53,7.49
CUST00316,2024-01-01,2024-04-15,Nigeria,107.93,4.54
CUST00316,2024-01-01,2024-05-06,Nigeria,115.2,4.71
CUST00316,2024-01-01,2024-05-18,Nigeria,208.87,8.99
CUST00316,2024-01-01,2024-05-24,Nigeria,184.9,7.01
CUST00316,2024-01-01,2024-05-24,Nigeria,203.67,7.69
CUST00316,2024-01-01,2024-06-14,Nigeria,200.17,7.54
CUST00316,2024-01-01,2024-06-16,Nigeria,159.67,6.03
CUST00316,2024-01-01,2024-07-27,Nigeria,226.2,8.76
CUST00316,2024-01-01,2024-08-01,Nigeria,203.8,8.21
CUST00316,2024-01-01,2024-10-13,Nigeria,158.04,6.03
CUST00316,2024-01-01,2024-10-23,Nigeria,188.94,8.04
CUST00316,2024-01-01,2024-10-25,Nigeria,160.88,6.16
CUST00316,2024-01-01,2024-12-09,Nigeria,150.03,5.91
CUST00316,2024-01-01,2025-01-11,Nigeria,146.38,6.28
CUST00316,2024-01-01,2025-01-12,Nigeria,187.57,7.21
CUST00316,2024-01-01,2025-01-22,Nigeria,242.11,8.82
CUST00317,2024-02-01,2024-02-23,India,449.0,8.54
CUST00317,2024-02-01,2024-03-09,India,464.84,8.47
CUST00317,2024-02-01,2024-03-25,India,281.55,4.83
CUST00317,2024-02-01,2024-04-04,India,409.97,7.49
CUST00317,2024-02-01,2024-04-07,India,237.99,3.84
CUST00317,2024-02-01,2024-04-08,India,462.81,7.33
CUST00317,2024-02-01,2024-04-21,India,509.46,8.55
CUST00317,2024-02-01,2024-06-20,India,120.89,2.11
CUST00317,2024-02-01,2024-09-25,India,434.56,6.94
CUST00317,2024-02-01,2024-10-05,India,446.17,8.11
CUST00317,2024-02-01,2024-10-12,India,321.9,5.63
CUST00317,2024-02-01,2024-11-13,India,546.8,10.5
CUST00317,2024-02-01,2024-11-18,India,307.02,5.42
CUST00317,2024-02-01,2024-11-24,India,470.97,8.93
CUST00318,2024-01-01,2024-01-19,India,305.79,4.99
CUST00318,2024-01-01,2024-02-02,India,522.79,9.75
CUST00318,2024-01-01,2024-02-19,India,100.42,1.79
CUST00318,2024-01-01,2024-04-05,India,530.63,8.54
CUST00318,2024-01-01,2024-04-07,India,210.89,3.57
CUST00318,2024-01-01,2024-05-10,India,616.24,10.38
CUST00318,2024-01-01,2024-05-19,India,631.66,11.6
CUST00318,2024-01-01,2024-06-02,India,416.31,7.0
CUST00318,2024-01-01,2024-09-13,India,264.85,5.04
CUST00318,2024-01-01,2024-09-21,India,363.61,6.1
CUST00318,2024-01-01,2024-09-24,India,533.73,9.87
CUST00318,2024-01-01,2024-11-08,India,273.73,5.02
CUST00318,2024-01-01,2025-01-07,India,217.21,3.82
CUST00318,2024-01-01,2025-01-11,India,441.44,8.35
CUST00318,2024-01-01,2025-04-10,India,504.53,9.4
CUST00318,2024-01-01,2025-05-06,India,784.62,12.47
CUST00318,2024-01-01,2025-05-07,India,475.79,7.74
CUST00318,2024-01-01,2025-05-12,India,342.85,6.19
CUST00319,2024-07-01,2024-07-21,Nigeria,248.7,9.1
CUST00319,2024-07-01,2024-07-23,Nigeria,76.29,3.21
CUST00319,2024-07-01,2024-09-26,Nigeria,161.2,7.03
CUST00319,2024-07-01,2024-10-04,Nigeria,86.71,3.67
CUST00319,2024-07-01,2024-11-17,Nigeria,279.65,12.14
CUST00319,2024-07-01,2024-11-20,Nigeria,153.76,6.21
CUST00319,2024-07-01,2025-03-11,Nigeria,229.6,8.88
CUST00319,2024-07-01,2025-03-15,Nigeria,171.63,6.68
CUST00319,2024-07-01,2025-03-23,Nigeria,71.5,2.98
CUST00319,2024-07-01,2025-04-20,Nigeria,235.06,9.16
CUST00319,2024-07-01,2025-04-22,Nigeria,177.19,7.54
CUST00319,2024-07-01,2025-06-03,Nigeria,108.45,4.43
CUST00319,2024-07-01,2025-06-08,Nigeria,85.37,3.54
CUST00320,2024-01-01,2024-01-05,India,460.08,8.83
CUST00320,2024-01-01,2024-02-07,India,327.68,6.18
CUST00320,2024-01-01,2024-03-24,India,416.15,6.91
CUST00320,2024-01-01,2024-04-07,India,188.34,3.3
CUST00320,2024-01-01,2024-04-11,India,432.69,8.2
CUST00320,2024-01-01,2024-04-14,India,181.41,3.12
CUST00320,2024-01-01,2024-04-21,India,329.7,6.17
CUST00320,2024-01-01,2024-05-19,India,165.54,2.74
CUST00320,2024-01-01,2024-05-22,India,258.98,4.24
CUST00320,2024-01-01,2024-06-19,India,553.92,9.95
CUST00320,2024-01-01,2024-07-03,India,319.33,5.45
CUST00320,2024-01-01,2024-07-11,India,366.42,6.2
CUST00320,2024-01-01,2024-07-26,India,389.62,6.15
CUST00320,2024-01-01,2024-09-14,India,372.14,6.22
CUST00320,2024-01-01,2024-09-25,India,549.77,9.23
CUST00321,2024-05-01,2024-05-12,Nigeria,281.65,11.95
CUST00321,2024-05-01,2024-05-19,Nigeria,146.37,6.12
CUST00321,2024-05-01,2024-06-04,Nigeria,168.86,7.32
CUST00321,2024-05-01,2024-06-22,Nigeria,85.98,3.24
CUST00321,2024-05-01,2024-07-17,Nigeria,125.57,4.69
CUST00321,2024-05-01,2024-07-18,Nigeria,160.54,6.13
CUST00321,2024-05-01,2024-07-23,Nigeria,155.83,6.41
CUST00321,2024-05-01,2024-09-03,Nigeria,192.8,7.07
CUST00321,2024-05-01,2024-09-04,Nigeria,235.85,9.29
CUST00321,2024-05-01,2024-09-15,Nigeria,154.0,6.64
CUST00321,2024-05-01,2024-10-01,Nigeria,231.72,9.25
CUST00321,2024-05-01,2024-11-04,Nigeria,274.79,11.24
CUST00321,2024-05-01,2024-11-09,Nigeria,173.31,6.6
CUST00321,2024-05-01,2025-03-25,Nigeria,280.3,12.01
CUST00322,2024-05-01,2024-05-02,Nigeria,112.75,4.79
CUST00322,2024-05-01,2024-05-17,Nigeria,179.14,7.65
CUST00322,2024-05-01,2024-06-04,Nigeria,163.97,6.48
CUST00322,2024-05-01,2024-06-21,Nigeria,101.25,4.33
CUST00322,2024-05-01,2024-06-22,Nigeria,99.64,4.28
CUST00322,2024-05-01,2024-08-07,Nigeria,118.55,5.19
CUST00322,2024-05-01,2024-08-07,Nigeria,152.43,6.17
CUST00322,2024-05-01,2024-08-18,Nigeria,193.33,7.66
CUST00322,2024-05-01,2024-09-05,Nigeria,124.76,4.54
CUST00322,2024-05-01,2024-09-13,Nigeria,120.02,4.79
CUST00322,2024-05-01,2024-12-27,Nigeria,164.62,7.13
CUST00322,2024-05-01,2025-04-10,Nigeria,73.28,3.01
CUST00323,2024-05-01,2024-05-16,Nigeria,196.85,7.19
CUST00323,2024-05-01,2024-05-27,Nigeria,212.32,8.07
CUST00323,2024-05-01,2024-06-24,Nigeria,134.39,5.09
CUST00323,2024-05-01,2024-08-05,Nigeria,127.98,4.63
CUST00323,2024-05-01,2024-08-24,Nigeria,207.87,7.59
CUST00323,2024-05-01,2024-09-05,Nigeria,239.3,9.19
CUST00323,2024-05-01,2024-11-23,Nigeria,230.97,8.42
CUST00323,2024-05-01,2024-11-25,Nigeria,128.0,4.97
CUST00323,2024-05-01,2024-11-27,Nigeria,93.89,3.76
CUST00323,2024-05-01,2025-01-17,Nigeria,140.62,5.96
CUST00323,2024-05-01,2025-01-24,Nigeria,152.21,6.56
CUST00323,2024-05-01,2025-05-01,Nigeria,129.41,5.2
CUST00323,2024-05-01,2025-05-02,Nigeria,189.93,7.42
CUST00323,2024-05-01,2025-05-16,Nigeria,272.15,11.92
CUST00323,2024-05-01,2025-05-17,Nigeria,231.24,10.06
CUST00324,2024-10-01,2024-10-16,India,89.39,1.68
CUST00324,2024-10-01,2024-10-24,India,446.76,8.42
CUST00324,2024-10-01,2024-11-01,India,352.81,6.79
CUST00324,2024-10-01,2024-11-12,India,541.85,9.32
CUST00324,2024-10-01,2025-01-03,India,269.64,5.05
CUST00324,2024-10-01,2025-01-19,India,249.86,4.04
CUST00324,2024-10-01,2025-01-19,India,379.36,6.41
CUST00324,2024-10-01,2025-01-20,India,132.33,2.09
CUST00324,2024-10-01,2025-01-24,India,458.57,7.79
CUST00324,2024-10-01,2025-02-11,India,465.69,7.98
CUST00324,2024-10-01,2025-03-11,India,473.76,8.18
CUST00324,2024-10-01,2025-03-21,India,306.16,5.49
CUST00324,2024-10-01,2025-05-04,India,620.98,10.87
CUST00324,2024-10-01,2025-05-26,India,268.33,4.82
CUST00324,2024-10-01,2025-06-13,India,516.17,9.78
CUST00324,2024-10-01,2025-06-13,India,214.21,3.72
CUST00325,2024-05-01,2024-05-22,India,186.59,2.98
CUST00325,2024-05-01,2024-10-10,India,362.16,5.87
CUST00325,2024-05-01,2024-12-11,India,312.78,5.93
CUST00325,2024-05-01,2024-12-11,India,442.7,8.37
CUST00325,2024-05-01,2024-12-16,India,266.66,4.27
CUST00325,2024-05-01,2024-12-18,India,386.4,7.26
CUST00325,2024-05-01,2025-01-23,India,337.77,5.57
CUST00325,2024-05-01,2025-02-03,India,308.8,5.73
CUST00325,2024-05-01,2025-03-01,India,426.53,8.05
CUST00325,2024-05-01,2025-03-26,India,376.83,6.2
CUST00325,2024-05-01,2025-04-01,India,381.86,6.12
CUST00325,2024-05-01,2025-04-05,India,376.83,6.79
CUST00325,2024-05-01,2025-04-21,India,384.89,6.08
CUST00326,2024-01-01,2024-01-19,Nigeria,234.39,9.4
CUST00326,2024-01-01,2024-02-06,Nigeria,189.76,7.55
CUST00326,2024-01-01,2024-02-09,Nigeria,296.25,12.27
CUST00326,2024-01-01,2024-03-12,Nigeria,207.29,7.55
CUST00326,2024-01-01,2024-07-01,Nigeria,166.8,6.76
CUST00326,2024-01-01,2024-07-09,Nigeria,190.08,7.9
CUST00326,2024-01-01,2024-07-16,Nigeria,221.12,8.36
CUST00326,2024-01-01,2024-10-08,Nigeria,254.77,10.83
CUST00326,2024-01-01,2024-10-23,Nigeria,137.4,5.1
CUST00326,2024-01-01,2024-11-21,Nigeria,198.65,8.21
CUST00326,2024-01-01,2025-02-02,Nigeria,141.43,5.48
CUST00326,2024-01-01,2025-02-06,Nigeria,105.32,4.38
CUST00326,2024-01-01,2025-02-07,Nigeria,227.14,8.6
CUST00326,2024-01-01,2025-02-09,Nigeria,177.1,6.56
CUST00326,2024-01-01,2025-02-20,Nigeria,229.96,9.52
CUST00326,2024-01-01,2025-02-24,Nigeria,137.01,4.97
CUST00326,2024-01-01,2025-05-01,Nigeria,209.58,8.15
CUST00327,2024-04-01,2024-04-27,India,340.95,5.84
CUST00327,2024-04-01,2024-05-24,India,216.19,3.98
CUST00327,2024-04-01,2024-06-19,India,265.61,4.28
CUST00327,2024-04-01,2024-07-17,India,624.37,11.68
CUST00327,2024-04-01,2024-07-27,India,542.38,9.7
CUST00327,2024-04-01,2024-08-09,India,379.58,6.82
CUST00327,2024-04-01,2024-09-09,India,486.02,8.38
CUST00327,2024-04-01,2024-09-13,India,382.7,7.22
CUST00327,2024-04-01,2024-10-25,India,301.61,5.61
CUST00327,2024-04-01,2024-10-26,India,388.68,6.86
CUST00327,2024-04-01,2024-11-04,India,523.8,9.05
CUST00327,2024-04-01,2024-11-17,India,509.19,9.0
CUST00327,2024-04-01,2024-11-21,India,374.29,6.7
CUST00327,2024-04-01,2024-12-03,India,530.37,9.23
CUST00327,2024-04-01,2024-12-13,India,288.57,4.99
CUST00327,2024-04-01,2024-12-15,India,255.51,4.55
CUST00327,2024-04-01,2025-01-20,India,516.17,9.9
CUST00327,2024-04-01,2025-01-26,India,412.65,6.76
CUST00327,2024-04-01,2025-02-08,India,489.07,8.7
CUST00327,2024-04-01,2025-02-18,India,557.36,10.19
CUST00328,2024-01-01,2024-01-01,Nigeria,136.71,5.36
CUST00328,2024-01-01,2024-01-17,Nigeria,107.18,4.16
CUST00328,2024-01-01,2024-01-25,Nigeria,231.82,8.79
CUST00328,2024-01-01,2024-03-07,Nigeria,178.88,7.58
CUST00328,2024-01-01,2024-03-11,Nigeria,311.48,12.21
CUST00328,2024-01-01,2024-05-17,Nigeria,113.65,4.57
CUST00328,2024-01-01,2024-06-05,Nigeria,159.67,6.2
CUST00328,2024-01-01,2024-06-13,Nigeria,241.56,9.98
CUST00328,2024-01-01,2024-07-16,Nigeria,211.67,7.82
CUST00328,2024-01-01,2024-08-04,Nigeria,88.26,3.78
CUST00328,2024-01-01,2024-08-17,Nigeria,234.09,9.89
CUST00328,2024-01-01,2024-08-18,Nigeria,233.56,9.34
CUST00328,2024-01-01,2024-08-19,Nigeria,133.37,5.51
CUST00328,2024-01-01,2024-08-21,Nigeria,233.55,9.16
CUST00328,2024-01-01,2024-10-07,Nigeria,189.0,7.42
CUST00328,2024-01-01,2024-10-23,Nigeria,120.49,4.38
CUST00328,2024-01-01,2024-10-26,Nigeria,126.04,5.54
CUST00328,2024-01-01,2024-10-27,Nigeria,223.79,8.19
CUST00328,2024-01-01,2025-03-16,Nigeria,233.37,10.11
CUST00328,2024-01-01,2025-03-25,Nigeria,169.24,7.18
CUST00328,2024-01-01,2025-05-04,Nigeria,186.41,6.81
CUST00329,2024-02-01,2024-02-23,India,483.04,8.19
CUST00329,2024-02-01,2024-03-03,India,445.16,7.84
CUST00329,2024-02-01,2024-04-26,India,230.17,3.63
CUST00329,2024-02-01,2024-07-05,India,404.82,6.97
CUST00329,2024-02-01,2024-07-25,India,311.1,5.26
CUST00329,2024-02-01,2025-04-10,India,475.09,8.03
CUST00329,2024-02-01,2025-04-11,India,207.33,3.63
CUST00329,2024-02-01,2025-04-15,India,111.28,1.93
CUST00329,2024-02-01,2025-04-15,India,334.46,6.09
CUST00329,2024-02-01,2025-04-24,India,565.32,9.12
CUST00329,2024-02-01,2025-04-27,India,495.2,9.36
CUST00329,2024-02-01,2025-06-08,India,499.34,8.62
CUST00330,2024-08-01,2024-08-18,India,308.17,5.2
CUST00330,2024-08-01,2024-09-11,India,348.83,6.54
CUST00330,2024-08-01,2024-09-27,India,570.46,9.55
CUST00330,2024-08-01,2024-10-03,India,559.21,9.4
CUST00330,2024-08-01,2024-10-12,India,262.81,4.31
CUST00330,2024-08-01,2024-12-17,India,333.02,5.79
CUST00330,2024-08-01,2024-12-18,India,438.27,7.81
CUST00330,2024-08-01,2025-02-09,India,185.32,3.35
CUST00330,2024-08-01,2025-02-22,India,207.94,3.87
CUST00330,2024-08-01,2025-02-27,India,275.42,4.4
CUST00330,2024-08-01,2025-03-03,India,418.91,7.8
CUST00330,2024-08-01,2025-05-09,India,493.49,8.77
CUST00331,2024-10-01,2024-10-10,India,233.88,3.8
CUST00331,2024-10-01,2024-10-23,India,463.43,7.76
CUST00331,2024-10-01,2025-01-03,India,358.37,6.41
CUST00331,2024-10-01,2025-01-12,India,254.9,4.58
CUST00331,2024-10-01,2025-02-09,India,510.42,9.81
CUST00331,2024-10-01,2025-05-07,India,417.84,7.51
CUST00331,2024-10-01,2025-05-18,India,493.32,7.96
CUST00331,2024-10-01,2025-05-21,India,328.44,5.92
CUST00331,2024-10-01,2025-05-24,India,395.22,7.55
CUST00332,2024-06-01,2024-06-17,Nigeria,118.41,5.03
CUST00332,2024-06-01,2024-07-02,Nigeria,119.5,4.94
CUST00332,2024-06-01,2024-07-21,Nigeria,137.29,5.32
CUST00332,2024-06-01,2024-08-04,Nigeria,227.39,9.82
CUST00332,2024-06-01,2024-09-12,Nigeria,212.16,8.51
CUST00332,2024-06-01,2024-10-10,Nigeria,149.44,6.43
CUST00332,2024-06-01,2025-02-20,Nigeria,191.69,7.32
CUST00332,2024-06-01,2025-04-08,Nigeria,106.09,4.1
CUST00332,2024-06-01,2025-04-18,Nigeria,214.76,8.07
CUST00332,2024-06-01,2025-06-15,Nigeria,225.39,8.53
CUST00332,2024-06-01,2025-06-19,Nigeria,163.37,6.28
CUST00332,2024-06-01,2025-06-19,Nigeria,171.8,7.51
CUST00333,2024-02-01,2024-02-17,Nigeria,145.63,5.31
CUST00333,2024-02-01,2024-03-07,Nigeria,86.17,3.73
CUST00333,2024-02-01,2024-03-15,Nigeria,197.05,8.42
CUST00333,2024-02-01,2024-03-19,Nigeria,209.27,7.65
CUST00333,2024-02-01,2024-04-25,Nigeria,172.47,6.38
CUST00333,2024-02-01,2024-06-16,Nigeria,188.33,6.95
CUST00333,2024-02-01,2024-07-03,Nigeria,193.09,8.09
CUST00333,2024-02-01,2024-07-16,Nigeria,200.22,7.4
CUST00333,2024-02-01,2024-09-20,Nigeria,228.0,9.65
CUST00333,2024-02-01,2024-10-04,Nigeria,102.57,4.0
CUST00333,2024-02-01,2024-10-16,Nigeria,205.06,7.7
CUST00333,2024-02-01,2025-03-22,Nigeria,165.52,6.41
CUST00333,2024-02-01,2025-04-01,Nigeria,148.09,6.17
CUST00333,2024-02-01,2025-04-25,Nigeria,169.04,7.24
CUST00333,2024-02-01,2025-04-26,Nigeria,256.06,11.12
CUST00333,2024-02-01,2025-06-03,Nigeria,238.87,9.65
CUST00333,2024-02-01,2025-06-10,Nigeria,173.55,7.13
CUST00334,2024-06-01,2024-06-13,Nigeria,161.4,5.98
CUST00334,2024-06-01,2024-07-05,Nigeria,229.09,8.81
CUST00334,2024-06-01,2024-07-05,Nigeria,163.77,6.72
CUST00334,2024-06-01,2024-07-06,Nigeria,149.77,5.82
CUST00334,2024-06-01,2024-07-25,Nigeria,252.16,10.9
CUST00334,2024-06-01,2024-07-26,Nigeria,215.68,7.84
CUST00334,2024-06-01,2024-09-11,Nigeria,83.87,3.08
CUST00334,2024-06-01,2024-09-24,Nigeria,195.25,8.32
CUST00334,2024-06-01,2025-01-05,Nigeria,266.55,11.24
CUST00334,2024-06-01,2025-01-12,Nigeria,173.9,7.01
CUST00334,2024-06-01,2025-01-26,Nigeria,158.59,6.65
CUST00334,2024-06-01,2025-02-13,Nigeria,101.16,4.32
CUST00334,2024-06-01,2025-02-19,Nigeria,31.38,1.19
CUST00334,2024-06-01,2025-03-20,Nigeria,192.29,7.66
CUST00334,2024-06-01,2025-03-20,Nigeria,192.65,7.28
CUST00334,2024-06-01,2025-04-05,Nigeria,251.21,10.01
CUST00334,2024-06-01,2025-04-10,Nigeria,181.49,7.23
CUST00334,2024-06-01,2025-04-10,Nigeria,169.76,7.2
CUST00334,2024-06-01,2025-04-16,Nigeria,242.75,9.44
CUST00335,2024-11-01,2024-11-09,India,428.89,7.91
CUST00335,2024-11-01,2024-11-18,India,218.5,3.67
CUST00335,2024-11-01,2025-01-11,India,419.98,7.34
CUST00335,2024-11-01,2025-01-12,India,322.89,5.56
CUST00335,2024-11-01,2025-01-15,India,373.95,7.0
CUST00335,2024-11-01,2025-03-08,India,127.9,2.07
CUST00335,2024-11-01,2025-04-19,India,428.49,7.18
CUST00336,2024-07-01,2024-07-04,Nigeria,213.69,8.02
CUST00336,2024-07-01,2024-07-11,Nigeria,158.96,5.88
CUST00336,2024-07-01,2024-07-24,Nigeria,151.44,6.04
CUST00336,2024-07-01,2024-08-15,Nigeria,166.19,6.57
CUST00336,2024-07-01,2024-09-06,Nigeria,40.71,1.73
CUST00336,2024-07-01,2024-10-08,Nigeria,178.45,6.51
CUST00336,2024-07-01,2024-10-10,Nigeria,187.0,8.18
CUST00336,2024-07-01,2024-11-05,Nigeria,22.79,1.0
CUST00336,2024-07-01,2025-02-23,Nigeria,203.02,8.9
CUST00336,2024-07-01,2025-03-11,Nigeria,127.31,5.48
CUST00336,2024-07-01,2025-04-01,Nigeria,199.03,7.52
CUST00336,2024-07-01,2025-04-04,Nigeria,86.18,3.23
CUST00336,2024-07-01,2025-04-12,Nigeria,118.82,4.59
CUST00336,2024-07-01,2025-04-16,Nigeria,202.36,8.16
CUST00336,2024-07-01,2025-06-12,Nigeria,229.25,8.72
CUST00336,2024-07-01,2025-06-14,Nigeria,253.3,10.34
CUST00337,2024-05-01,2024-05-03,Nigeria,228.9,9.55
CUST00337,2024-05-01,2024-05-04,Nigeria,211.98,8.77
CUST00337,2024-05-01,2024-05-16,Nigeria,98.87,4.1
CUST00337,2024-05-01,2024-05-18,Nigeria,200.83,7.72
CUST00337,2024-05-01,2024-07-04,Nigeria,361.82,13.84
CUST00337,2024-05-01,2024-07-06,Nigeria,223.59,9.58
CUST00337,2024-05-01,2024-07-12,Nigeria,137.65,5.1
CUST00337,2024-05-01,2024-07-24,Nigeria,213.11,8.38
CUST00337,2024-05-01,2024-08-12,Nigeria,219.18,8.24
CUST00337,2024-05-01,2024-08-13,Nigeria,252.29,9.72
CUST00337,2024-05-01,2024-08-19,Nigeria,202.61,8.22
CUST00337,2024-05-01,2024-08-23,Nigeria,184.61,6.87
CUST00337,2024-05-01,2024-08-26,Nigeria,32.46,1.3
CUST00337,2024-05-01,2024-10-01,Nigeria,195.28,8.59
CUST00337,2024-05-01,2024-10-25,Nigeria,251.36,9.42
CUST00337,2024-05-01,2025-01-02,Nigeria,192.1,7.86
CUST00337,2024-05-01,2025-02-01,Nigeria,240.5,10.56
CUST00337,2024-05-01,2025-02-06,Nigeria,181.92,7.4
CUST00337,2024-05-01,2025-03-01,Nigeria,215.99,9.45
CUST00337,2024-05-01,2025-03-10,Nigeria,216.58,8.11
CUST00337,2024-05-01,2025-03-11,Nigeria,248.74,9.78
CUST00337,2024-05-01,2025-03-23,Nigeria,173.5,7.26
CUST00337,2024-05-01,2025-03-26,Nigeria,169.3,6.79
CUST00338,2024-11-01,2024-11-05,India,460.97,8.73
CUST00338,2024-11-01,2024-11-27,India,230.21,4.16
CUST00338,2024-11-01,2024-12-03,India,519.34,9.52
CUST00338,2024-11-01,2024-12-07,India,360.7,5.75
CUST00338,2024-11-01,2024-12-10,India,348.72,6.39
CUST00338,2024-11-01,2024-12-27,India,218.32,4.08
CUST00338,2024-11-01,2025-01-10,India,315.4,5.82
CUST00338,2024-11-01,2025-01-13,India,254.95,4.75
CUST00338,2024-11-01,2025-01-24,India,402.45,7.71
CUST00338,2024-11-01,2025-02-13,India,76.9,1.43
CUST00338,2024-11-01,2025-05-05,India,461.1,7.66
CUST00338,2024-11-01,2025-05-08,India,439.01,7.51
CUST00339,2024-06-01,2024-06-24,Nigeria,216.09,8.95
CUST00339,2024-06-01,2024-09-12,Nigeria,226.56,9.12
CUST00339,2024-06-01,2024-09-13,Nigeria,155.93,5.71
CUST00339,2024-06-01,2024-11-04,Nigeria,93.75,4.12
CUST00339,2024-06-01,2024-11-12,Nigeria,182.65,7.36
CUST00339,2024-06-01,2024-11-17,Nigeria,256.41,10.91
CUST00339,2024-06-01,2024-11-17,Nigeria,221.83,8.75
CUST00339,2024-06-01,2024-11-19,Nigeria,84.61,3.6
CUST00339,2024-06-01,2024-11-20,Nigeria,140.25,5.96
CUST00339,2024-06-01,2025-02-02,Nigeria,178.85,6.74
CUST00339,2024-06-01,2025-02-04,Nigeria,41.07,1.73
CUST00339,2024-06-01,2025-03-18,Nigeria,331.0,13.04
CUST00339,2024-06-01,2025-03-18,Nigeria,133.72,5.88
CUST00339,2024-06-01,2025-03-26,Nigeria,138.94,5.71
CUST00339,2024-06-01,2025-04-04,Nigeria,77.7,3.05
CUST00339,2024-06-01,2025-04-16,Nigeria,134.28,5.25
CUST00339,2024-06-01,2025-04-27,Nigeria,293.58,12.84
CUST00339,2024-06-01,2025-05-01,Nigeria,112.03,4.21
CUST00339,2024-06-01,2025-05-09,Nigeria,216.67,8.69
CUST00340,2024-02-01,2024-02-03,India,387.34,6.53
CUST00340,2024-02-01,2024-02-22,India,400.4,6.85
CUST00340,2024-02-01,2024-03-12,India,465.22,8.82
CUST00340,2024-02-01,2024-04-25,India,370.87,6.63
CUST00340,2024-02-01,2024-07-14,India,472.58,8.93
CUST00340,2024-02-01,2024-08-06,India,161.24,2.82
CUST00340,2024-02-01,2024-08-22,India,378.99,6.3
CUST00340,2024-02-01,2024-12-05,India,429.18,7.7
CUST00340,2024-02-01,2024-12-25,India,338.49,6.1
CUST00340,2024-02-01,2025-02-05,India,374.05,6.19
CUST00340,2024-02-01,2025-02-17,India,417.63,7.23
CUST00340,2024-02-01,2025-05-03,India,350.7,6.3
CUST00340,2024-02-01,2025-05-21,India,364.28,6.43
CUST00341,2024-02-01,2024-02-13,Nigeria,109.21,4.42
CUST00341,2024-02-01,2024-02-15,Nigeria,156.11,6.18
CUST00341,2024-02-01,2024-04-18,Nigeria,177.65,7.45
CUST00341,2024-02-01,2024-05-01,Nigeria,100.76,3.71
CUST00341,2024-02-01,2024-05-09,Nigeria,143.82,6.09
CUST00341,2024-02-01,2024-05-15,Nigeria,198.68,8.6
CUST00341,2024-02-01,2024-05-23,Nigeria,184.76,7.92
CUST00341,2024-02-01,2024-07-15,Nigeria,180.39,7.11
CUST00341,2024-02-01,2024-07-21,Nigeria,198.65,8.17
CUST00341,2024-02-01,2024-08-01,Nigeria,178.34,7.41
CUST00341,2024-02-01,2024-08-10,Nigeria,136.06,4.95
CUST00341,2024-02-01,2024-08-13,Nigeria,125.55,4.92
CUST00341,2024-02-01,2024-08-15,Nigeria,52.47,2.15
CUST00341,2024-02-01,2024-09-17,Nigeria,176.04,6.71
CUST00341,2024-02-01,2024-09-18,Nigeria,231.15,10.04
CUST00341,2024-02-01,2024-09-20,Nigeria,176.49,6.56
CUST00341,2024-02-01,2024-10-05,Nigeria,222.89,8.73
CUST00341,2024-02-01,2024-10-06,Nigeria,196.05,7.34
CUST00341,2024-02-01,2024-10-09,Nigeria,68.51,2.57
CUST00341,2024-02-01,2024-10-15,Nigeria,233.27,9.0
CUST00341,2024-02-01,2024-10-19,Nigeria,135.3,5.2
CUST00341,2024-02-01,2024-10-20,Nigeria,211.33,7.99
CUST00341,2024-02-01,2024-11-07,Nigeria,197.6,7.46
CUST00341,2024-02-01,2024-11-12,Nigeria,249.07,9.33
CUST00341,2024-02-01,2024-11-24,Nigeria,115.21,4.49
CUST00341,2024-02-01,2024-11-25,Nigeria,167.62,6.93
CUST00341,2024-02-01,2024-11-27,Nigeria,122.56,4.63
CUST00341,2024-02-01,2024-12-06,Nigeria,158.84,5.97
CUST00341,2024-02-01,2024-12-19,Nigeria,134.06,5.56
CUST00341,2024-02-01,2024-12-26,Nigeria,133.42,5.13
CUST00341,2024-02-01,2025-01-22,Nigeria,229.72,9.56
CUST00341,2024-02-01,2025-01-26,Nigeria,150.61,6.09
CUST00341,2024-02-01,2025-03-05,Nigeria,171.74,6.92
CUST00341,2024-02-01,2025-03-09,Nigeria,159.26,5.82
CUST00341,2024-02-01,2025-03-16,Nigeria,133.03,5.56
CUST00341,2024-02-01,2025-03-21,Nigeria,197.43,7.37
CUST00341,2024-02-01,2025-03-21,Nigeria,140.81,5.99
CUST00341,2024-02-01,2025-03-27,Nigeria,119.71,4.66
CUST00342,2024-11-01,2024-11-07,India,542.1,9.99
CUST00342,2024-11-01,2024-11-17,India,255.12,4.63
CUST00342,2024-11-01,2024-11-23,India,310.72,5.04
CUST00342,2024-11-01,2024-12-03,India,318.31,5.35
CUST00342,2024-11-01,2024-12-06,India,506.56,9.02
CUST00342,2024-11-01,2024-12-15,India,408.28,7.47
CUST00342,2024-11-01,2024-12-20,India,466.47,7.92
CUST00342,2024-11-01,2024-12-27,India,253.65,4.79
CUST00342,2024-11-01,2025-01-15,India,385.15,6.28
CUST00342,2024-11-01,2025-01-18,India,493.87,7.9
CUST00342,2024-11-01,2025-06-07,India,353.05,5.67
CUST00342,2024-11-01,2025-06-18,India,379.68,7.03
CUST00343,2024-02-01,2024-02-04,India,252.99,4.63
CUST00343,2024-02-01,2024-02-08,India,328.3,5.4
CUST00343,2024-02-01,2024-03-20,India,229.04,3.92
CUST00343,2024-02-01,2024-05-10,India,593.02,10.73
CUST00343,2024-02-01,2024-05-25,India,361.96,6.41
CUST00343,2024-02-01,2024-07-04,India,523.85,8.36
CUST00343,2024-02-01,2024-07-15,India,511.31,8.06
CUST00343,2024-02-01,2024-09-13,India,230.27,4.4
CUST00343,2024-02-01,2024-09-24,India,380.63,6.34
CUST00343,2024-02-01,2024-10-08,India,381.01,7.19
CUST00343,2024-02-01,2024-10-19,India,299.5,4.97
CUST00343,2024-02-01,2025-03-07,India,396.67,7.22
CUST00343,2024-02-01,2025-05-16,India,287.39,5.51
CUST00344,2024-06-01,2024-06-15,India,407.78,7.1
CUST00344,2024-06-01,2024-06-18,India,417.17,7.1
CUST00344,2024-06-01,2024-06-22,India,675.01,11.07
CUST00344,2024-06-01,2024-07-05,India,385.54,7.03
CUST00344,2024-06-01,2024-07-22,India,375.88,6.22
CUST00344,2024-06-01,2024-08-18,India,508.36,8.94
CUST00344,2024-06-01,2024-09-04,India,381.69,7.14
CUST00344,2024-06-01,2024-09-08,India,478.8,7.87
CUST00344,2024-06-01,2024-09-13,India,387.85,7.32
CUST00344,2024-06-01,2024-12-23,India,531.31,8.73
CUST00344,2024-06-01,2025-02-07,India,418.27,7.55
CUST00344,2024-06-01,2025-02-12,India,323.99,5.17
CUST00344,2024-06-01,2025-05-01,India,462.8,8.56
CUST00344,2024-06-01,2025-05-02,India,576.63,10.26
CUST00345,2024-12-01,2024-12-12,India,363.64,5.99
CUST00345,2024-12-01,2025-01-06,India,355.25,6.1
CUST00345,2024-12-01,2025-02-04,India,259.92,4.21
CUST00345,2024-12-01,2025-03-08,India,346.06,6.24
CUST00345,2024-12-01,2025-05-04,India,314.94,5.44
CUST00345,2024-12-01,2025-05-22,India,409.89,7.33
CUST00346,2024-10-01,2024-10-21,Nigeria,139.47,5.97
CUST00346,2024-10-01,2024-11-06,Nigeria,122.61,5.05
CUST00346,2024-10-01,2024-11-13,Nigeria,86.27,3.45
CUST00346,2024-10-01,2024-12-05,Nigeria,143.46,6.27
CUST00346,2024-10-01,2025-01-03,Nigeria,232.53,8.41
CUST00346,2024-10-01,2025-02-09,Nigeria,190.67,7.07
CUST00346,2024-10-01,2025-03-13,Nigeria,44.94,1.74
CUST00346,2024-10-01,2025-03-21,Nigeria,94.21,3.54
CUST00346,2024-10-01,2025-04-27,Nigeria,220.7,9.03
CUST00347,2024-05-01,2024-05-06,Nigeria,77.44,2.89
CUST00347,2024-05-01,2024-05-07,Nigeria,168.32,6.56
CUST00347,2024-05-01,2024-06-15,Nigeria,139.13,5.63
CUST00347,2024-05-01,2024-06-20,Nigeria,207.45,7.91
CUST00347,2024-05-01,2024-08-08,Nigeria,119.62,4.32
CUST00347,2024-05-01,2024-08-24,Nigeria,140.87,5.64
CUST00347,2024-05-01,2024-09-03,Nigeria,296.35,11.68
CUST00347,2024-05-01,2024-09-23,Nigeria,210.94,8.59
CUST00347,2024-05-01,2024-09-25,Nigeria,81.12,3.39
CUST00347,2024-05-01,2024-10-11,Nigeria,274.34,9.97
CUST00347,2024-05-01,2024-10-18,Nigeria,135.65,5.0
CUST00347,2024-05-01,2024-10-23,Nigeria,198.87,8.31
CUST00347,2024-05-01,2024-12-05,Nigeria,128.63,5.55
CUST00347,2024-05-01,2024-12-25,Nigeria,243.18,10.32
CUST00347,2024-05-01,2025-06-09,Nigeria,96.81,3.62
CUST00347,2024-05-01,2025-06-16,Nigeria,256.13,10.13
CUST00347,2024-05-01,2025-06-18,Nigeria,185.41,7.36
CUST00347,2024-05-01,2025-06-25,Nigeria,239.04,10.15
CUST00348,2024-10-01,2024-10-02,Nigeria,125.24,5.04
CUST00348,2024-10-01,2024-11-18,Nigeria,187.63,7.85
CUST00348,2024-10-01,2024-11-24,Nigeria,209.03,8.45
CUST00348,2024-10-01,2025-01-05,Nigeria,228.8,8.6
CUST00348,2024-10-01,2025-01-15,Nigeria,174.35,6.54
CUST00348,2024-10-01,2025-03-18,Nigeria,239.45,9.39
CUST00348,2024-10-01,2025-03-25,Nigeria,111.2,4.03
CUST00348,2024-10-01,2025-04-05,Nigeria,142.89,6.22
CUST00348,2024-10-01,2025-05-17,Nigeria,104.9,4.38
CUST00348,2024-10-01,2025-05-23,Nigeria,129.02,5.04
CUST00348,2024-10-01,2025-05-24,Nigeria,122.82,4.76
CUST00349,2024-10-01,2024-10-02,Nigeria,227.89,10.0
CUST00349,2024-10-01,2024-10-07,Nigeria,165.56,6.0
CUST00349,2024-10-01,2024-10-11,Nigeria,224.72,8.68
CUST00349,2024-10-01,2024-10-12,Nigeria,197.12,7.86
CUST00349,2024-10-01,2024-12-07,Nigeria,186.96,7.94
CUST00349,2024-10-01,2025-01-08,Nigeria,219.28,8.15
CUST00349,2024-10-01,2025-01-14,Nigeria,88.01,3.4
CUST00349,2024-10-01,2025-02-14,Nigeria,75.51,3.06
CUST00349,2024-10-01,2025-03-05,Nigeria,108.18,4.47
CUST00349,2024-10-01,2025-03-05,Nigeria,342.4,13.24
CUST00349,2024-10-01,2025-04-16,Nigeria,91.08,3.35
CUST00349,2024-10-01,2025-05-13,Nigeria,258.04,9.53
CUST00349,2024-10-01,2025-05-22,Nigeria,99.82,4.12
CUST00349,2024-10-01,2025-05-26,Nigeria,189.42,8.06
CUST00350,2024-04-01,2024-04-10,India,474.01,9.04
CUST00350,2024-04-01,2024-05-12,India,177.05,2.94
CUST00350,2024-04-01,2024-06-04,India,202.83,3.39
CUST00350,2024-04-01,2024-06-08,India,450.83,7.7
CUST00350,2024-04-01,2024-06-27,India,556.96,9.11
CUST00350,2024-04-01,2024-07-06,India,387.55,7.24
CUST00350,2024-04-01,2024-07-07,India,331.29,6.06
CUST00350,2024-04-01,2024-07-13,India,498.14,8.45
CUST00350,2024-04-01,2024-07-14,India,458.69,7.28
CUST00350,2024-04-01,2025-03-09,India,334.96,5.31
CUST00350,2024-04-01,2025-03-09,India,444.99,8.54
CUST00351,2024-02-01,2024-02-19,Nigeria,190.57,6.87
CUST00351,2024-02-01,2024-03-08,Nigeria,157.97,6.22
CUST00351,2024-02-01,2024-04-03,Nigeria,123.88,4.87
CUST00351,2024-02-01,2024-05-23,Nigeria,193.74,7.06
CUST00351,2024-02-01,2024-05-23,Nigeria,171.46,7.54
CUST00351,2024-02-01,2024-05-27,Nigeria,143.08,6.23
CUST00351,2024-02-01,2024-06-25,Nigeria,158.62,5.95
CUST00351,2024-02-01,2024-09-01,Nigeria,197.51,7.75
CUST00351,2024-02-01,2024-09-03,Nigeria,219.54,8.14
CUST00351,2024-02-01,2024-12-09,Nigeria,153.7,6.04
CUST00351,2024-02-01,2024-12-22,Nigeria,177.22,7.56
CUST00352,2024-02-01,2024-02-15,India,464.25,7.44
CUST00352,2024-02-01,2024-02-15,India,582.22,9.73
CUST00352,2024-02-01,2024-02-18,India,488.75,9.14
CUST00352,2024-02-01,2024-03-11,India,342.58,6.04
CUST00352,2024-02-01,2024-03-15,India,366.94,6.11
CUST00352,2024-02-01,2024-03-20,India,400.16,7.63
CUST00352,2024-02-01,2024-04-03,India,299.49,5.09
CUST00352,2024-02-01,2024-04-12,India,252.05,4.19
CUST00352,2024-02-01,2024-04-22,India,448.96,7.42
CUST00352,2024-02-01,2024-05-10,India,533.08,10.01
CUST00352,2024-02-01,2024-05-12,India,551.18,9.27
CUST00352,2024-02-01,2024-05-24,India,229.71,4.41
CUST00352,2024-02-01,2024-08-08,India,512.96,9.74
CUST00352,2024-02-01,2024-12-03,India,190.89,3.12
CUST00352,2024-02-01,2024-12-14,India,318.11,5.76
CUST00352,2024-02-01,2024-12-24,India,331.82,5.96
CUST00353,2024-11-01,2024-11-06,Nigeria,252.0,10.04
CUST00353,2024-11-01,2024-11-18,Nigeria,99.26,3.97
CUST00353,2024-11-01,2024-11-19,Nigeria,237.09,9.97
CUST00353,2024-11-01,2024-11-26,Nigeria,163.73,6.08
CUST00353,2024-11-01,2024-12-05,Nigeria,139.37,5.51
CUST00353,2024-11-01,2024-12-18,Nigeria,89.0,3.66
CUST00353,2024-11-01,2024-12-23,Nigeria,234.12,8.6
CUST00353,2024-11-01,2025-01-15,Nigeria,153.77,6.01
CUST00353,2024-11-01,2025-02-07,Nigeria,284.76,12.3
CUST00353,2024-11-01,2025-02-07,Nigeria,99.14,3.72
CUST00353,2024-11-01,2025-02-16,Nigeria,191.77,7.08
CUST00353,2024-11-01,2025-02-16,Nigeria,270.63,10.02
CUST00353,2024-11-01,2025-03-04,Nigeria,307.44,11.75
CUST00353,2024-11-01,2025-03-18,Nigeria,133.71,5.7
CUST00353,2024-11-01,2025-03-18,Nigeria,131.82,4.93
CUST00353,2024-11-01,2025-03-27,Nigeria,344.38,15.02
CUST00353,2024-11-01,2025-04-07,Nigeria,184.01,7.98
CUST00353,2024-11-01,2025-05-01,Nigeria,147.42,6.04
CUST00353,2024-11-01,2025-05-05,Nigeria,324.69,12.69
CUST00353,2024-11-01,2025-05-14,Nigeria,134.57,5.22
CUST00353,2024-11-01,2025-05-16,Nigeria,200.13,7.8
CUST00353,2024-11-01,2025-05-17,Nigeria,149.89,6.11
CUST00353,2024-11-01,2025-05-19,Nigeria,257.33,9.34
CUST00353,2024-11-01,2025-06-22,Nigeria,197.67,8.09
CUST00354,2024-11-01,2024-11-09,India,479.6,8.7
CUST00354,2024-11-01,2024-12-13,India,504.42,8.73
CUST00354,2024-11-01,2024-12-22,India,305.21,5.28
CUST00354,2024-11-01,2025-01-21,India,479.86,8.58
CUST00354,2024-11-01,2025-01-26,India,367.69,7.03
CUST00354,2024-11-01,2025-02-16,India,526.5,9.86
CUST00354,2024-11-01,2025-02-25,India,432.26,8.01
CUST00354,2024-11-01,2025-03-01,India,365.18,6.51
CUST00354,2024-11-01,2025-03-12,India,280.22,5.07
CUST00354,2024-11-01,2025-06-06,India,206.79,3.26
CUST00354,2024-11-01,2025-06-17,India,431.48,8.06
CUST00354,2024-11-01,2025-06-17,India,294.8,4.66
CUST00354,2024-11-01,2025-06-23,India,444.1,7.83
CUST00354,2024-11-01,2025-06-24,India,524.42,9.08
CUST00355,2024-09-01,2024-09-27,India,159.2,2.77
CUST00355,2024-09-01,2024-10-10,India,348.07,6.41
CUST00355,2024-09-01,2024-11-12,India,251.0,4.69
CUST00355,2024-09-01,2024-11-22,India,379.72,6.03
CUST00355,2024-09-01,2024-12-17,India,318.66,5.89
CUST00355,2024-09-01,2025-01-05,India,284.53,5.12
CUST00355,2024-09-01,2025-01-12,India,397.2,6.72
CUST00355,2024-09-01,2025-05-01,India,409.18,6.78
CUST00355,2024-09-01,2025-06-14,India,442.82,7.44
CUST00356,2024-11-01,2024-11-02,India,384.62,6.75
CUST00356,2024-11-01,2024-11-02,India,475.54,8.9
CUST00356,2024-11-01,2024-12-15,India,423.3,7.6
CUST00356,2024-11-01,2025-01-05,India,368.39,6.86
CUST00356,2024-11-01,2025-04-19,India,499.69,8.04
CUST00356,2024-11-01,2025-04-24,India,348.46,6.0
CUST00357,2024-08-01,2024-08-14,India,426.45,7.1
CUST00357,2024-08-01,2024-09-10,India,675.24,12.73
CUST00357,2024-08-01,2024-11-17,India,504.02,8.5
CUST00357,2024-08-01,2024-11-25,India,212.84,3.97
CUST00358,2024-04-01,2024-04-01,India,227.17,3.77
CUST00358,2024-04-01,2024-04-05,India,383.43,6.53
CUST00358,2024-04-01,2024-04-17,India,168.85,3.04
CUST00358,2024-04-01,2024-05-13,India,714.31,12.08
CUST00358,2024-04-01,2024-05-24,India,497.82,7.85
CUST00358,2024-04-01,2024-06-02,India,385.7,6.85
CUST00358,2024-04-01,2024-08-27,India,264.75,4.25
CUST00358,2024-04-01,2025-02-05,India,340.98,5.77
CUST00358,2024-04-01,2025-02-11,India,348.11,5.61
CUST00359,2024-03-01,2024-03-24,Nigeria,192.23,7.29
CUST00359,2024-03-01,2024-04-02,Nigeria,175.0,6.63
CUST00359,2024-03-01,2024-04-17,Nigeria,228.17,8.58
CUST00359,2024-03-01,2024-08-10,Nigeria,79.15,3.48
CUST00359,2024-03-01,2024-08-13,Nigeria,157.21,5.95
CUST00359,2024-03-01,2024-08-14,Nigeria,208.02,8.85
CUST00359,2024-03-01,2024-08-16,Nigeria,232.88,9.26
CUST00359,2024-03-01,2024-08-17,Nigeria,181.61,7.35
CUST00359,2024-03-01,2025-03-05,Nigeria,147.95,5.85
CUST00360,2024-11-01,2024-11-04,Nigeria,105.91,4.38
CUST00360,2024-11-01,2025-01-16,Nigeria,264.81,10.58
CUST00360,2024-11-01,2025-03-12,Nigeria,205.11,8.76
CUST00360,2024-11-01,2025-04-23,Nigeria,169.27,7.25
CUST00361,2024-02-01,2024-02-17,Nigeria,159.7,6.81
CUST00361,2024-02-01,2024-03-05,Nigeria,104.09,3.9
CUST00361,2024-02-01,2024-03-16,Nigeria,344.26,12.7
CUST00361,2024-02-01,2024-03-24,Nigeria,152.82,5.9
CUST00361,2024-02-01,2024-04-01,Nigeria,205.64,7.96
CUST00361,2024-02-01,2024-04-02,Nigeria,166.49,6.39
CUST00361,2024-02-01,2024-04-05,Nigeria,143.31,5.79
CUST00361,2024-02-01,2024-04-25,Nigeria,236.3,9.51
CUST00361,2024-02-01,2024-07-24,Nigeria,192.57,8.37
CUST00361,2024-02-01,2024-09-11,Nigeria,266.47,10.78
CUST00361,2024-02-01,2024-09-14,Nigeria,236.97,10.32
CUST00361,2024-02-01,2024-10-03,Nigeria,95.26,3.64
CUST00361,2024-02-01,2024-10-04,Nigeria,124.33,4.53
CUST00361,2024-02-01,2024-10-08,Nigeria,251.35,10.13
CUST00361,2024-02-01,2024-10-12,Nigeria,249.21,9.47
CUST00361,2024-02-01,2024-12-12,Nigeria,187.92,6.93
CUST00361,2024-02-01,2025-01-02,Nigeria,83.82,3.15
CUST00361,2024-02-01,2025-01-21,Nigeria,61.96,2.37
CUST00361,2024-02-01,2025-03-03,Nigeria,240.37,9.74
CUST00361,2024-02-01,2025-03-10,Nigeria,229.13,9.32
CUST00361,2024-02-01,2025-03-19,Nigeria,185.88,7.81
CUST00361,2024-02-01,2025-05-18,Nigeria,162.12,6.11
CUST00362,2024-03-01,2024-03-12,India,331.63,5.96
CUST00362,2024-03-01,2024-03-17,India,390.52,7.37
CUST00362,2024-03-01,2024-03-23,India,476.58,8.58
CUST00362,2024-03-01,2024-06-03,India,412.0,7.76
CUST00362,2024-03-01,2024-06-09,India,311.63,5.3
CUST00362,2024-03-01,2024-06-21,India,227.38,3.97
CUST00362,2024-03-01,2024-06-24,India,320.23,5.39
CUST00362,2024-03-01,2024-08-20,India,431.77,6.85
CUST00362,2024-03-01,2024-11-10,India,275.18,5.18
CUST00362,2024-03-01,2024-12-11,India,625.68,11.93
CUST00362,2024-03-01,2024-12-14,India,246.73,4.51
CUST00362,2024-03-01,2024-12-25,India,420.52,8.01
CUST00362,2024-03-01,2025-01-09,India,459.66,7.89
CUST00362,2024-03-01,2025-01-09,India,414.38,7.44
CUST00362,2024-03-01,2025-05-04,India,433.29,8.1
CUST00363,2024-05-01,2024-05-12,India,372.14,6.02
CUST00363,2024-05-01,2024-08-09,India,403.39,7.49
CUST00363,2024-05-01,2024-08-26,India,459.08,7.27
CUST00363,2024-05-01,2024-08-27,India,437.69,8.0
CUST00363,2024-05-01,2024-09-05,India,466.26,7.46
CUST00363,2024-05-01,2024-09-09,India,365.94,6.97
CUST00363,2024-05-01,2024-09-14,India,219.74,3.69
CUST00363,2024-05-01,2024-11-05,India,378.49,6.98
CUST00363,2024-05-01,2024-11-06,India,137.0,2.49
CUST00363,2024-05-01,2024-11-09,India,553.97,9.23
CUST00363,2024-05-01,2025-03-18,India,460.9,7.42
CUST00364,2024-10-01,2024-10-06,India,513.35,9.48
CUST00364,2024-10-01,2024-12-03,India,436.28,8.01
CUST00365,2024-05-01,2024-05-17,India,361.62,6.52
CUST00365,2024-05-01,2024-05-21,India,415.44,7.0
CUST00365,2024-05-01,2024-06-06,India,478.09,8.08
CUST00365,2024-05-01,2024-07-09,India,501.36,8.39
CUST00365,2024-05-01,2024-09-07,India,469.6,8.51
CUST00365,2024-05-01,2024-09-08,India,304.74,5.51
CUST00365,2024-05-01,2024-10-12,India,247.99,4.12
CUST00365,2024-05-01,2024-10-19,India,495.21,8.59
CUST00365,2024-05-01,2025-01-09,India,382.89,6.44
CUST00365,2024-05-01,2025-01-11,India,415.98,6.81
CUST00365,2024-05-01,2025-01-22,India,287.2,4.75
CUST00365,2024-05-01,2025-03-08,India,315.82,5.8
CUST00365,2024-05-01,2025-04-17,India,369.23,7.03
CUST00365,2024-05-01,2025-04-22,India,457.08,7.87
CUST00365,2024-05-01,2025-06-15,India,399.01,6.71
CUST00366,2024-05-01,2024-05-05,India,437.46,7.01
CUST00366,2024-05-01,2024-08-23,India,401.86,6.99
CUST00366,2024-05-01,2024-10-02,India,245.46,4.59
CUST00366,2024-05-01,2024-10-03,India,458.86,8.62
CUST00366,2024-05-01,2024-10-16,India,446.61,7.64
CUST00366,2024-05-01,2024-10-24,India,332.02,5.71
CUST00366,2024-05-01,2025-04-02,India,483.53,8.9
CUST00366,2024-05-01,2025-04-24,India,256.67,4.91
CUST00366,2024-05-01,2025-05-22,India,426.2,7.9
CUST00367,2024-10-01,2024-10-10,Nigeria,187.02,7.27
CUST00367,2024-10-01,2024-12-02,Nigeria,154.79,6.32
CUST00367,2024-10-01,2025-01-02,Nigeria,20.0,0.84
CUST00367,2024-10-01,2025-01-06,Nigeria,251.15,10.41
CUST00367,2024-10-01,2025-01-07,Nigeria,232.82,8.38
CUST00367,2024-10-01,2025-01-11,Nigeria,114.84,4.33
CUST00367,2024-10-01,2025-01-22,Nigeria,151.53,6.36
CUST00367,2024-10-01,2025-01-24,Nigeria,170.33,6.98
CUST00367,2024-10-01,2025-05-04,Nigeria,167.48,7.04
CUST00367,2024-10-01,2025-05-10,Nigeria,254.47,9.68
CUST00367,2024-10-01,2025-05-27,Nigeria,52.28,1.89
CUST00368,2024-01-01,2024-01-01,India,488.02,8.31
CUST00368,2024-01-01,2024-01-02,India,189.94,3.2
CUST00368,2024-01-01,2024-01-19,India,438.53,7.89
CUST00368,2024-01-01,2024-01-21,India,456.03,7.33
CUST00368,2024-01-01,2024-02-21,India,218.86,3.78
CUST00368,2024-01-01,2024-03-25,India,418.14,7.95
CUST00368,2024-01-01,2024-04-17,India,167.31,3.01
CUST00368,2024-01-01,2024-05-20,India,139.07,2.51
CUST00368,2024-01-01,2024-06-16,India,284.26,5.27
CUST00368,2024-01-01,2024-06-22,India,318.35,5.84
CUST00368,2024-01-01,2024-06-27,India,150.85,2.7
CUST00368,2024-01-01,2024-11-01,India,285.16,4.51
CUST00368,2024-01-01,2024-11-23,India,415.72,6.72
CUST00368,2024-01-01,2025-01-20,India,354.43,6.3
CUST00369,2024-11-01,2024-11-02,India,334.52,5.92
CUST00369,2024-11-01,2024-11-26,India,455.93,7.41
CUST00369,2024-11-01,2025-03-23,India,208.77,3.88
CUST00369,2024-11-01,2025-03-27,India,449.97,8.64
CUST00369,2024-11-01,2025-04-02,India,559.19,9.44
CUST00369,2024-11-01,2025-04-06,India,458.82,8.28
CUST00369,2024-11-01,2025-04-23,India,186.93,3.59
CUST00369,2024-11-01,2025-05-01,India,578.23,9.34
CUST00369,2024-11-01,2025-05-15,India,221.66,3.81
CUST00370,2024-09-01,2024-09-27,India,403.83,7.61
CUST00370,2024-09-01,2025-01-09,India,365.21,6.75
CUST00370,2024-09-01,2025-01-16,India,413.76,6.66
CUST00370,2024-09-01,2025-03-15,India,370.75,6.62
CUST00370,2024-09-01,2025-04-22,India,437.75,8.17
CUST00370,2024-09-01,2025-06-04,India,386.22,7.0
CUST00371,2024-06-01,2024-06-12,India,325.04,5.62
CUST00371,2024-06-01,2024-07-08,India,458.76,7.93
CUST00371,2024-06-01,2024-07-12,India,143.01,2.48
CUST00371,2024-06-01,2024-07-19,India,617.55,10.46
CUST00371,2024-06-01,2024-07-24,India,341.18,6.14
CUST00371,2024-06-01,2025-02-14,India,263.62,5.02
CUST00371,2024-06-01,2025-04-02,India,43.69,0.77
CUST00371,2024-06-01,2025-05-08,India,280.35,5.25
CUST00371,2024-06-01,2025-05-27,India,256.12,4.91
CUST00372,2024-11-01,2024-11-07,Nigeria,141.3,5.26
CUST00372,2024-11-01,2024-12-11,Nigeria,259.77,10.8
CUST00372,2024-11-01,2024-12-22,Nigeria,181.31,6.59
CUST00372,2024-11-01,2024-12-23,Nigeria,212.5,7.68
CUST00372,2024-11-01,2025-02-14,Nigeria,72.78,2.82
CUST00372,2024-11-01,2025-02-26,Nigeria,126.14,5.47
CUST00373,2024-01-01,2024-01-04,India,314.44,5.15
CUST00373,2024-01-01,2024-02-04,India,417.54,6.59
CUST00373,2024-01-01,2024-02-23,India,384.59,6.8
CUST00373,2024-01-01,2024-03-19,India,367.7,6.24
CUST00373,2024-01-01,2024-03-25,India,395.77,6.48
CUST00373,2024-01-01,2024-03-27,India,272.9,5.06
CUST00373,2024-01-01,2024-05-02,India,371.6,6.46
CUST00373,2024-01-01,2024-08-12,India,393.19,6.8
CUST00373,2024-01-01,2024-12-21,India,584.78,10.89
CUST00373,2024-01-01,2025-02-25,India,477.83,8.97
CUST00373,2024-01-01,2025-02-27,India,442.91,8.05
CUST00373,2024-01-01,2025-03-07,India,594.01,11.07
CUST00373,2024-01-01,2025-04-10,India,481.31,8.43
CUST00373,2024-01-01,2025-04-14,India,324.03,5.45
CUST00373,2024-01-01,2025-05-07,India,509.05,8.86
CUST00373,2024-01-01,2025-05-12,India,307.64,5.68
CUST00373,2024-01-01,2025-05-20,India,227.6,3.7
CUST00374,2024-01-01,2024-01-03,India,520.96,8.21
CUST00374,2024-01-01,2024-02-03,India,457.62,7.56
CUST00374,2024-01-01,2024-02-22,India,636.57,12.2
CUST00374,2024-01-01,2024-05-12,India,594.7,10.04
CUST00374,2024-01-01,2024-07-07,India,325.77,6.22
CUST00374,2024-01-01,2025-01-12,India,305.72,5.01
CUST00374,2024-01-01,2025-01-19,India,431.31,8.04
CUST00374,2024-01-01,2025-01-27,India,325.41,6.26
CUST00374,2024-01-01,2025-03-02,India,378.46,7.21
CUST00375,2024-03-01,2024-03-21,India,229.53,3.87
CUST00375,2024-03-01,2024-04-07,India,496.61,7.89
CUST00375,2024-03-01,2024-04-26,India,500.98,8.44
CUST00375,2024-03-01,2024-05-05,India,344.16,5.93
CUST00375,2024-03-01,2024-08-04,India,330.49,6.32
CUST00375,2024-03-01,2024-08-05,India,335.35,6.02
CUST00375,2024-03-01,2024-11-01,India,342.01,6.15
CUST00375,2024-03-01,2024-12-21,India,354.91,6.03
CUST00375,2024-03-01,2025-01-09,India,363.33,6.04
CUST00375,2024-03-01,2025-01-18,India,591.8,11.04
CUST00376,2024-08-01,2024-08-19,India,247.19,4.26
CUST00376,2024-08-01,2024-09-04,India,568.87,9.45
CUST00376,2024-08-01,2024-09-17,India,367.63,6.13
CUST00376,2024-08-01,2024-10-13,India,218.97,3.71
CUST00376,2024-08-01,2024-11-20,India,384.18,7.29
CUST00376,2024-08-01,2025-01-13,India,347.86,6.69
CUST00376,2024-08-01,2025-02-03,India,256.57,4.79
CUST00376,2024-08-01,2025-02-05,India,282.07,4.9
CUST00376,2024-08-01,2025-02-16,India,257.52,4.95
CUST00376,2024-08-01,2025-03-15,India,160.09,2.79
CUST00376,2024-08-01,2025-03-24,India,103.75,1.78
CUST00376,2024-08-01,2025-05-02,India,361.69,5.74
CUST00376,2024-08-01,2025-06-15,India,248.09,4.35
CUST00377,2024-10-01,2024-10-23,Nigeria,223.53,8.95
CUST00377,2024-10-01,2024-11-18,Nigeria,222.12,9.71
CUST00377,2024-10-01,2024-11-25,Nigeria,133.93,5.48
CUST00377,2024-10-01,2025-02-17,Nigeria,152.68,5.81
CUST00377,2024-10-01,2025-03-17,Nigeria,163.12,6.38
CUST00378,2024-08-01,2024-08-05,Nigeria,103.54,3.94
CUST00378,2024-08-01,2024-10-23,Nigeria,183.56,7.15
CUST00378,2024-08-01,2024-10-26,Nigeria,197.46,8.13
CUST00378,2024-08-01,2024-11-17,Nigeria,139.18,5.71
CUST00378,2024-08-01,2025-01-01,Nigeria,169.87,6.14
CUST00378,2024-08-01,2025-01-21,Nigeria,217.54,8.76
CUST00378,2024-08-01,2025-02-08,Nigeria,212.01,7.84
CUST00378,2024-08-01,2025-03-05,Nigeria,96.7,3.73
CUST00378,2024-08-01,2025-03-13,Nigeria,211.49,7.82
CUST00378,2024-08-01,2025-03-23,Nigeria,148.76,5.83
CUST00378,2024-08-01,2025-03-24,Nigeria,218.02,8.08
CUST00378,2024-08-01,2025-04-07,Nigeria,272.2,9.96
CUST00378,2024-08-01,2025-04-18,Nigeria,54.82,2.34
CUST00378,2024-08-01,2025-06-16,Nigeria,146.31,6.33
CUST00379,2024-10-01,2024-10-01,India,474.52,8.44
CUST00379,2024-10-01,2024-12-03,India,397.54,7.4
CUST00379,2024-10-01,2025-02-03,India,581.11,10.64
CUST00379,2024-10-01,2025-02-15,India,326.33,5.51
CUST00379,2024-10-01,2025-02-19,India,474.77,7.95
CUST00379,2024-10-01,2025-03-20,India,495.57,9.15
CUST00379,2024-10-01,2025-03-23,India,346.58,6.21
CUST00379,2024-10-01,2025-04-24,India,369.86,6.72
CUST00379,2024-10-01,2025-05-05,India,399.05,7.4
CUST00379,2024-10-01,2025-06-22,India,476.21,8.18
CUST00379,2024-10-01,2025-06-22,India,244.94,4.12
CUST00380,2024-08-01,2024-08-15,India,524.99,8.37
CUST00380,2024-08-01,2024-08-15,India,464.69,8.54
CUST00380,2024-08-01,2024-09-04,India,427.11,6.95
CUST00380,2024-08-01,2024-09-04,India,553.11,10.5
CUST00380,2024-08-01,2024-11-01,India,327.39,5.95
CUST00380,2024-08-01,2024-11-26,India,567.55,9.63
CUST00380,2024-08-01,2025-01-26,India,433.06,6.93
CUST00380,2024-08-01,2025-03-08,India,263.81,4.24
CUST00380,2024-08-01,2025-03-08,India,506.26,8.58
CUST00380,2024-08-01,2025-03-15,India,318.98,5.94
CUST00380,2024-08-01,2025-03-25,India,400.49,7.37
CUST00380,2024-08-01,2025-04-03,India,197.7,3.64
CUST00380,2024-08-01,2025-04-22,India,391.31,7.0
CUST00380,2024-08-01,2025-05-14,India,259.2,4.52
CUST00381,2024-03-01,2024-03-18,Nigeria,144.14,6.2
CUST00381,2024-03-01,2024-05-04,Nigeria,231.9,9.32
CUST00381,2024-03-01,2024-05-05,Nigeria,157.51,6.5
CUST00381,2024-03-01,2024-05-25,Nigeria,197.6,7.36
CUST00381,2024-03-01,2024-09-02,Nigeria,225.14,8.7
CUST00381,2024-03-01,2024-09-04,Nigeria,76.12,3.0
CUST00381,2024-03-01,2024-09-09,Nigeria,250.6,9.15
CUST00381,2024-03-01,2024-09-25,Nigeria,223.87,9.45
CUST00381,2024-03-01,2024-10-01,Nigeria,141.65,5.54
CUST00381,2024-03-01,2024-10-06,Nigeria,301.75,11.41
CUST00381,2024-03-01,2024-10-07,Nigeria,158.39,6.26
CUST00381,2024-03-01,2024-12-05,Nigeria,78.68,3.26
CUST00381,2024-03-01,2024-12-10,Nigeria,132.49,5.41
CUST00381,2024-03-01,2024-12-12,Nigeria,200.37,8.7
CUST00381,2024-03-01,2025-02-21,Nigeria,227.07,9.59
CUST00381,2024-03-01,2025-05-13,Nigeria,165.23,6.64
CUST00381,2024-03-01,2025-05-18,Nigeria,173.21,6.57
CUST00381,2024-03-01,2025-05-21,Nigeria,211.94,9.08
CUST00382,2024-11-01,2024-11-21,India,210.4,3.68
CUST00382,2024-11-01,2024-12-03,India,576.81,9.33
CUST00382,2024-11-01,2024-12-24,India,322.73,6.01
CUST00382,2024-11-01,2025-01-06,India,328.0,5.53
CUST00382,2024-11-01,2025-01-21,India,382.51,6.54
CUST00382,2024-11-01,2025-01-24,India,575.29,9.85
CUST00382,2024-11-01,2025-03-14,India,448.07,7.32
CUST00382,2024-11-01,2025-05-16,India,463.49,8.18
CUST00382,2024-11-01,2025-05-19,India,287.83,5.31
CUST00382,2024-11-01,2025-06-01,India,519.61,8.78
CUST00382,2024-11-01,2025-06-09,India,348.62,6.39
CUST00383,2024-02-01,2024-02-02,India,231.72,4.09
CUST00383,2024-02-01,2024-02-27,India,67.94,1.19
CUST00383,2024-02-01,2024-03-02,India,525.1,9.01
CUST00383,2024-02-01,2024-03-13,India,440.54,8.31
CUST00383,2024-02-01,2024-03-19,India,388.93,7.18
CUST00383,2024-02-01,2024-04-08,India,132.41,2.13
CUST00383,2024-02-01,2024-06-08,India,516.51,9.8
CUST00383,2024-02-01,2024-06-15,India,493.78,8.87
CUST00383,2024-02-01,2024-06-19,India,412.55,7.67
CUST00383,2024-02-01,2024-10-09,India,551.03,9.83
CUST00383,2024-02-01,2024-11-10,India,291.42,4.94
CUST00383,2024-02-01,2024-12-05,India,279.86,4.56
CUST00383,2024-02-01,2024-12-23,India,406.91,6.97
CUST00383,2024-02-01,2025-02-15,India,292.76,4.89
CUST00383,2024-02-01,2025-02-26,India,282.68,5.09
CUST00384,2024-03-01,2024-03-08,India,469.32,7.86
CUST00384,2024-03-01,2024-04-08,India,601.03,10.57
CUST00384,2024-03-01,2024-06-06,India,362.07,6.63
CUST00384,2024-03-01,2024-06-16,India,333.11,5.48
CUST00384,2024-03-01,2024-07-04,India,450.9,8.04
CUST00384,2024-03-01,2024-07-20,India,531.82,9.12
CUST00384,2024-03-01,2024-09-18,India,568.39,10.76
CUST00384,2024-03-01,2025-05-18,India,848.34,16.1
CUST00384,2024-03-01,2025-06-15,India,656.88,11.95
CUST00385,2024-09-01,2024-09-09,Nigeria,216.98,8.04
CUST00385,2024-09-01,2024-09-15,Nigeria,210.05,7.63
CUST00385,2024-09-01,2024-09-19,Nigeria,116.36,5.0
CUST00385,2024-09-01,2024-11-09,Nigeria,268.47,10.59
CUST00385,2024-09-01,2025-01-07,Nigeria,202.41,8.18
CUST00385,2024-09-01,2025-01-09,Nigeria,195.47,7.43
CUST00385,2024-09-01,2025-02-02,Nigeria,277.49,10.65
CUST00385,2024-09-01,2025-02-05,Nigeria,189.91,7.33
CUST00385,2024-09-01,2025-06-07,Nigeria,61.68,2.57
CUST00385,2024-09-01,2025-06-26,Nigeria,122.14,4.81
CUST00386,2024-12-01,2024-12-22,India,298.01,5.36
CUST00386,2024-12-01,2024-12-26,India,514.84,9.16
CUST00386,2024-12-01,2025-01-22,India,384.53,6.82
CUST00386,2024-12-01,2025-02-05,India,312.54,5.59
CUST00386,2024-12-01,2025-02-20,India,252.36,4.29
CUST00386,2024-12-01,2025-03-24,India,483.99,7.64
CUST00387,2024-09-01,2024-09-17,Nigeria,178.17,7.53
CUST00387,2024-09-01,2024-09-20,Nigeria,180.89,7.9
CUST00387,2024-09-01,2024-11-03,Nigeria,150.1,6.22
CUST00387,2024-09-01,2024-11-09,Nigeria,69.74,2.68
CUST00387,2024-09-01,2024-11-11,Nigeria,197.44,7.18
CUST00387,2024-09-01,2025-01-11,Nigeria,174.83,7.22
CUST00387,2024-09-01,2025-01-22,Nigeria,84.59,3.33
CUST00387,2024-09-01,2025-02-09,Nigeria,175.85,6.92
CUST00387,2024-09-01,2025-02-10,Nigeria,147.12,5.34
CUST00387,2024-09-01,2025-04-14,Nigeria,160.59,6.34
CUST00387,2024-09-01,2025-04-17,Nigeria,110.03,4.3
CUST00387,2024-09-01,2025-04-17,Nigeria,264.66,11.31
CUST00387,2024-09-01,2025-04-21,Nigeria,192.47,7.3
CUST00388,2024-06-01,2024-06-14,India,291.19,5.26
CUST00388,2024-06-01,2024-08-13,India,508.59,9.68
CUST00388,2024-06-01,2024-09-23,India,566.47,9.64
CUST00388,2024-06-01,2025-05-14,India,262.21,4.63
CUST00388,2024-06-01,2025-05-18,India,670.71,11.02
CUST00388,2024-06-01,2025-06-16,India,561.46,10.14
CUST00389,2024-12-01,2024-12-10,India,362.35,6.39
CUST00389,2024-12-01,2024-12-25,India,266.46,4.72
CUST00389,2024-12-01,2025-02-21,India,277.13,5.1
CUST00389,2024-12-01,2025-03-25,India,638.19,10.66
CUST00390,2024-04-01,2024-04-01,India,486.22,8.77
CUST00390,2024-04-01,2024-05-02,India,466.37,7.41
CUST00390,2024-04-01,2024-05-16,India,347.09,5.9
CUST00390,2024-04-01,2024-05-17,India,324.13,6.07
CUST00390,2024-04-01,2024-06-08,India,409.25,7.27
CUST00390,2024-04-01,2024-10-09,India,552.46,9.88
CUST00390,2024-04-01,2024-10-10,India,340.89,5.46
CUST00390,2024-04-01,2024-10-11,India,442.32,7.28
CUST00390,2024-04-01,2024-10-14,India,158.91,2.89
CUST00390,2024-04-01,2024-11-25,India,183.3,3.03
CUST00390,2024-04-01,2024-12-06,India,531.05,9.09
CUST00390,2024-04-01,2024-12-27,India,462.71,7.58
CUST00390,2024-04-01,2025-01-22,India,450.93,8.52
CUST00390,2024-04-01,2025-01-23,India,542.9,9.22
CUST00391,2024-10-01,2024-10-02,Nigeria,101.67,3.98
CUST00391,2024-10-01,2024-10-04,Nigeria,115.04,4.9
CUST00391,2024-10-01,2024-10-09,Nigeria,212.5,9.02
CUST00391,2024-10-01,2024-11-05,Nigeria,125.41,5.15
CUST00391,2024-10-01,2024-11-17,Nigeria,182.63,7.22
CUST00391,2024-10-01,2024-12-18,Nigeria,171.38,6.58
CUST00391,2024-10-01,2025-04-02,Nigeria,20.0,0.76
CUST00391,2024-10-01,2025-04-02,Nigeria,299.69,11.58
CUST00391,2024-10-01,2025-04-13,Nigeria,139.4,5.78
CUST00391,2024-10-01,2025-06-05,Nigeria,183.79,7.77
CUST00391,2024-10-01,2025-06-12,Nigeria,158.91,5.81
CUST00391,2024-10-01,2025-06-14,Nigeria,254.79,9.53
CUST00391,2024-10-01,2025-06-17,Nigeria,253.71,9.36
CUST00391,2024-10-01,2025-06-19,Nigeria,55.01,2.1
CUST00392,2024-02-01,2024-02-14,India,431.8,6.84
CUST00392,2024-02-01,2024-02-19,India,258.82,4.96
CUST00392,2024-02-01,2024-03-24,India,515.07,8.31
CUST00392,2024-02-01,2024-03-25,India,530.64,8.67
CUST00392,2024-02-01,2024-05-05,India,531.83,8.38
CUST00392,2024-02-01,2024-05-10,India,376.4,6.32
CUST00392,2024-02-01,2025-02-04,India,430.48,7.83
CUST00392,2024-02-01,2025-02-19,India,466.95,7.93
CUST00393,2024-06-01,2024-06-15,Nigeria,99.65,4.34
CUST00393,2024-06-01,2024-07-03,Nigeria,57.07,2.3
CUST00393,2024-06-01,2024-07-11,Nigeria,165.52,7.11
CUST00393,2024-06-01,2024-07-18,Nigeria,183.33,6.95
CUST00393,2024-06-01,2024-07-24,Nigeria,170.29,7.3
CUST00393,2024-06-01,2024-07-26,Nigeria,164.18,6.58
CUST00393,2024-06-01,2024-08-04,Nigeria,213.48,8.98
CUST00393,2024-06-01,2024-08-08,Nigeria,166.02,6.95
CUST00393,2024-06-01,2024-08-16,Nigeria,168.93,7.03
CUST00393,2024-06-01,2024-08-25,Nigeria,220.67,8.45
CUST00393,2024-06-01,2024-09-01,Nigeria,243.96,10.37
CUST00393,2024-06-01,2024-10-03,Nigeria,115.53,5.0
CUST00393,2024-06-01,2024-10-25,Nigeria,147.76,5.84
CUST00393,2024-06-01,2024-10-26,Nigeria,217.01,9.4
CUST00393,2024-06-01,2024-12-04,Nigeria,243.35,9.3
CUST00393,2024-06-01,2025-04-23,Nigeria,133.31,5.18
CUST00393,2024-06-01,2025-04-25,Nigeria,180.52,7.13
CUST00393,2024-06-01,2025-04-27,Nigeria,235.04,9.89
CUST00393,2024-06-01,2025-06-07,Nigeria,166.15,6.3
CUST00393,2024-06-01,2025-06-23,Nigeria,233.32,9.57
CUST00393,2024-06-01,2025-06-27,Nigeria,147.78,6.24
CUST00394,2024-08-01,2024-08-09,Nigeria,225.48,9.46
CUST00394,2024-08-01,2024-10-02,Nigeria,236.29,9.03
CUST00394,2024-08-01,2024-10-02,Nigeria,262.64,10.83
CUST00394,2024-08-01,2024-10-08,Nigeria,199.77,8.0
CUST00394,2024-08-01,2024-10-08,Nigeria,179.95,7.88
CUST00394,2024-08-01,2024-10-23,Nigeria,182.76,7.88
CUST00394,2024-08-01,2025-02-03,Nigeria,224.92,9.39
CUST00394,2024-08-01,2025-02-06,Nigeria,210.45,8.97
CUST00394,2024-08-01,2025-02-14,Nigeria,191.29,8.09
CUST00394,2024-08-01,2025-02-17,Nigeria,129.91,5.64
CUST00394,2024-08-01,2025-02-25,Nigeria,135.11,5.38
CUST00394,2024-08-01,2025-05-17,Nigeria,139.2,5.95
CUST00394,2024-08-01,2025-05-19,Nigeria,124.36,4.53
CUST00395,2024-12-01,2024-12-20,India,433.76,7.03
CUST00395,2024-12-01,2025-01-13,India,576.03,9.69
CUST00395,2024-12-01,2025-01-19,India,255.03,4.62
CUST00395,2024-12-01,2025-02-08,India,571.17,9.92
CUST00396,2024-09-01,2024-09-01,India,102.8,1.62
CUST00396,2024-09-01,2024-10-17,India,297.06,4.82
CUST00396,2024-09-01,2024-12-08,India,337.99,5.8
CUST00396,2024-09-01,2024-12-11,India,234.6,4.34
CUST00396,2024-09-01,2024-12-15,India,511.08,8.74
CUST00396,2024-09-01,2025-01-21,India,467.09,8.2
CUST00396,2024-09-01,2025-01-21,India,334.23,6.12
CUST00396,2024-09-01,2025-03-12,India,225.16,3.95
CUST00396,2024-09-01,2025-05-11,India,524.46,9.83
CUST00396,2024-09-01,2025-05-20,India,316.51,5.88
CUST00397,2024-04-01,2024-04-02,Nigeria,166.94,7.25
CUST00397,2024-04-01,2024-05-01,Nigeria,115.4,4.87
CUST00397,2024-04-01,2024-05-16,Nigeria,166.41,7.03
CUST00397,2024-04-01,2024-06-21,Nigeria,185.79,7.2
CUST00397,2024-04-01,2024-09-25,Nigeria,149.61,5.52
CUST00397,2024-04-01,2025-06-11,Nigeria,124.11,4.55
CUST00397,2024-04-01,2025-06-12,Nigeria,153.06,6.08
CUST00397,2024-04-01,2025-06-12,Nigeria,188.02,7.39
CUST00397,2024-04-01,2025-06-14,Nigeria,130.96,5.01
CUST00397,2024-04-01,2025-06-15,Nigeria,205.87,8.18
CUST00397,2024-04-01,2025-06-26,Nigeria,129.94,5.53
CUST00398,2024-02-01,2024-02-16,India,408.15,6.87
CUST00398,2024-02-01,2024-02-20,India,452.13,7.64
CUST00398,2024-02-01,2024-07-03,India,387.29,7.34
CUST00398,2024-02-01,2024-11-09,India,287.89,4.9
CUST00398,2024-02-01,2024-11-21,India,403.55,7.37
CUST00398,2024-02-01,2025-01-15,India,464.65,8.01
CUST00398,2024-02-01,2025-02-01,India,231.8,3.77
CUST00398,2024-02-01,2025-02-19,India,566.37,9.52
CUST00398,2024-02-01,2025-03-06,India,554.09,9.28
CUST00398,2024-02-01,2025-03-12,India,471.89,8.89
CUST00399,2024-11-01,2024-11-25,Nigeria,208.51,8.36
CUST00399,2024-11-01,2024-12-12,Nigeria,240.43,8.7
CUST00399,2024-11-01,2025-02-18,Nigeria,125.37,4.53
CUST00399,2024-11-01,2025-04-02,Nigeria,87.0,3.23
CUST00399,2024-11-01,2025-04-19,Nigeria,186.86,7.11
CUST00399,2024-11-01,2025-04-24,Nigeria,228.83,9.59
CUST00400,2024-05-01,2024-05-05,Nigeria,270.67,11.56
CUST00400,2024-05-01,2024-05-18,Nigeria,186.74,7.28
CUST00400,2024-05-01,2024-07-13,Nigeria,153.73,6.51
CUST00400,2024-05-01,2024-07-18,Nigeria,172.63,6.4
CUST00400,2024-05-01,2024-09-08,Nigeria,272.06,10.0
CUST00400,2024-05-01,2024-09-09,Nigeria,235.42,9.96
CUST00400,2024-05-01,2024-09-14,Nigeria,210.93,8.06
CUST00400,2024-05-01,2024-09-21,Nigeria,136.41,4.92
CUST00400,2024-05-01,2024-09-22,Nigeria,267.87,11.29
CUST00400,2024-05-01,2024-12-05,Nigeria,175.14,7.49
CUST00400,2024-05-01,2024-12-27,Nigeria,180.34,7.82
CUST00400,2024-05-01,2025-01-25,Nigeria,180.96,7.6
CUST00400,2024-05-01,2025-04-07,Nigeria,117.43,4.84
CUST00400,2024-05-01,2025-04-10,Nigeria,151.93,6.54
CUST00400,2024-05-01,2025-04-23,Nigeria,141.97,5.26
CUST00400,2024-05-01,2025-06-22,Nigeria,172.14,7.54
CUST00401,2024-05-01,2024-05-01,India,554.28,10.32
CUST00401,2024-05-01,2024-05-03,India,551.86,9.41
CUST00401,2024-05-01,2024-06-13,India,278.13,4.93
CUST00401,2024-05-01,2024-08-18,India,283.92,4.69
CUST00401,2024-05-01,2025-01-05,India,364.21,6.86
CUST00401,2024-05-01,2025-02-11,India,431.2,6.88
CUST00401,2024-05-01,2025-02-25,India,680.44,10.79
CUST00401,2024-05-01,2025-03-06,India,115.14,1.94
CUST00401,2024-05-01,2025-06-23,India,414.89,7.3
CUST00402,2024-06-01,2024-06-23,India,319.55,5.47
CUST00402,2024-06-01,2024-08-18,India,387.9,6.16
CUST00402,2024-06-01,2024-08-25,India,507.02,8.02
CUST00402,2024-06-01,2024-09-04,India,448.43,8.5
CUST00402,2024-06-01,2024-09-09,India,449.09,7.87
CUST00402,2024-06-01,2024-09-24,India,307.15,5.84
CUST00402,2024-06-01,2024-12-14,India,470.6,8.74
CUST00402,2024-06-01,2025-04-03,India,444.28,7.14
CUST00403,2024-04-01,2024-04-05,Nigeria,195.61,8.28
CUST00403,2024-04-01,2024-04-15,Nigeria,147.15,5.63
CUST00403,2024-04-01,2024-04-27,Nigeria,144.2,5.61
CUST00403,2024-04-01,2024-05-07,Nigeria,200.94,7.47
CUST00403,2024-04-01,2024-07-20,Nigeria,283.47,10.31
CUST00403,2024-04-01,2024-07-24,Nigeria,143.15,6.2
CUST00403,2024-04-01,2024-08-04,Nigeria,191.99,7.18
CUST00403,2024-04-01,2024-08-04,Nigeria,159.88,6.25
CUST00403,2024-04-01,2024-08-23,Nigeria,148.22,5.94
CUST00403,2024-04-01,2024-10-18,Nigeria,109.14,4.75
CUST00403,2024-04-01,2024-12-15,Nigeria,149.94,6.47
CUST00403,2024-04-01,2024-12-26,Nigeria,143.56,5.95
CUST00403,2024-04-01,2025-05-03,Nigeria,144.44,5.64
CUST00403,2024-04-01,2025-06-18,Nigeria,227.71,9.84
CUST00404,2024-08-01,2024-08-02,Nigeria,113.2,4.37
CUST00404,2024-08-01,2024-09-12,Nigeria,133.39,5.01
CUST00404,2024-08-01,2024-09-16,Nigeria,124.46,4.93
CUST00404,2024-08-01,2024-12-15,Nigeria,161.77,7.12
CUST00404,2024-08-01,2024-12-22,Nigeria,196.81,8.08
CUST00404,2024-08-01,2025-01-06,Nigeria,273.11,10.25
CUST00404,2024-08-01,2025-01-27,Nigeria,122.18,4.91
CUST00404,2024-08-01,2025-03-06,Nigeria,147.55,5.64
CUST00404,2024-08-01,2025-03-23,Nigeria,112.46,4.29
CUST00404,2024-08-01,2025-04-25,Nigeria,239.88,10.22
CUST00404,2024-08-01,2025-04-26,Nigeria,190.96,7.55
CUST00404,2024-08-01,2025-04-26,Nigeria,194.27,8.33
CUST00405,2024-07-01,2024-07-23,India,349.4,5.76
CUST00405,2024-07-01,2024-08-05,India,247.03,4.19
CUST00405,2024-07-01,2024-09-22,India,593.1,11.35
CUST00405,2024-07-01,2024-09-22,India,400.37,7.03
CUST00405,2024-07-01,2024-10-18,India,396.27,7.19
CUST00405,2024-07-01,2024-10-27,India,307.85,5.73
CUST00405,2024-07-01,2024-12-03,India,492.62,7.86
CUST00405,2024-07-01,2025-01-07,India,296.05,5.52
CUST00405,2024-07-01,2025-01-08,India,375.4,5.95
CUST00405,2024-07-01,2025-06-11,India,404.34,7.71
CUST00406,2024-08-01,2024-08-07,Nigeria,34.72,1.46
CUST00406,2024-08-01,2024-08-21,Nigeria,173.69,7.44
CUST00406,2024-08-01,2024-09-05,Nigeria,187.1,7.66
CUST00406,2024-08-01,2024-09-15,Nigeria,171.09,7.22
CUST00406,2024-08-01,2024-09-19,Nigeria,242.28,8.9
CUST00406,2024-08-01,2024-12-06,Nigeria,207.39,7.72
CUST00406,2024-08-01,2024-12-11,Nigeria,212.31,8.35
CUST00406,2024-08-01,2024-12-18,Nigeria,133.18,5.53
CUST00406,2024-08-01,2024-12-22,Nigeria,180.5,7.05
CUST00406,2024-08-01,2025-04-04,Nigeria,114.08,5.01
CUST00406,2024-08-01,2025-04-06,Nigeria,121.97,5.25
CUST00406,2024-08-01,2025-04-06,Nigeria,212.99,7.85
CUST00406,2024-08-01,2025-04-10,Nigeria,141.63,5.79
CUST00406,2024-08-01,2025-04-27,Nigeria,134.69,5.88
CUST00406,2024-08-01,2025-04-27,Nigeria,190.26,7.59
CUST00406,2024-08-01,2025-06-02,Nigeria,280.22,10.49
CUST00406,2024-08-01,2025-06-18,Nigeria,132.48,5.55
CUST00407,2024-08-01,2024-08-13,India,500.66,7.99
CUST00407,2024-08-01,2024-09-06,India,480.08,8.94
CUST00407,2024-08-01,2024-12-03,India,375.16,6.32
CUST00407,2024-08-01,2025-01-06,India,573.75,9.07
CUST00407,2024-08-01,2025-01-16,India,376.21,6.92
CUST00407,2024-08-01,2025-01-18,India,436.78,7.9
CUST00407,2024-08-01,2025-02-03,India,213.2,3.75
CUST00407,2024-08-01,2025-02-14,India,331.06,5.65
CUST00407,2024-08-01,2025-02-27,India,217.08,3.82
CUST00407,2024-08-01,2025-04-09,India,424.31,7.73
CUST00407,2024-08-01,2025-04-14,India,364.79,6.6
CUST00408,2024-02-01,2024-02-07,Nigeria,108.86,4.03
CUST00408,2024-02-01,2024-04-03,Nigeria,158.87,6.85
CUST00408,2024-02-01,2024-04-23,Nigeria,178.26,6.68
CUST00408,2024-02-01,2024-04-27,Nigeria,97.43,4.0
CUST00408,2024-02-01,2024-05-04,Nigeria,151.63,5.76
CUST00408,2024-02-01,2024-05-11,Nigeria,84.43,3.68
CUST00408,2024-02-01,2024-05-14,Nigeria,124.96,4.9
CUST00408,2024-02-01,2024-08-11,Nigeria,169.06,7.25
CUST00408,2024-02-01,2024-08-15,Nigeria,260.12,10.01
CUST00408,2024-02-01,2025-02-12,Nigeria,258.34,10.38
CUST00408,2024-02-01,2025-02-18,Nigeria,119.09,4.74
CUST00408,2024-02-01,2025-02-24,Nigeria,121.3,4.72
CUST00409,2024-11-01,2024-11-12,Nigeria,46.94,1.78
CUST00409,2024-11-01,2024-11-19,Nigeria,146.62,5.89
CUST00409,2024-11-01,2024-11-26,Nigeria,161.68,6.99
CUST00409,2024-11-01,2024-12-01,Nigeria,128.62,5.53
CUST00409,2024-11-01,2024-12-09,Nigeria,277.18,10.0
CUST00409,2024-11-01,2024-12-10,Nigeria,233.52,9.09
CUST00409,2024-11-01,2024-12-25,Nigeria,138.69,5.78
CUST00409,2024-11-01,2025-01-03,Nigeria,176.99,6.38
CUST00409,2024-11-01,2025-02-17,Nigeria,268.96,11.21
CUST00409,2024-11-01,2025-04-06,Nigeria,79.81,2.99
CUST00409,2024-11-01,2025-04-23,Nigeria,236.69,9.01
CUST00410,2024-06-01,2024-06-10,Nigeria,218.06,8.35
CUST00410,2024-06-01,2024-06-19,Nigeria,104.12,4.46
CUST00410,2024-06-01,2024-08-07,Nigeria,189.21,7.23
CUST00410,2024-06-01,2024-08-17,Nigeria,108.02,4.66
CUST00410,2024-06-01,2024-11-19,Nigeria,58.9,2.23
CUST00410,2024-06-01,2024-11-26,Nigeria,98.13,3.83
CUST00410,2024-06-01,2025-01-10,Nigeria,193.42,8.02
CUST00410,2024-06-01,2025-01-26,Nigeria,172.83,6.34
CUST00410,2024-06-01,2025-02-05,Nigeria,98.1,3.54
CUST00410,2024-06-01,2025-04-09,Nigeria,105.84,4.33
CUST00410,2024-06-01,2025-04-20,Nigeria,296.84,10.87
CUST00411,2024-08-01,2024-08-12,Nigeria,158.61,5.84
CUST00411,2024-08-01,2024-12-15,Nigeria,285.87,11.97
CUST00411,2024-08-01,2024-12-17,Nigeria,173.36,6.42
CUST00411,2024-08-01,2025-02-15,Nigeria,226.62,8.43
CUST00411,2024-08-01,2025-02-20,Nigeria,148.78,5.55
CUST00411,2024-08-01,2025-04-04,Nigeria,224.03,9.57
CUST00411,2024-08-01,2025-05-05,Nigeria,111.23,4.89
CUST00412,2024-09-01,2024-09-17,Nigeria,198.0,8.07
CUST00412,2024-09-01,2024-09-25,Nigeria,325.36,12.59
CUST00412,2024-09-01,2024-10-16,Nigeria,287.87,12.33
CUST00412,2024-09-01,2024-10-16,Nigeria,225.75,8.61
CUST00412,2024-09-01,2024-10-25,Nigeria,282.78,11.29
CUST00412,2024-09-01,2025-02-01,Nigeria,145.24,5.46
CUST00412,2024-09-01,2025-03-02,Nigeria,171.19,6.58
CUST00412,2024-09-01,2025-03-17,Nigeria,141.87,5.64
CUST00413,2024-11-01,2024-11-10,Nigeria,131.73,5.13
CUST00413,2024-11-01,2024-11-22,Nigeria,321.88,12.45
CUST00413,2024-11-01,2025-01-04,Nigeria,162.06,6.18
CUST00413,2024-11-01,2025-01-17,Nigeria,201.24,7.66
CUST00413,2024-11-01,2025-01-26,Nigeria,200.31,7.88
CUST00413,2024-11-01,2025-02-23,Nigeria,156.46,6.04
CUST00413,2024-11-01,2025-03-15,Nigeria,235.56,10.07
CUST00413,2024-11-01,2025-03-27,Nigeria,149.35,6.54
CUST00413,2024-11-01,2025-04-23,Nigeria,280.85,10.82
CUST00413,2024-11-01,2025-06-25,Nigeria,100.13,3.78
CUST00414,2024-03-01,2024-03-06,Nigeria,170.81,6.46
CUST00414,2024-03-01,2024-04-02,Nigeria,113.83,4.67
CUST00414,2024-03-01,2024-04-05,Nigeria,248.85,9.62
CUST00414,2024-03-01,2024-04-09,Nigeria,263.78,11.03
CUST00414,2024-03-01,2024-04-26,Nigeria,154.28,6.64
CUST00414,2024-03-01,2024-04-27,Nigeria,195.81,7.09
CUST00414,2024-03-01,2024-05-08,Nigeria,242.14,10.15
CUST00414,2024-03-01,2024-10-10,Nigeria,273.87,10.09
CUST00414,2024-03-01,2024-10-16,Nigeria,167.98,6.95
CUST00414,2024-03-01,2024-12-10,Nigeria,237.0,9.49
CUST00414,2024-03-01,2025-02-14,Nigeria,278.61,11.83
CUST00414,2024-03-01,2025-04-07,Nigeria,264.52,10.03
CUST00414,2024-03-01,2025-04-20,Nigeria,157.43,6.34
CUST00415,2024-05-01,2024-05-20,India,323.27,6.17
CUST00415,2024-05-01,2024-07-21,India,211.1,3.69
CUST00415,2024-05-01,2024-08-11,India,253.22,4.68
CUST00415,2024-05-01,2024-08-11,India,418.81,8.05
CUST00415,2024-05-01,2024-09-13,India,307.29,5.08
CUST00415,2024-05-01,2024-09-26,India,386.01,7.06
CUST00415,2024-05-01,2025-01-24,India,246.82,3.97
CUST00415,2024-05-01,2025-01-26,India,169.37,2.85
CUST00415,2024-05-01,2025-02-03,India,275.49,5.18
CUST00415,2024-05-01,2025-02-24,India,444.87,8.27
CUST00415,2024-05-01,2025-05-18,India,478.4,8.51
CUST00416,2024-06-01,2024-06-21,Nigeria,78.73,3.27
CUST00416,2024-06-01,2024-07-04,Nigeria,288.73,12.27
CUST00416,2024-06-01,2024-07-06,Nigeria,175.4,6.46
CUST00416,2024-06-01,2024-09-13,Nigeria,157.27,6.25
CUST00416,2024-06-01,2024-09-19,Nigeria,185.15,7.16
CUST00416,2024-06-01,2024-09-23,Nigeria,142.02,5.79
CUST00416,2024-06-01,2024-09-25,Nigeria,92.2,3.6
CUST00416,2024-06-01,2024-09-25,Nigeria,71.24,2.71
CUST00416,2024-06-01,2024-10-12,Nigeria,176.03,6.58
CUST00416,2024-06-01,2024-10-17,Nigeria,205.33,8.75
CUST00416,2024-06-01,2024-11-15,Nigeria,171.54,7.06
CUST00416,2024-06-01,2024-11-22,Nigeria,101.97,3.79
CUST00416,2024-06-01,2025-02-08,Nigeria,171.8,6.97
CUST00416,2024-06-01,2025-03-05,Nigeria,207.52,7.73
CUST00416,2024-06-01,2025-03-10,Nigeria,95.66,3.96
CUST00416,2024-06-01,2025-03-24,Nigeria,100.32,4.3
CUST00417,2024-04-01,2024-04-03,India,443.49,7.56
CUST00417,2024-04-01,2024-04-16,India,364.29,6.92
CUST00417,2024-04-01,2024-04-24,India,155.55,2.73
CUST00417,2024-04-01,2024-05-01,India,272.02,4.43
CUST00417,2024-04-01,2024-05-07,India,378.64,7.28
CUST00417,2024-04-01,2024-06-04,India,441.04,7.04
CUST00417,2024-04-01,2024-06-12,India,364.68,5.87
CUST00417,2024-04-01,2024-07-07,India,311.9,5.66
CUST00417,2024-04-01,2025-04-05,India,390.63,6.65
CUST00417,2024-04-01,2025-04-21,India,331.34,5.26
CUST00418,2024-01-01,2024-01-16,India,271.55,4.64
CUST00418,2024-01-01,2024-02-03,India,429.14,7.32
CUST00418,2024-01-01,2024-02-27,India,412.99,7.17
CUST00418,2024-01-01,2024-06-22,India,439.97,7.44
CUST00418,2024-01-01,2024-06-24,India,521.1,9.78
CUST00418,2024-01-01,2024-09-15,India,443.39,7.35
CUST00418,2024-01-01,2024-09-20,India,480.53,7.92
CUST00418,2024-01-01,2024-09-26,India,474.49,8.43
CUST00418,2024-01-01,2024-09-26,India,286.76,5.06
CUST00418,2024-01-01,2024-12-19,India,548.57,10.37
CUST00418,2024-01-01,2024-12-27,India,344.28,6.49
CUST00418,2024-01-01,2025-01-01,India,493.43,9.41
CUST00418,2024-01-01,2025-05-02,India,294.88,5.3
CUST00418,2024-01-01,2025-05-11,India,366.34,6.53
CUST00418,2024-01-01,2025-05-17,India,544.09,9.38
CUST00418,2024-01-01,2025-05-21,India,388.58,6.19
CUST00419,2024-01-01,2024-01-22,Nigeria,215.36,7.96
CUST00419,2024-01-01,2024-02-15,Nigeria,149.58,5.89
CUST00419,2024-01-01,2024-04-02,Nigeria,150.77,5.45
CUST00419,2024-01-01,2024-05-14,Nigeria,139.37,5.21
CUST00419,2024-01-01,2024-05-24,Nigeria,190.01,8.29
CUST00419,2024-01-01,2024-06-10,Nigeria,187.16,7.4
CUST00419,2024-01-01,2024-06-12,Nigeria,43.85,1.71
CUST00419,2024-01-01,2024-06-25,Nigeria,161.22,6.54
CUST00419,2024-01-01,2025-02-11,Nigeria,172.5,7.21
CUST00419,2024-01-01,2025-04-04,Nigeria,112.59,4.16
CUST00419,2024-01-01,2025-04-25,Nigeria,236.85,10.37
CUST00420,2024-06-01,2024-06-02,Nigeria,186.15,8.15
CUST00420,2024-06-01,2024-06-09,Nigeria,274.79,10.69
CUST00420,2024-06-01,2024-09-08,Nigeria,190.46,7.52
CUST00420,2024-06-01,2024-09-21,Nigeria,244.65,10.02
CUST00420,2024-06-01,2024-11-03,Nigeria,177.95,7.83
CUST00420,2024-06-01,2024-11-17,Nigeria,134.23,4.93
CUST00420,2024-06-01,2025-03-08,Nigeria,244.69,9.46
CUST00420,2024-06-01,2025-03-10,Nigeria,208.02,7.67
CUST00420,2024-06-01,2025-03-17,Nigeria,265.99,11.12
CUST00420,2024-06-01,2025-03-19,Nigeria,80.89,3.55
CUST00420,2024-06-01,2025-05-16,Nigeria,221.64,9.08
CUST00421,2024-11-01,2024-11-12,Nigeria,127.42,5.23
CUST00421,2024-11-01,2024-12-12,Nigeria,220.42,8.61
CUST00421,2024-11-01,2024-12-13,Nigeria,216.72,8.19
CUST00421,2024-11-01,2025-02-17,Nigeria,84.15,3.63
CUST00422,2024-11-01,2024-11-12,Nigeria,221.67,9.0
CUST00422,2024-11-01,2024-11-20,Nigeria,128.63,4.76
CUST00422,2024-11-01,2024-11-26,Nigeria,125.46,5.18
CUST00422,2024-11-01,2025-01-03,Nigeria,205.49,8.47
CUST00422,2024-11-01,2025-01-20,Nigeria,148.09,5.33
CUST00422,2024-11-01,2025-04-09,Nigeria,278.0,11.51
CUST00422,2024-11-01,2025-05-01,Nigeria,218.53,8.56
CUST00422,2024-11-01,2025-05-10,Nigeria,183.05,7.44
CUST00422,2024-11-01,2025-06-01,Nigeria,29.16,1.23
CUST00422,2024-11-01,2025-06-11,Nigeria,240.81,9.15
CUST00422,2024-11-01,2025-06-24,Nigeria,163.28,6.34
CUST00423,2024-06-01,2024-06-24,India,516.71,9.44
CUST00423,2024-06-01,2024-06-24,India,613.75,10.62
CUST00423,2024-06-01,2024-07-21,India,388.38,6.57
CUST00423,2024-06-01,2024-07-25,India,448.4,7.37
CUST00423,2024-06-01,2024-08-07,India,566.13,10.66
CUST00423,2024-06-01,2024-08-27,India,340.31,6.01
CUST00423,2024-06-01,2025-04-02,India,438.31,7.85
CUST00423,2024-06-01,2025-04-21,India,427.05,6.81
CUST00423,2024-06-01,2025-04-24,India,470.17,7.47
CUST00424,2024-10-01,2024-10-01,India,440.29,8.2
CUST00424,2024-10-01,2024-10-12,India,368.66,6.74
CUST00424,2024-10-01,2024-10-15,India,292.15,5.03
CUST00424,2024-10-01,2024-12-01,India,717.27,11.74
CUST00424,2024-10-01,2025-01-04,India,477.64,8.5
CUST00424,2024-10-01,2025-01-05,India,528.09,9.14
CUST00424,2024-10-01,2025-01-19,India,573.26,9.96
CUST00425,2024-10-01,2024-10-16,Nigeria,147.26,5.99
CUST00425,2024-10-01,2024-10-18,Nigeria,138.15,5.61
CUST00425,2024-10-01,2024-10-23,Nigeria,189.04,7.72
CUST00425,2024-10-01,2024-10-25,Nigeria,162.12,6.14
CUST00425,2024-10-01,2024-10-26,Nigeria,176.73,6.37
CUST00425,2024-10-01,2024-11-03,Nigeria,225.6,9.35
CUST00425,2024-10-01,2024-11-24,Nigeria,197.73,7.31
CUST00425,2024-10-01,2024-11-24,Nigeria,175.71,6.44
CUST00425,2024-10-01,2025-02-10,Nigeria,63.34,2.35
CUST00425,2024-10-01,2025-02-10,Nigeria,176.56,6.84
CUST00425,2024-10-01,2025-02-13,Nigeria,55.81,2.18
CUST00425,2024-10-01,2025-03-08,Nigeria,260.57,10.16
CUST00425,2024-10-01,2025-04-02,Nigeria,132.56,5.13
CUST00425,2024-10-01,2025-04-25,Nigeria,190.67,7.86
CUST00425,2024-10-01,2025-04-26,Nigeria,304.6,10.99
CUST00425,2024-10-01,2025-05-26,Nigeria,245.55,9.37
CUST00425,2024-10-01,2025-06-03,Nigeria,66.01,2.8
CUST00426,2024-08-01,2024-08-12,Nigeria,59.72,2.22
CUST00426,2024-08-01,2024-09-06,Nigeria,228.67,8.45
CUST00426,2024-08-01,2024-09-23,Nigeria,156.1,6.3
CUST00426,2024-08-01,2024-09-27,Nigeria,159.47,6.58
CUST00426,2024-08-01,2024-10-16,Nigeria,189.22,8.04
CUST00426,2024-08-01,2024-10-20,Nigeria,160.55,6.05
CUST00426,2024-08-01,2024-10-23,Nigeria,142.05,6.14
CUST00426,2024-08-01,2024-11-17,Nigeria,190.92,8.21
CUST00426,2024-08-01,2024-12-24,Nigeria,214.53,9.21
CUST00426,2024-08-01,2024-12-25,Nigeria,209.91,8.14
CUST00426,2024-08-01,2025-03-19,Nigeria,108.69,4.04
CUST00427,2024-01-01,2024-01-24,India,437.45,7.01
CUST00427,2024-01-01,2024-04-23,India,199.49,3.23
CUST00427,2024-01-01,2024-09-03,India,676.71,12.98
CUST00427,2024-01-01,2024-09-24,India,166.39,2.78
CUST00427,2024-01-01,2024-09-26,India,246.78,4.65
CUST00427,2024-01-01,2024-10-15,India,202.52,3.44
CUST00427,2024-01-01,2024-11-11,India,203.38,3.7
CUST00427,2024-01-01,2024-11-16,India,278.28,4.47
CUST00427,2024-01-01,2025-01-26,India,212.35,3.76
CUST00427,2024-01-01,2025-03-05,India,321.61,5.47
CUST00427,2024-01-01,2025-05-02,India,465.09,7.4
CUST00428,2024-09-01,2024-09-13,Nigeria,144.47,5.37
CUST00428,2024-09-01,2024-09-16,Nigeria,242.38,10.05
CUST00428,2024-09-01,2024-09-17,Nigeria,243.93,8.98
CUST00428,2024-09-01,2024-10-07,Nigeria,117.81,4.75
CUST00428,2024-09-01,2024-11-02,Nigeria,274.71,10.81
CUST00428,2024-09-01,2024-12-03,Nigeria,70.46,3.1
CUST00428,2024-09-01,2024-12-10,Nigeria,162.97,6.75
CUST00428,2024-09-01,2025-06-16,Nigeria,155.69,5.64
CUST00429,2024-11-01,2024-11-03,India,325.85,5.3
CUST00429,2024-11-01,2024-11-14,India,328.57,5.75
CUST00429,2024-11-01,2024-11-15,India,344.32,6.24
CUST00429,2024-11-01,2024-12-20,India,473.68,8.08
CUST00429,2024-11-01,2025-05-13,India,206.2,3.25
CUST00430,2024-06-01,2024-06-09,India,395.72,6.65
CUST00430,2024-06-01,2024-07-04,India,48.18,0.85
CUST00430,2024-06-01,2024-07-22,India,264.06,4.4
CUST00430,2024-06-01,2024-08-03,India,389.09,6.25
CUST00430,2024-06-01,2024-08-23,India,293.03,5.24
CUST00430,2024-06-01,2024-10-01,India,417.79,7.62
CUST00430,2024-06-01,2024-10-01,India,413.15,6.9
CUST00430,2024-06-01,2024-12-11,India,110.32,1.95
CUST00430,2024-06-01,2024-12-24,India,366.01,6.58
CUST00430,2024-06-01,2025-02-24,India,429.75,7.57
CUST00430,2024-06-01,2025-02-26,India,407.84,7.31
CUST00430,2024-06-01,2025-03-19,India,446.26,8.06
CUST00430,2024-06-01,2025-03-19,India,398.01,6.62
CUST00431,2024-01-01,2024-01-18,Nigeria,20.0,0.78
CUST00431,2024-01-01,2024-02-08,Nigeria,133.13,5.66
CUST00431,2024-01-01,2024-02-11,Nigeria,218.64,9.0
CUST00431,2024-01-01,2024-02-16,Nigeria,200.74,7.43
CUST00431,2024-01-01,2024-02-24,Nigeria,213.37,8.54
CUST00431,2024-01-01,2024-02-26,Nigeria,223.47,9.08
CUST00431,2024-01-01,2024-05-16,Nigeria,135.7,4.93
CUST00431,2024-01-01,2024-05-17,Nigeria,55.58,2.07
CUST00431,2024-01-01,2024-09-18,Nigeria,311.46,12.38
CUST00431,2024-01-01,2025-04-21,Nigeria,267.91,10.53
CUST00431,2024-01-01,2025-04-22,Nigeria,233.15,9.28
CUST00431,2024-01-01,2025-05-06,Nigeria,306.5,12.58
CUST00431,2024-01-01,2025-05-12,Nigeria,273.52,11.47
CUST00431,2024-01-01,2025-05-16,Nigeria,182.8,6.98
CUST00432,2024-12-01,2024-12-10,Nigeria,141.6,5.71
CUST00432,2024-12-01,2024-12-19,Nigeria,244.07,9.12
CUST00432,2024-12-01,2025-01-26,Nigeria,132.38,5.38
CUST00432,2024-12-01,2025-02-21,Nigeria,213.2,9.28
CUST00432,2024-12-01,2025-02-26,Nigeria,199.04,7.84
CUST00432,2024-12-01,2025-04-01,Nigeria,166.64,6.38
CUST00433,2024-05-01,2024-05-09,Nigeria,175.08,6.54
CUST00433,2024-05-01,2024-06-04,Nigeria,119.97,4.97
CUST00433,2024-05-01,2024-09-02,Nigeria,241.98,9.19
CUST00433,2024-05-01,2024-09-21,Nigeria,209.89,8.0
CUST00433,2024-05-01,2024-10-15,Nigeria,81.01,3.39
CUST00433,2024-05-01,2024-10-17,Nigeria,180.64,6.74
CUST00433,2024-05-01,2024-12-11,Nigeria,251.44,10.52
CUST00433,2024-05-01,2025-02-16,Nigeria,252.83,9.13
CUST00433,2024-05-01,2025-02-17,Nigeria,176.84,6.55
CUST00434,2024-09-01,2024-09-19,India,445.09,7.74
CUST00434,2024-09-01,2024-10-17,India,359.84,6.9
CUST00434,2024-09-01,2024-11-11,India,343.0,6.33
CUST00434,2024-09-01,2024-11-23,India,204.45,3.51
CUST00434,2024-09-01,2024-11-26,India,543.9,10.01
CUST00434,2024-09-01,2024-12-15,India,346.35,5.8
CUST00434,2024-09-01,2025-04-05,India,474.71,8.32
CUST00434,2024-09-01,2025-05-09,India,241.11,4.46
CUST00435,2024-03-01,2024-03-17,India,485.87,8.13
CUST00435,2024-03-01,2024-06-07,India,394.19,6.62
CUST00435,2024-03-01,2024-06-20,India,419.92,7.48
CUST00435,2024-03-01,2024-07-04,India,248.62,4.47
CUST00435,2024-03-01,2024-07-18,India,251.98,4.31
CUST00435,2024-03-01,2024-10-15,India,430.58,7.0
CUST00435,2024-03-01,2025-03-04,India,537.43,9.21
CUST00435,2024-03-01,2025-03-18,India,310.48,5.47
CUST00435,2024-03-01,2025-03-25,India,261.13,4.41
CUST00436,2024-08-01,2024-08-10,Nigeria,123.58,4.86
CUST00436,2024-08-01,2024-08-11,Nigeria,271.3,9.99
CUST00436,2024-08-01,2024-08-13,Nigeria,219.87,9.62
CUST00436,2024-08-01,2024-08-22,Nigeria,252.23,10.32
CUST00436,2024-08-01,2024-08-27,Nigeria,236.81,9.14
CUST00436,2024-08-01,2024-09-14,Nigeria,145.43,6.28
CUST00436,2024-08-01,2024-09-16,Nigeria,167.18,6.96
CUST00436,2024-08-01,2024-09-16,Nigeria,203.08,8.24
CUST00436,2024-08-01,2024-09-17,Nigeria,168.66,7.15
CUST00436,2024-08-01,2024-12-06,Nigeria,189.78,8.09
CUST00436,2024-08-01,2024-12-19,Nigeria,245.75,9.29
CUST00436,2024-08-01,2025-01-15,Nigeria,45.44,1.85
CUST00436,2024-08-01,2025-01-22,Nigeria,145.22,5.98
CUST00436,2024-08-01,2025-02-08,Nigeria,237.88,9.94
CUST00436,2024-08-01,2025-02-11,Nigeria,249.1,9.56
CUST00436,2024-08-01,2025-05-15,Nigeria,162.1,6.19
CUST00436,2024-08-01,2025-05-17,Nigeria,218.14,8.1
CUST00436,2024-08-01,2025-05-27,Nigeria,196.7,7.88
CUST00437,2024-12-01,2024-12-09,Nigeria,114.34,4.63
CUST00437,2024-12-01,2024-12-14,Nigeria,151.96,6.51
CUST00437,2024-12-01,2025-01-08,Nigeria,107.46,4.16
CUST00437,2024-12-01,2025-01-23,Nigeria,204.47,8.39
CUST00437,2024-12-01,2025-01-26,Nigeria,166.51,7.26
CUST00437,2024-12-01,2025-02-01,Nigeria,317.31,13.46
CUST00437,2024-12-01,2025-03-08,Nigeria,205.44,7.75
CUST00437,2024-12-01,2025-03-27,Nigeria,153.85,5.93
CUST00437,2024-12-01,2025-03-27,Nigeria,253.98,10.2
CUST00437,2024-12-01,2025-04-06,Nigeria,212.61,8.39
CUST00437,2024-12-01,2025-04-14,Nigeria,255.66,10.58
CUST00437,2024-12-01,2025-05-08,Nigeria,215.28,8.77
CUST00437,2024-12-01,2025-05-21,Nigeria,185.33,6.78
CUST00438,2024-08-01,2024-08-09,Nigeria,132.65,5.8
CUST00438,2024-08-01,2024-08-24,Nigeria,20.0,0.73
CUST00438,2024-08-01,2024-09-01,Nigeria,166.71,6.62
CUST00438,2024-08-01,2024-11-17,Nigeria,221.13,8.53
CUST00438,2024-08-01,2024-11-23,Nigeria,156.83,5.74
CUST00438,2024-08-01,2024-11-23,Nigeria,121.49,4.75
CUST00438,2024-08-01,2024-11-25,Nigeria,167.57,6.77
CUST00438,2024-08-01,2024-11-27,Nigeria,133.54,4.97
CUST00438,2024-08-01,2024-12-23,Nigeria,73.21,3.05
CUST00438,2024-08-01,2024-12-25,Nigeria,213.72,8.11
CUST00438,2024-08-01,2025-01-08,Nigeria,192.86,8.37
CUST00438,2024-08-01,2025-01-20,Nigeria,134.35,5.16
CUST00438,2024-08-01,2025-05-23,Nigeria,138.18,5.42
CUST00439,2024-05-01,2024-05-07,India,268.81,4.45
CUST00439,2024-05-01,2024-08-01,India,348.96,5.99
CUST00439,2024-05-01,2024-09-04,India,382.96,6.37
CUST00439,2024-05-01,2024-10-16,India,367.73,6.11
CUST00439,2024-05-01,2024-11-01,India,302.65,4.78
CUST00439,2024-05-01,2025-02-14,India,526.87,8.59
CUST00439,2024-05-01,2025-06-24,India,353.99,6.53
CUST00440,2024-03-01,2024-03-08,India,398.73,6.75
CUST00440,2024-03-01,2024-05-11,India,244.59,4.32
CUST00440,2024-03-01,2024-10-14,India,410.87,7.54
CUST00440,2024-03-01,2024-10-23,India,633.72,10.3
CUST00440,2024-03-01,2024-11-17,India,402.92,6.59
CUST00440,2024-03-01,2025-04-10,India,517.09,9.19
CUST00440,2024-03-01,2025-04-11,India,338.81,5.39
CUST00440,2024-03-01,2025-06-07,India,291.61,4.92
CUST00441,2024-05-01,2024-05-10,India,355.76,6.46
CUST00441,2024-05-01,2024-05-11,India,374.96,6.82
CUST00441,2024-05-01,2024-05-23,India,383.26,6.88
CUST00441,2024-05-01,2024-06-15,India,482.81,8.1
CUST00441,2024-05-01,2024-06-22,India,404.73,6.95
CUST00441,2024-05-01,2024-06-25,India,329.12,5.54
CUST00441,2024-05-01,2024-07-04,India,177.47,3.09
CUST00441,2024-05-01,2024-07-08,India,432.5,8.32
CUST00441,2024-05-01,2024-10-13,India,351.06,6.6
CUST00441,2024-05-01,2024-10-19,India,304.32,5.82
CUST00441,2024-05-01,2024-11-18,India,361.84,6.17
CUST00441,2024-05-01,2024-11-25,India,491.36,9.37
CUST00441,2024-05-01,2024-11-27,India,636.84,11.72
CUST00441,2024-05-01,2025-03-03,India,394.59,6.71
CUST00441,2024-05-01,2025-03-15,India,174.57,3.22
CUST00441,2024-05-01,2025-06-10,India,340.03,5.91
CUST00441,2024-05-01,2025-06-10,India,454.6,7.96
CUST00441,2024-05-01,2025-06-16,India,341.88,6.44
CUST00442,2024-10-01,2024-10-01,Nigeria,221.83,9.73
CUST00442,2024-10-01,2024-10-11,Nigeria,195.43,7.82
CUST00442,2024-10-01,2024-10-16,Nigeria,178.79,7.6
CUST00442,2024-10-01,2024-10-26,Nigeria,214.36,8.8
CUST00442,2024-10-01,2024-12-16,Nigeria,158.4,6.76
CUST00442,2024-10-01,2024-12-27,Nigeria,200.34,7.65
CUST00442,2024-10-01,2025-01-23,Nigeria,121.15,4.67
CUST00442,2024-10-01,2025-01-25,Nigeria,158.26,6.34
CUST00442,2024-10-01,2025-02-08,Nigeria,107.45,4.37
CUST00442,2024-10-01,2025-02-12,Nigeria,272.64,11.97
CUST00442,2024-10-01,2025-02-12,Nigeria,231.86,10.06
CUST00443,2024-09-01,2024-09-14,Nigeria,160.75,5.92
CUST00443,2024-09-01,2024-09-24,Nigeria,175.84,7.01
CUST00443,2024-09-01,2024-10-05,Nigeria,175.19,6.43
CUST00443,2024-09-01,2024-10-17,Nigeria,145.78,5.87
CUST00443,2024-09-01,2024-10-26,Nigeria,83.61,3.24
CUST00443,2024-09-01,2024-11-01,Nigeria,232.67,8.72
CUST00443,2024-09-01,2024-11-21,Nigeria,186.95,6.8
CUST00443,2024-09-01,2025-01-21,Nigeria,185.53,7.96
CUST00443,2024-09-01,2025-03-01,Nigeria,209.67,8.81
CUST00443,2024-09-01,2025-03-12,Nigeria,204.54,7.84
CUST00443,2024-09-01,2025-04-25,Nigeria,169.47,6.43
CUST00444,2024-09-01,2024-09-15,Nigeria,79.71,3.48
CUST00444,2024-09-01,2024-10-05,Nigeria,89.21,3.43
CUST00444,2024-09-01,2024-10-09,Nigeria,153.8,5.59
CUST00444,2024-09-01,2024-10-20,Nigeria,107.79,4.41
CUST00444,2024-09-01,2024-10-25,Nigeria,215.66,8.07
CUST00444,2024-09-01,2024-10-27,Nigeria,294.27,12.36
CUST00444,2024-09-01,2024-11-06,Nigeria,172.51,7.01
CUST00444,2024-09-01,2024-11-15,Nigeria,144.7,6.24
CUST00444,2024-09-01,2024-12-01,Nigeria,138.42,5.52
CUST00444,2024-09-01,2024-12-16,Nigeria,241.41,10.44
CUST00444,2024-09-01,2025-01-01,Nigeria,163.45,6.21
CUST00444,2024-09-01,2025-01-24,Nigeria,175.46,7.12
CUST00444,2024-09-01,2025-05-17,Nigeria,152.18,5.76
CUST00445,2024-08-01,2024-08-24,India,383.47,6.76
CUST00445,2024-08-01,2024-09-18,India,537.44,9.39
CUST00445,2024-08-01,2024-10-01,India,525.05,8.43
CUST00445,2024-08-01,2024-11-06,India,391.32,6.93
CUST00445,2024-08-01,2024-11-11,India,402.44,6.43
CUST00445,2024-08-01,2025-02-10,India,365.85,6.13
CUST00445,2024-08-01,2025-03-13,India,245.67,4.38
CUST00445,2024-08-01,2025-03-16,India,276.14,4.8
CUST00445,2024-08-01,2025-04-20,India,188.59,3.26
CUST00445,2024-08-01,2025-06-04,India,487.85,8.14
CUST00446,2024-03-01,2024-03-20,Nigeria,253.1,9.95
CUST00446,2024-03-01,2024-04-25,Nigeria,157.62,5.77
CUST00446,2024-03-01,2024-05-12,Nigeria,141.5,5.41
CUST00446,2024-03-01,2024-05-26,Nigeria,96.42,3.95
CUST00446,2024-03-01,2024-08-04,Nigeria,198.87,8.21
CUST00446,2024-03-01,2024-08-24,Nigeria,189.1,7.21
CUST00446,2024-03-01,2024-12-24,Nigeria,158.07,6.5
CUST00447,2024-01-01,2024-01-06,Nigeria,296.64,11.21
CUST00447,2024-01-01,2024-01-14,Nigeria,83.82,3.34
CUST00447,2024-01-01,2024-02-06,Nigeria,129.01,4.66
CUST00447,2024-01-01,2024-02-10,Nigeria,213.88,8.62
CUST00447,2024-01-01,2024-02-14,Nigeria,198.67,7.33
CUST00447,2024-01-01,2024-02-22,Nigeria,173.56,7.31
CUST00447,2024-01-01,2024-03-13,Nigeria,218.7,8.62
CUST00447,2024-01-01,2024-03-17,Nigeria,171.62,7.33
CUST00447,2024-01-01,2024-03-17,Nigeria,141.75,5.39
CUST00447,2024-01-01,2024-03-17,Nigeria,122.3,5.21
CUST00447,2024-01-01,2024-04-03,Nigeria,137.35,5.68
CUST00447,2024-01-01,2024-04-10,Nigeria,139.72,5.7
CUST00447,2024-01-01,2024-04-13,Nigeria,137.17,4.96
CUST00447,2024-01-01,2024-04-14,Nigeria,251.84,10.72
CUST00447,2024-01-01,2024-04-27,Nigeria,286.02,12.41
CUST00447,2024-01-01,2024-05-01,Nigeria,248.55,10.52
CUST00448,2024-01-01,2024-01-10,India,444.02,7.18
CUST00448,2024-01-01,2024-02-07,India,476.5,8.1
CUST00448,2024-01-01,2024-02-27,India,493.66,8.88
CUST00448,2024-01-01,2024-04-09,India,386.2,7.17
CUST00448,2024-01-01,2024-04-19,India,470.23,8.36
CUST00448,2024-01-01,2024-06-06,India,215.58,3.64
CUST00448,2024-01-01,2024-06-07,India,370.65,6.7
CUST00448,2024-01-01,2024-08-09,India,372.76,6.98
CUST00448,2024-01-01,2024-08-09,India,356.56,6.58
CUST00448,2024-01-01,2024-08-23,India,384.34,7.35
CUST00448,2024-01-01,2024-09-03,India,230.15,4.25
CUST00448,2024-01-01,2024-09-13,India,571.58,10.93
CUST00448,2024-01-01,2024-09-20,India,335.59,5.73
CUST00448,2024-01-01,2024-11-20,India,495.42,8.87
CUST00448,2024-01-01,2024-11-22,India,201.72,3.22
CUST00448,2024-01-01,2024-12-17,India,449.34,8.57
CUST00448,2024-01-01,2025-02-13,India,132.58,2.25
CUST00448,2024-01-01,2025-02-18,India,380.06,7.17
CUST00448,2024-01-01,2025-04-14,India,628.29,10.36
CUST00448,2024-01-01,2025-04-24,India,309.23,4.89
CUST00449,2024-01-01,2024-01-02,India,440.18,7.65
CUST00449,2024-01-01,2024-01-20,India,287.42,5.44
CUST00449,2024-01-01,2024-02-14,India,318.09,5.88
CUST00449,2024-01-01,2024-03-26,India,356.56,5.87
CUST00449,2024-01-01,2024-04-11,India,521.69,9.3
CUST00449,2024-01-01,2024-09-16,India,241.28,4.59
CUST00449,2024-01-01,2024-09-27,India,310.71,5.29
CUST00450,2024-02-01,2024-02-04,India,413.31,7.83
CUST00450,2024-02-01,2024-02-06,India,375.21,7.02
CUST00450,2024-02-01,2024-02-16,India,498.27,8.6
CUST00450,2024-02-01,2024-04-02,India,171.29,2.79
CUST00450,2024-02-01,2024-04-09,India,388.16,6.74
CUST00450,2024-02-01,2024-04-11,India,397.87,7.62
CUST00450,2024-02-01,2024-04-19,India,309.87,5.77
CUST00450,2024-02-01,2024-05-08,India,470.58,8.38
CUST00450,2024-02-01,2024-05-08,India,414.2,7.32
CUST00450,2024-02-01,2024-09-22,India,273.25,4.89
CUST00450,2024-02-01,2025-03-10,India,252.79,4.6
CUST00450,2024-02-01,2025-06-11,India,327.85,5.32
CUST00450,2024-02-01,2025-06-17,India,353.99,6.7
CUST00451,2024-08-01,2024-08-12,India,428.79,7.71
CUST00451,2024-08-01,2024-08-19,India,374.86,6.7
CUST00451,2024-08-01,2024-12-04,India,250.48,4.08
CUST00451,2024-08-01,2024-12-11,India,358.63,6.66
CUST00451,2024-08-01,2025-01-26,India,189.35,3.11
CUST00451,2024-08-01,2025-02-12,India,458.14,8.48
CUST00451,2024-08-01,2025-02-16,India,421.14,8.08
CUST00451,2024-08-01,2025-02-18,India,322.51,5.95
CUST00451,2024-08-01,2025-02-24,India,249.94,4.62
CUST00451,2024-08-01,2025-03-02,India,199.97,3.2
CUST00451,2024-08-01,2025-03-05,India,341.48,5.58
CUST00451,2024-08-01,2025-03-20,India,381.92,6.78
CUST00452,2024-07-01,2024-07-18,India,411.79,7.35
CUST00452,2024-07-01,2024-08-04,India,286.25,5.19
CUST00452,2024-07-01,2024-08-04,India,474.78,8.88
CUST00452,2024-07-01,2024-10-17,India,219.77,3.48
CUST00452,2024-07-01,2024-11-02,India,460.72,7.58
CUST00452,2024-07-01,2025-02-22,India,536.67,9.47
CUST00452,2024-07-01,2025-02-25,India,525.05,9.54
CUST00452,2024-07-01,2025-02-26,India,392.32,7.5
CUST00452,2024-07-01,2025-03-01,India,220.75,3.51
CUST00453,2024-06-01,2024-06-13,India,141.3,2.6
CUST00453,2024-06-01,2024-08-10,India,551.56,9.02
CUST00453,2024-06-01,2024-08-19,India,461.85,7.56
CUST00453,2024-06-01,2024-09-05,India,209.18,3.96
CUST00453,2024-06-01,2024-09-24,India,143.17,2.68
CUST00453,2024-06-01,2024-11-03,India,454.31,7.77
CUST00453,2024-06-01,2024-12-11,India,266.26,4.95
CUST00453,2024-06-01,2024-12-27,India,479.94,8.92
CUST00453,2024-06-01,2025-02-08,India,253.26,4.65
CUST00453,2024-06-01,2025-02-11,India,347.15,6.17
CUST00453,2024-06-01,2025-04-19,India,385.62,6.39
CUST00454,2024-03-01,2024-03-10,India,74.82,1.22
CUST00454,2024-03-01,2024-06-02,India,405.76,6.88
CUST00454,2024-03-01,2024-10-08,India,254.34,4.31
CUST00454,2024-03-01,2024-11-19,India,269.96,4.31
CUST00454,2024-03-01,2025-05-26,India,298.01,5.52
CUST00455,2024-04-01,2024-04-01,Nigeria,220.8,8.13
CUST00455,2024-04-01,2024-04-13,Nigeria,128.55,5.66
CUST00455,2024-04-01,2024-04-15,Nigeria,276.01,10.34
CUST00455,2024-04-01,2024-04-21,Nigeria,245.19,10.35
CUST00455,2024-04-01,2024-05-06,Nigeria,221.77,8.27
CUST00455,2024-04-01,2024-05-13,Nigeria,277.37,11.15
CUST00455,2024-04-01,2024-07-06,Nigeria,185.25,6.74
CUST00455,2024-04-01,2024-07-09,Nigeria,209.15,7.58
CUST00455,2024-04-01,2024-07-24,Nigeria,177.34,7.07
CUST00455,2024-04-01,2024-09-02,Nigeria,180.03,7.05
CUST00455,2024-04-01,2024-09-08,Nigeria,147.22,5.79
CUST00455,2024-04-01,2024-09-27,Nigeria,166.64,6.77
CUST00455,2024-04-01,2025-06-08,Nigeria,145.51,5.65
CUST00456,2024-01-01,2024-01-20,India,460.73,8.2
CUST00456,2024-01-01,2024-02-11,India,281.46,5.21
CUST00456,2024-01-01,2024-03-10,India,168.62,2.9
CUST00456,2024-01-01,2024-03-13,India,270.4,5.11
CUST00456,2024-01-01,2024-03-15,India,542.63,9.92
CUST00456,2024-01-01,2024-08-14,India,430.11,8.0
CUST00456,2024-01-01,2024-08-21,India,559.99,9.51
CUST00456,2024-01-01,2024-09-25,India,515.21,8.35
CUST00456,2024-01-01,2024-12-11,India,201.59,3.68
CUST00456,2024-01-01,2025-01-04,India,519.15,9.43
CUST00456,2024-01-01,2025-02-26,India,213.11,3.68
CUST00456,2024-01-01,2025-04-15,India,353.33,5.78
CUST00456,2024-01-01,2025-04-17,India,452.73,8.57
CUST00456,2024-01-01,2025-04-17,India,292.36,5.14
CUST00456,2024-01-01,2025-05-11,India,467.71,7.62
CUST00457,2024-07-01,2024-07-27,Nigeria,205.04,8.57
CUST00457,2024-07-01,2024-08-05,Nigeria,177.4,6.45
CUST00457,2024-07-01,2024-08-15,Nigeria,108.15,4.62
CUST00457,2024-07-01,2024-09-05,Nigeria,205.63,7.99
CUST00457,2024-07-01,2024-09-08,Nigeria,300.88,12.14
CUST00457,2024-07-01,2024-10-05,Nigeria,257.36,10.01
CUST00457,2024-07-01,2024-10-15,Nigeria,141.57,5.72
CUST00457,2024-07-01,2024-10-18,Nigeria,228.16,8.8
CUST00457,2024-07-01,2024-10-27,Nigeria,205.23,8.4
CUST00457,2024-07-01,2024-11-01,Nigeria,20.0,0.78
CUST00457,2024-07-01,2025-01-02,Nigeria,125.04,4.73
CUST00457,2024-07-01,2025-01-07,Nigeria,241.87,10.11
CUST00457,2024-07-01,2025-01-13,Nigeria,179.13,7.18
CUST00457,2024-07-01,2025-01-14,Nigeria,146.75,6.09
CUST00457,2024-07-01,2025-01-20,Nigeria,217.44,9.17
CUST00457,2024-07-01,2025-02-04,Nigeria,249.32,10.89
CUST00457,2024-07-01,2025-02-06,Nigeria,206.72,8.59
CUST00457,2024-07-01,2025-02-14,Nigeria,295.56,10.86
CUST00457,2024-07-01,2025-02-27,Nigeria,272.22,10.66
CUST00457,2024-07-01,2025-05-22,Nigeria,209.03,8.44
CUST00457,2024-07-01,2025-06-05,Nigeria,139.25,5.05
CUST00457,2024-07-01,2025-06-05,Nigeria,223.37,9.57
CUST00457,2024-07-01,2025-06-12,Nigeria,181.59,7.35
CUST00457,2024-07-01,2025-06-19,Nigeria,173.55,7.4
CUST00457,2024-07-01,2025-06-26,Nigeria,161.99,6.61
CUST00458,2024-06-01,2024-06-18,Nigeria,199.85,7.97
CUST00458,2024-06-01,2024-06-24,Nigeria,76.49,3.25
CUST00458,2024-06-01,2024-06-26,Nigeria,248.66,10.14
CUST00458,2024-06-01,2024-07-13,Nigeria,151.25,6.59
CUST00458,2024-06-01,2024-07-18,Nigeria,213.53,8.06
CUST00458,2024-06-01,2024-09-04,Nigeria,152.54,6.55
CUST00458,2024-06-01,2024-10-01,Nigeria,159.92,5.79
CUST00458,2024-06-01,2024-10-11,Nigeria,221.3,9.35
CUST00458,2024-06-01,2024-10-23,Nigeria,104.42,4.19
CUST00458,2024-06-01,2025-02-12,Nigeria,151.97,6.12
CUST00458,2024-06-01,2025-02-14,Nigeria,121.48,4.77
CUST00458,2024-06-01,2025-06-09,Nigeria,117.62,5.12
CUST00459,2024-05-01,2024-05-07,Nigeria,197.8,8.27
CUST00459,2024-05-01,2025-03-12,Nigeria,245.36,9.92
CUST00459,2024-05-01,2025-03-14,Nigeria,116.12,4.87
CUST00459,2024-05-01,2025-03-20,Nigeria,152.88,5.59
CUST00460,2024-01-01,2024-01-07,India,522.26,8.76
CUST00460,2024-01-01,2024-02-13,India,285.52,5.12
CUST00460,2024-01-01,2024-03-16,India,469.2,8.65
CUST00460,2024-01-01,2024-05-27,India,193.64,3.13
CUST00460,2024-01-01,2024-09-09,India,245.03,4.52
CUST00460,2024-01-01,2024-10-09,India,475.42,8.73
CUST00460,2024-01-01,2024-10-12,India,540.05,8.6
CUST00460,2024-01-01,2024-11-12,India,155.43,2.49
CUST00460,2024-01-01,2024-11-12,India,513.13,8.29
CUST00460,2024-01-01,2025-03-01,India,472.26,8.97
CUST00460,2024-01-01,2025-04-17,India,269.61,4.96
CUST00460,2024-01-01,2025-04-18,India,275.25,4.85
CUST00460,2024-01-01,2025-04-20,India,214.19,3.93
CUST00460,2024-01-01,2025-04-23,India,380.21,7.17
CUST00460,2024-01-01,2025-04-26,India,449.25,7.54
CUST00460,2024-01-01,2025-05-07,India,337.01,6.06
CUST00461,2024-06-01,2024-06-12,Nigeria,220.51,9.4
CUST00461,2024-06-01,2024-06-21,Nigeria,118.27,4.81
CUST00461,2024-06-01,2024-07-01,Nigeria,119.69,5.03
CUST00461,2024-06-01,2024-12-04,Nigeria,237.23,9.34
CUST00461,2024-06-01,2025-01-16,Nigeria,217.21,9.48
CUST00461,2024-06-01,2025-01-16,Nigeria,161.68,6.76
CUST00461,2024-06-01,2025-02-06,Nigeria,180.64,7.15
CUST00461,2024-06-01,2025-02-12,Nigeria,252.49,10.2
CUST00461,2024-06-01,2025-02-15,Nigeria,237.06,9.59
CUST00461,2024-06-01,2025-03-16,Nigeria,243.65,9.74
CUST00461,2024-06-01,2025-04-03,Nigeria,150.42,5.8
CUST00461,2024-06-01,2025-04-09,Nigeria,184.34,8.06
CUST00461,2024-06-01,2025-04-21,Nigeria,47.78,2.06
CUST00461,2024-06-01,2025-05-01,Nigeria,181.42,7.61
CUST00461,2024-06-01,2025-05-09,Nigeria,121.36,4.5
CUST00461,2024-06-01,2025-05-18,Nigeria,276.89,11.94
CUST00461,2024-06-01,2025-06-01,Nigeria,182.27,7.6
CUST00461,2024-06-01,2025-06-05,Nigeria,273.43,10.96
CUST00462,2024-05-01,2024-05-13,Nigeria,158.98,6.92
CUST00462,2024-05-01,2024-07-01,Nigeria,121.55,4.61
CUST00462,2024-05-01,2024-07-05,Nigeria,224.32,9.28
CUST00462,2024-05-01,2024-10-15,Nigeria,79.87,3.51
CUST00462,2024-05-01,2024-10-15,Nigeria,246.24,9.86
CUST00462,2024-05-01,2024-10-25,Nigeria,187.98,7.11
CUST00462,2024-05-01,2025-01-12,Nigeria,255.69,10.03
CUST00462,2024-05-01,2025-01-14,Nigeria,227.44,9.24
CUST00462,2024-05-01,2025-01-17,Nigeria,140.49,5.52
CUST00462,2024-05-01,2025-01-26,Nigeria,203.4,7.4
CUST00462,2024-05-01,2025-04-22,Nigeria,326.36,13.38
CUST00463,2024-01-01,2024-01-13,India,437.01,8.13
CUST00463,2024-01-01,2024-01-18,India,320.44,5.66
CUST00463,2024-01-01,2024-01-21,India,272.83,4.63
CUST00463,2024-01-01,2024-02-27,India,383.42,6.58
CUST00463,2024-01-01,2024-03-05,India,109.54,1.79
CUST00463,2024-01-01,2024-03-08,India,62.64,1.19
CUST00463,2024-01-01,2024-07-09,India,371.53,7.04
CUST00463,2024-01-01,2024-07-15,India,467.0,8.55
CUST00463,2024-01-01,2024-11-03,India,386.92,7.02
CUST00463,2024-01-01,2024-11-05,India,482.46,9.17
CUST00463,2024-01-01,2024-11-13,India,264.9,4.66
CUST00464,2024-04-01,2024-04-04,India,429.86,7.02
CUST00464,2024-04-01,2024-04-26,India,135.85,2.18
CUST00464,2024-04-01,2024-05-23,India,505.03,9.51
CUST00464,2024-04-01,2024-07-10,India,238.3,3.77
CUST00464,2024-04-01,2024-09-23,India,546.23,10.05
CUST00464,2024-04-01,2024-10-08,India,354.82,5.8
CUST00464,2024-04-01,2024-10-25,India,463.77,7.96
CUST00464,2024-04-01,2024-12-05,India,306.07,5.37
CUST00464,2024-04-01,2025-05-18,India,503.57,8.27
CUST00465,2024-04-01,2024-04-07,India,473.47,7.74
CUST00465,2024-04-01,2024-04-21,India,386.01,6.1
CUST00465,2024-04-01,2024-04-26,India,239.27,3.89
CUST00465,2024-04-01,2024-06-03,India,528.78,8.7
CUST00465,2024-04-01,2024-06-20,India,378.95,6.0
CUST00465,2024-04-01,2024-09-09,India,516.25,9.81
CUST00465,2024-04-01,2024-10-04,India,467.12,7.68
CUST00465,2024-04-01,2024-12-02,India,250.77,4.61
CUST00465,2024-04-01,2025-03-02,India,386.05,7.42
CUST00465,2024-04-01,2025-03-22,India,265.46,4.35
CUST00465,2024-04-01,2025-04-04,India,291.82,4.99
CUST00466,2024-08-01,2024-08-15,India,478.12,8.01
CUST00466,2024-08-01,2024-09-13,India,455.0,8.4
CUST00466,2024-08-01,2024-10-06,India,328.64,5.3
CUST00466,2024-08-01,2024-11-10,India,214.37,3.95
CUST00466,2024-08-01,2024-11-18,India,371.04,7.05
CUST00466,2024-08-01,2025-04-03,India,574.16,10.09
CUST00466,2024-08-01,2025-04-04,India,291.02,4.92
CUST00467,2024-04-01,2024-04-14,Nigeria,160.54,6.69
CUST00467,2024-04-01,2024-05-22,Nigeria,184.53,7.66
CUST00467,2024-04-01,2024-07-02,Nigeria,177.92,7.03
CUST00467,2024-04-01,2024-07-13,Nigeria,209.27,8.43
CUST00467,2024-04-01,2024-07-15,Nigeria,183.3,7.71
CUST00467,2024-04-01,2024-07-15,Nigeria,133.94,5.6
CUST00467,2024-04-01,2024-07-17,Nigeria,197.08,8.47
CUST00467,2024-04-01,2024-07-21,Nigeria,164.64,6.06
CUST00467,2024-04-01,2024-07-23,Nigeria,214.55,8.8
CUST00467,2024-04-01,2024-08-13,Nigeria,225.52,8.66
CUST00467,2024-04-01,2024-08-14,Nigeria,241.5,9.91
CUST00467,2024-04-01,2024-10-22,Nigeria,74.01,2.67
CUST00467,2024-04-01,2025-01-18,Nigeria,258.9,10.93
CUST00467,2024-04-01,2025-04-22,Nigeria,174.41,7.39
CUST00467,2024-04-01,2025-04-23,Nigeria,127.64,5.4
CUST00468,2024-02-01,2024-02-11,India,639.13,12.26
CUST00468,2024-02-01,2024-10-10,India,267.54,4.64
CUST00468,2024-02-01,2024-10-25,India,387.64,6.46
CUST00468,2024-02-01,2025-03-05,India,400.93,6.47
CUST00469,2024-03-01,2024-03-04,Nigeria,175.57,6.73
CUST00469,2024-03-01,2024-03-09,Nigeria,196.51,7.51
CUST00469,2024-03-01,2024-03-14,Nigeria,103.24,4.19
CUST00469,2024-03-01,2024-04-03,Nigeria,101.37,4.17
CUST00469,2024-03-01,2024-04-03,Nigeria,155.84,6.17
CUST00469,2024-03-01,2024-04-08,Nigeria,221.31,9.11
CUST00469,2024-03-01,2024-04-16,Nigeria,197.78,8.6
CUST00469,2024-03-01,2024-04-16,Nigeria,176.38,6.94
CUST00469,2024-03-01,2024-08-17,Nigeria,175.01,7.14
CUST00469,2024-03-01,2024-11-01,Nigeria,128.23,5.08
CUST00469,2024-03-01,2024-11-05,Nigeria,222.12,8.6
CUST00469,2024-03-01,2025-04-04,Nigeria,83.84,3.09
CUST00469,2024-03-01,2025-06-19,Nigeria,219.71,8.69
CUST00469,2024-03-01,2025-06-27,Nigeria,145.98,5.83
CUST00469,2024-03-01,2025-06-27,Nigeria,68.04,2.81
CUST00470,2024-04-01,2024-04-05,Nigeria,134.8,5.93
CUST00470,2024-04-01,2024-04-13,Nigeria,211.7,8.04
CUST00470,2024-04-01,2024-04-15,Nigeria,186.78,7.7
CUST00470,2024-04-01,2024-04-17,Nigeria,192.37,8.24
CUST00470,2024-04-01,2024-04-25,Nigeria,124.07,4.48
CUST00470,2024-04-01,2024-05-03,Nigeria,199.85,7.5
CUST00470,2024-04-01,2024-05-06,Nigeria,128.81,5.21
CUST00470,2024-04-01,2024-05-16,Nigeria,130.84,5.38
CUST00470,2024-04-01,2024-05-23,Nigeria,43.95,1.82
CUST00470,2024-04-01,2024-08-25,Nigeria,67.25,2.61
CUST00470,2024-04-01,2024-11-03,Nigeria,188.01,7.84
CUST00470,2024-04-01,2024-12-11,Nigeria,205.25,8.42
CUST00470,2024-04-01,2024-12-17,Nigeria,175.41,6.81
CUST00470,2024-04-01,2024-12-20,Nigeria,149.02,6.44
CUST00470,2024-04-01,2025-01-19,Nigeria,219.25,8.62
CUST00470,2024-04-01,2025-01-19,Nigeria,244.23,10.67
CUST00470,2024-04-01,2025-03-03,Nigeria,102.77,4.06
CUST00470,2024-04-01,2025-03-23,Nigeria,226.89,9.64
CUST00470,2024-04-01,2025-03-23,Nigeria,242.53,8.78
CUST00470,2024-04-01,2025-04-20,Nigeria,195.19,7.24
CUST00470,2024-04-01,2025-04-23,Nigeria,259.46,9.61
CUST00470,2024-04-01,2025-05-01,Nigeria,106.8,4.54
CUST00470,2024-04-01,2025-05-03,Nigeria,249.72,10.96
CUST00471,2024-11-01,2024-11-09,India,406.65,7.61
CUST00471,2024-11-01,2024-12-14,India,322.91,5.18
CUST00471,2024-11-01,2024-12-22,India,278.49,4.51
CUST00471,2024-11-01,2024-12-25,India,307.04,5.08
CUST00471,2024-11-01,2025-01-19,India,532.23,8.59
CUST00471,2024-11-01,2025-02-19,India,531.14,8.56
CUST00471,2024-11-01,2025-02-21,India,549.98,9.0
CUST00471,2024-11-01,2025-03-08,India,508.39,8.2
CUST00471,2024-11-01,2025-04-14,India,318.77,5.93
CUST00472,2024-11-01,2024-11-08,Nigeria,100.26,3.68
CUST00472,2024-11-01,2025-02-15,Nigeria,141.72,5.89
CUST00472,2024-11-01,2025-02-27,Nigeria,133.95,5.25
CUST00472,2024-11-01,2025-05-08,Nigeria,215.05,8.59
CUST00472,2024-11-01,2025-05-26,Nigeria,318.03,12.51
CUST00472,2024-11-01,2025-06-02,Nigeria,140.0,5.14
CUST00472,2024-11-01,2025-06-15,Nigeria,93.36,3.86
CUST00473,2024-08-01,2024-08-21,Nigeria,163.45,6.78
CUST00473,2024-08-01,2024-08-25,Nigeria,249.19,9.75
CUST00473,2024-08-01,2024-08-27,Nigeria,213.16,7.96
CUST00473,2024-08-01,2024-09-08,Nigeria,122.15,4.77
CUST00473,2024-08-01,2024-09-10,Nigeria,226.69,9.7
CUST00473,2024-08-01,2024-09-24,Nigeria,235.74,8.86
CUST00473,2024-08-01,2024-10-05,Nigeria,167.43,6.64
CUST00473,2024-08-01,2024-10-13,Nigeria,276.5,11.92
CUST00473,2024-08-01,2024-10-22,Nigeria,183.69,7.28
CUST00473,2024-08-01,2024-11-02,Nigeria,212.65,8.51
CUST00473,2024-08-01,2024-11-11,Nigeria,97.22,3.77
CUST00473,2024-08-01,2024-12-17,Nigeria,267.38,9.82
CUST00473,2024-08-01,2025-01-11,Nigeria,113.42,4.45
CUST00473,2024-08-01,2025-03-15,Nigeria,217.59,9.05
CUST00473,2024-08-01,2025-04-07,Nigeria,195.33,8.44
CUST00473,2024-08-01,2025-05-07,Nigeria,96.37,3.54
CUST00473,2024-08-01,2025-05-12,Nigeria,256.03,10.23
CUST00473,2024-08-01,2025-05-25,Nigeria,141.71,5.81
CUST00473,2024-08-01,2025-06-19,Nigeria,167.24,6.76
CUST00473,2024-08-01,2025-06-27,Nigeria,213.42,8.53
CUST00474,2024-08-01,2024-08-07,India,238.17,4.56
CUST00474,2024-08-01,2024-09-09,India,389.89,7.1
CUST00474,2024-08-01,2024-09-21,India,548.31,9.99
CUST00474,2024-08-01,2024-11-05,India,516.21,9.16
CUST00474,2024-08-01,2024-11-16,India,513.68,9.09
CUST00474,2024-08-01,2024-12-14,India,291.06,5.05
CUST00474,2024-08-01,2025-03-10,India,330.97,6.26
CUST00474,2024-08-01,2025-04-18,India,499.99,9.39
CUST00475,2024-10-01,2024-10-07,Nigeria,103.87,4.18
CUST00475,2024-10-01,2024-10-10,Nigeria,230.62,8.39
CUST00475,2024-10-01,2024-10-13,Nigeria,195.91,7.09
CUST00475,2024-10-01,2024-10-13,Nigeria,124.54,5.17
CUST00475,2024-10-01,2024-11-06,Nigeria,193.0,7.52
CUST00475,2024-10-01,2024-11-07,Nigeria,142.62,5.43
CUST00475,2024-10-01,2024-11-19,Nigeria,249.77,10.33
CUST00475,2024-10-01,2024-12-04,Nigeria,199.65,8.11
CUST00475,2024-10-01,2025-03-17,Nigeria,229.68,9.2
CUST00475,2024-10-01,2025-03-27,Nigeria,154.51,6.41
CUST00475,2024-10-01,2025-04-05,Nigeria,293.49,12.17
CUST00475,2024-10-01,2025-04-07,Nigeria,201.2,8.32
CUST00475,2024-10-01,2025-04-18,Nigeria,162.91,6.94
CUST00475,2024-10-01,2025-06-13,Nigeria,108.94,4.52
CUST00475,2024-10-01,2025-06-15,Nigeria,99.46,3.6
CUST00476,2024-12-01,2024-12-01,Nigeria,193.03,8.17
CUST00476,2024-12-01,2024-12-15,Nigeria,231.55,9.64
CUST00476,2024-12-01,2024-12-22,Nigeria,118.18,4.46
CUST00476,2024-12-01,2024-12-23,Nigeria,103.66,4.02
CUST00476,2024-12-01,2025-01-06,Nigeria,96.78,4.01
CUST00476,2024-12-01,2025-01-18,Nigeria,233.61,9.51
CUST00476,2024-12-01,2025-02-09,Nigeria,159.23,5.95
CUST00476,2024-12-01,2025-02-16,Nigeria,248.7,10.78
CUST00476,2024-12-01,2025-03-06,Nigeria,140.48,5.25
CUST00476,2024-12-01,2025-03-06,Nigeria,62.14,2.24
CUST00477,2024-08-01,2024-08-11,India,526.15,9.63
CUST00477,2024-08-01,2024-09-08,India,316.41,5.3
CUST00477,2024-08-01,2024-10-04,India,366.34,6.18
CUST00477,2024-08-01,2024-11-09,India,530.27,9.43
CUST00477,2024-08-01,2024-11-12,India,443.72,7.1
CUST00477,2024-08-01,2024-12-12,India,363.59,6.57
CUST00477,2024-08-01,2024-12-19,India,765.84,12.59
CUST00477,2024-08-01,2024-12-23,India,371.83,6.03
CUST00477,2024-08-01,2025-01-04,India,408.35,6.73
CUST00477,2024-08-01,2025-02-19,India,294.5,5.54
CUST00477,2024-08-01,2025-02-22,India,266.31,4.31
CUST00477,2024-08-01,2025-02-27,India,285.92,4.87
CUST00477,2024-08-01,2025-05-05,India,337.72,6.39
CUST00477,2024-08-01,2025-05-27,India,502.94,8.73
CUST00478,2024-09-01,2024-09-01,India,480.37,7.92
CUST00478,2024-09-01,2024-09-02,India,470.47,8.8
CUST00478,2024-09-01,2024-10-05,India,337.54,6.2
CUST00478,2024-09-01,2024-11-11,India,383.98,7.38
CUST00478,2024-09-01,2024-11-12,India,372.0,6.36
CUST00478,2024-09-01,2024-12-11,India,471.84,8.65
CUST00478,2024-09-01,2025-02-04,India,288.78,5.2
CUST00478,2024-09-01,2025-04-16,India,359.46,6.28
CUST00478,2024-09-01,2025-05-06,India,105.52,2.0
CUST00478,2024-09-01,2025-05-17,India,437.45,7.32
CUST00478,2024-09-01,2025-06-21,India,377.61,6.68
CUST00479,2024-08-01,2024-08-06,Nigeria,212.12,8.61
CUST00479,2024-08-01,2024-09-22,Nigeria,130.59,5.25
CUST00479,2024-08-01,2025-02-19,Nigeria,203.23,8.12
CUST00479,2024-08-01,2025-03-05,Nigeria,151.08,5.99
CUST00479,2024-08-01,2025-05-27,Nigeria,146.43,5.53
CUST00480,2024-12-01,2024-12-15,India,368.47,5.81
CUST00480,2024-12-01,2025-01-21,India,493.07,8.16
CUST00480,2024-12-01,2025-01-27,India,237.47,4.12
CUST00480,2024-12-01,2025-02-02,India,222.83,3.57
CUST00480,2024-12-01,2025-02-23,India,472.05,8.94
CUST00480,2024-12-01,2025-03-01,India,342.01,6.08
CUST00480,2024-12-01,2025-05-15,India,286.29,5.06
CUST00481,2024-04-01,2024-04-12,Nigeria,196.06,8.52
CUST00481,2024-04-01,2024-04-13,Nigeria,171.08,6.42
CUST00481,2024-04-01,2024-05-04,Nigeria,176.54,7.3
CUST00481,2024-04-01,2024-05-07,Nigeria,213.6,8.64
CUST00481,2024-04-01,2024-05-16,Nigeria,150.3,6.27
CUST00481,2024-04-01,2024-05-19,Nigeria,199.5,8.51
CUST00481,2024-04-01,2024-06-13,Nigeria,207.18,9.07
CUST00481,2024-04-01,2024-06-17,Nigeria,157.87,6.19
CUST00481,2024-04-01,2024-07-07,Nigeria,212.42,8.7
CUST00481,2024-04-01,2024-08-01,Nigeria,238.93,8.73
CUST00481,2024-04-01,2024-08-02,Nigeria,115.89,4.37
CUST00481,2024-04-01,2024-08-27,Nigeria,163.4,7.02
CUST00481,2024-04-01,2024-11-10,Nigeria,85.49,3.36
CUST00481,2024-04-01,2024-11-11,Nigeria,241.0,9.34
CUST00481,2024-04-01,2024-11-13,Nigeria,166.01,6.23
CUST00481,2024-04-01,2024-11-22,Nigeria,60.48,2.3
CUST00481,2024-04-01,2024-12-02,Nigeria,181.2,6.67
CUST00481,2024-04-01,2025-05-25,Nigeria,232.51,9.78
CUST00482,2024-05-01,2024-05-22,Nigeria,171.34,7.4
CUST00482,2024-05-01,2024-06-02,Nigeria,143.57,5.89
CUST00482,2024-05-01,2024-06-02,Nigeria,202.69,8.24
CUST00482,2024-05-01,2024-06-16,Nigeria,166.01,7.08
CUST00482,2024-05-01,2024-06-21,Nigeria,236.71,8.53
CUST00482,2024-05-01,2024-06-22,Nigeria,264.85,10.22
CUST00482,2024-05-01,2024-07-05,Nigeria,188.17,7.64
CUST00482,2024-05-01,2024-08-05,Nigeria,245.49,9.2
CUST00482,2024-05-01,2024-08-21,Nigeria,143.59,5.66
CUST00482,2024-05-01,2024-09-06,Nigeria,137.38,5.12
CUST00482,2024-05-01,2024-09-15,Nigeria,154.81,6.75
CUST00482,2024-05-01,2024-10-01,Nigeria,199.29,8.15
CUST00482,2024-05-01,2024-10-19,Nigeria,260.01,9.89
CUST00482,2024-05-01,2025-01-02,Nigeria,259.29,9.37
CUST00482,2024-05-01,2025-01-23,Nigeria,120.73,5.3
CUST00482,2024-05-01,2025-02-21,Nigeria,342.95,14.29
CUST00482,2024-05-01,2025-04-16,Nigeria,286.67,11.42
CUST00483,2024-10-01,2024-10-04,Nigeria,149.82,5.82
CUST00483,2024-10-01,2024-10-09,Nigeria,159.34,6.23
CUST00483,2024-10-01,2024-11-03,Nigeria,162.38,6.06
CUST00483,2024-10-01,2024-12-06,Nigeria,163.33,6.05
CUST00483,2024-10-01,2024-12-07,Nigeria,153.05,5.88
CUST00483,2024-10-01,2024-12-12,Nigeria,234.42,9.08
CUST00483,2024-10-01,2025-01-16,Nigeria,65.24,2.53
CUST00483,2024-10-01,2025-02-01,Nigeria,259.38,9.35
CUST00483,2024-10-01,2025-02-03,Nigeria,292.77,10.92
CUST00483,2024-10-01,2025-04-21,Nigeria,163.38,6.38
CUST00483,2024-10-01,2025-04-23,Nigeria,135.73,5.65
CUST00483,2024-10-01,2025-04-26,Nigeria,189.53,7.9
CUST00484,2024-10-01,2024-10-24,India,320.53,5.33
CUST00484,2024-10-01,2024-11-05,India,274.29,5.01
CUST00484,2024-10-01,2024-11-11,India,608.62,11.12
CUST00484,2024-10-01,2025-01-01,India,441.99,7.73
CUST00484,2024-10-01,2025-01-05,India,507.98,8.07
CUST00484,2024-10-01,2025-01-13,India,451.14,7.15
CUST00484,2024-10-01,2025-01-24,India,621.44,11.31
CUST00484,2024-10-01,2025-02-21,India,500.03,9.28
CUST00484,2024-10-01,2025-02-24,India,230.68,4.3
CUST00484,2024-10-01,2025-05-05,India,194.62,3.46
CUST00484,2024-10-01,2025-05-19,India,483.44,8.99
CUST00485,2024-03-01,2024-03-03,Nigeria,244.26,8.92
CUST00485,2024-03-01,2024-04-02,Nigeria,244.61,9.99
CUST00485,2024-03-01,2024-04-07,Nigeria,145.51,5.85
CUST00485,2024-03-01,2024-04-23,Nigeria,97.0,4.07
CUST00485,2024-03-01,2024-05-05,Nigeria,129.93,5.6
CUST00485,2024-03-01,2024-07-21,Nigeria,205.69,7.78
CUST00485,2024-03-01,2024-08-02,Nigeria,230.22,9.41
CUST00485,2024-03-01,2024-08-07,Nigeria,174.27,7.15
CUST00485,2024-03-01,2024-08-14,Nigeria,168.46,6.39
CUST00485,2024-03-01,2024-11-06,Nigeria,237.57,9.86
CUST00485,2024-03-01,2024-11-09,Nigeria,103.7,4.15
CUST00485,2024-03-01,2024-11-14,Nigeria,246.81,10.42
CUST00485,2024-03-01,2024-11-20,Nigeria,225.77,9.5
CUST00485,2024-03-01,2025-02-08,Nigeria,192.46,8.05
CUST00485,2024-03-01,2025-06-02,Nigeria,228.57,9.13
CUST00485,2024-03-01,2025-06-05,Nigeria,223.81,8.43
CUST00485,2024-03-01,2025-06-18,Nigeria,153.41,6.55
CUST00486,2024-08-01,2024-08-14,Nigeria,291.91,11.51
CUST00486,2024-08-01,2024-10-03,Nigeria,131.38,5.37
CUST00486,2024-08-01,2024-10-23,Nigeria,174.62,6.83
CUST00486,2024-08-01,2024-11-04,Nigeria,102.35,4.35
CUST00486,2024-08-01,2024-11-14,Nigeria,197.54,7.25
CUST00486,2024-08-01,2025-01-20,Nigeria,174.98,6.33
CUST00486,2024-08-01,2025-01-23,Nigeria,170.16,7.43
CUST00486,2024-08-01,2025-01-25,Nigeria,188.21,7.48
CUST00486,2024-08-01,2025-02-10,Nigeria,230.67,9.55
CUST00486,2024-08-01,2025-02-12,Nigeria,173.27,7.44
CUST00486,2024-08-01,2025-02-23,Nigeria,193.67,7.03
CUST00486,2024-08-01,2025-03-04,Nigeria,140.89,6.15
CUST00486,2024-08-01,2025-03-14,Nigeria,101.02,3.73
CUST00486,2024-08-01,2025-03-26,Nigeria,165.65,7.2
CUST00486,2024-08-01,2025-04-25,Nigeria,287.0,10.87
CUST00486,2024-08-01,2025-06-06,Nigeria,185.2,7.89
CUST00486,2024-08-01,2025-06-25,Nigeria,281.48,10.59
CUST00487,2024-11-01,2024-11-05,India,665.34,11.87
CUST00487,2024-11-01,2025-02-22,India,494.05,8.81
CUST00487,2024-11-01,2025-03-09,India,401.22,6.57
CUST00487,2024-11-01,2025-03-23,India,559.23,9.91
CUST00487,2024-11-01,2025-03-25,India,413.94,7.07
CUST00487,2024-11-01,2025-06-22,India,456.36,7.21
CUST00488,2024-05-01,2024-05-09,Nigeria,129.43,5.32
CUST00488,2024-05-01,2024-06-26,Nigeria,180.45,7.31
CUST00488,2024-05-01,2024-07-04,Nigeria,182.76,7.06
CUST00488,2024-05-01,2024-09-05,Nigeria,274.74,12.01
CUST00488,2024-05-01,2024-09-27,Nigeria,139.6,5.18
CUST00488,2024-05-01,2024-10-04,Nigeria,234.83,8.58
CUST00488,2024-05-01,2024-10-10,Nigeria,286.68,11.12
CUST00488,2024-05-01,2024-10-18,Nigeria,208.25,7.95
CUST00488,2024-05-01,2024-10-22,Nigeria,94.96,3.58
CUST00488,2024-05-01,2024-10-24,Nigeria,294.43,12.25
CUST00488,2024-05-01,2024-12-01,Nigeria,183.81,7.82
CUST00488,2024-05-01,2025-01-25,Nigeria,127.05,5.18
CUST00488,2024-05-01,2025-04-03,Nigeria,158.3,6.17
CUST00488,2024-05-01,2025-05-01,Nigeria,127.98,4.87
CUST00488,2024-05-01,2025-06-01,Nigeria,130.84,5.09
CUST00488,2024-05-01,2025-06-06,Nigeria,154.47,6.37
CUST00488,2024-05-01,2025-06-09,Nigeria,237.87,9.12
CUST00488,2024-05-01,2025-06-14,Nigeria,256.44,11.01
CUST00489,2024-04-01,2024-04-21,India,261.79,4.81
CUST00489,2024-04-01,2024-06-04,India,450.84,7.8
CUST00489,2024-04-01,2024-06-12,India,443.46,8.17
CUST00489,2024-04-01,2024-06-17,India,274.31,4.35
CUST00489,2024-04-01,2024-06-18,India,408.39,7.44
CUST00489,2024-04-01,2024-09-07,India,390.38,7.01
CUST00489,2024-04-01,2024-09-24,India,498.81,8.37
CUST00489,2024-04-01,2024-11-23,India,487.43,8.0
CUST00489,2024-04-01,2024-12-17,India,530.42,9.84
CUST00489,2024-04-01,2025-01-01,India,396.9,7.09
CUST00489,2024-04-01,2025-01-17,India,267.17,4.72
CUST00489,2024-04-01,2025-06-10,India,257.91,4.31
CUST00490,2024-09-01,2024-09-17,India,312.0,5.38
CUST00490,2024-09-01,2024-10-07,India,571.72,9.42
CUST00490,2024-09-01,2024-11-06,India,175.91,3.19
CUST00490,2024-09-01,2024-12-16,India,453.25,7.39
CUST00491,2024-06-01,2024-06-19,India,305.28,5.19
CUST00491,2024-06-01,2024-06-21,India,426.6,7.09
CUST00491,2024-06-01,2024-07-14,India,480.74,7.77
CUST00491,2024-06-01,2024-07-26,India,192.05,3.6
CUST00491,2024-06-01,2024-09-01,India,498.87,8.95
CUST00491,2024-06-01,2024-09-08,India,339.39,5.74
CUST00491,2024-06-01,2024-09-23,India,441.45,8.47
CUST00491,2024-06-01,2024-10-26,India,241.82,3.85
CUST00491,2024-06-01,2024-11-11,India,459.43,8.11
CUST00491,2024-06-01,2025-01-21,India,599.07,11.24
CUST00491,2024-06-01,2025-01-24,India,659.01,11.95
CUST00491,2024-06-01,2025-01-26,India,343.73,6.11
CUST00491,2024-06-01,2025-02-10,India,460.53,8.39
CUST00491,2024-06-01,2025-02-12,India,416.14,7.71
CUST00491,2024-06-01,2025-02-19,India,546.09,9.89
CUST00492,2024-08-01,2024-08-06,Nigeria,206.34,8.88
CUST00492,2024-08-01,2024-08-15,Nigeria,87.88,3.55
CUST00492,2024-08-01,2024-09-09,Nigeria,184.71,6.8
CUST00492,2024-08-01,2024-12-26,Nigeria,163.25,5.9
CUST00492,2024-08-01,2024-12-27,Nigeria,151.19,6.59
CUST00492,2024-08-01,2025-01-06,Nigeria,117.62,4.37
CUST00492,2024-08-01,2025-03-21,Nigeria,201.63,8.54
CUST00492,2024-08-01,2025-04-15,Nigeria,173.76,7.28
CUST00492,2024-08-01,2025-04-23,Nigeria,97.59,3.76
CUST00492,2024-08-01,2025-05-13,Nigeria,185.45,8.0
CUST00492,2024-08-01,2025-05-25,Nigeria,204.39,8.96
CUST00493,2024-09-01,2024-09-03,Nigeria,137.49,5.82
CUST00493,2024-09-01,2024-09-24,Nigeria,204.05,7.41
CUST00493,2024-09-01,2024-09-27,Nigeria,138.42,5.87
CUST00493,2024-09-01,2024-10-05,Nigeria,29.84,1.22
CUST00493,2024-09-01,2024-10-19,Nigeria,153.87,6.44
CUST00493,2024-09-01,2024-11-25,Nigeria,243.35,9.24
CUST00493,2024-09-01,2025-01-02,Nigeria,312.13,12.47
CUST00493,2024-09-01,2025-02-02,Nigeria,192.76,8.25
CUST00493,2024-09-01,2025-02-09,Nigeria,156.55,6.33
CUST00493,2024-09-01,2025-02-13,Nigeria,121.97,4.95
CUST00493,2024-09-01,2025-03-27,Nigeria,236.95,8.93
CUST00493,2024-09-01,2025-04-10,Nigeria,207.62,8.7
CUST00493,2024-09-01,2025-04-14,Nigeria,78.18,3.31
CUST00493,2024-09-01,2025-06-26,Nigeria,48.47,1.82
CUST00494,2024-10-01,2024-10-10,Nigeria,223.92,9.66
CUST00494,2024-10-01,2024-10-26,Nigeria,146.22,5.45
CUST00494,2024-10-01,2024-11-07,Nigeria,72.07,2.72
CUST00494,2024-10-01,2024-11-22,Nigeria,215.69,8.54
CUST00494,2024-10-01,2025-01-11,Nigeria,51.81,1.97
CUST00494,2024-10-01,2025-02-24,Nigeria,108.34,4.1
CUST00494,2024-10-01,2025-04-05,Nigeria,98.01,4.16
CUST00494,2024-10-01,2025-05-08,Nigeria,169.5,7.05
CUST00494,2024-10-01,2025-05-13,Nigeria,188.49,6.92
CUST00494,2024-10-01,2025-05-16,Nigeria,113.06,4.59
CUST00495,2024-05-01,2024-05-12,Nigeria,145.92,5.46
CUST00495,2024-05-01,2024-05-16,Nigeria,236.78,9.85
CUST00495,2024-05-01,2024-06-04,Nigeria,140.24,5.27
CUST00495,2024-05-01,2024-06-13,Nigeria,204.75,8.6
CUST00495,2024-05-01,2024-07-03,Nigeria,213.26,8.46
CUST00495,2024-05-01,2024-07-15,Nigeria,178.87,7.1
CUST00495,2024-05-01,2024-07-23,Nigeria,247.23,10.68
CUST00495,2024-05-01,2024-08-15,Nigeria,208.63,8.77
CUST00495,2024-05-01,2024-08-20,Nigeria,219.14,8.07
CUST00495,2024-05-01,2024-08-27,Nigeria,231.57,10.17
CUST00495,2024-05-01,2024-10-01,Nigeria,217.26,9.16
CUST00495,2024-05-01,2024-10-11,Nigeria,187.54,6.8
CUST00495,2024-05-01,2024-11-16,Nigeria,169.01,7.1
CUST00496,2024-03-01,2024-03-15,India,325.04,5.67
CUST00496,2024-03-01,2024-04-03,India,240.94,4.17
CUST00496,2024-03-01,2024-04-04,India,523.1,8.32
CUST00496,2024-03-01,2024-04-17,India,339.63,6.26
CUST00496,2024-03-01,2024-05-12,India,181.74,2.87
CUST00496,2024-03-01,2024-06-07,India,513.34,9.82
CUST00496,2024-03-01,2024-07-25,India,385.25,7.16
CUST00496,2024-03-01,2025-01-24,India,446.34,8.07
CUST00496,2024-03-01,2025-03-01,India,223.87,4.0
CUST00496,2024-03-01,2025-03-07,India,494.71,7.8
CUST00496,2024-03-01,2025-04-03,India,266.22,4.77
CUST00496,2024-03-01,2025-04-26,India,438.86,7.7
CUST00496,2024-03-01,2025-05-19,India,258.75,4.52
CUST00496,2024-03-01,2025-06-08,India,338.63,5.68
CUST00497,2024-09-01,2024-09-01,Nigeria,208.71,7.98
CUST00497,2024-09-01,2024-09-06,Nigeria,106.0,4.39
CUST00497,2024-09-01,2024-09-07,Nigeria,128.65,5.48
CUST00497,2024-09-01,2024-10-02,Nigeria,214.4,8.88
CUST00497,2024-09-01,2024-10-06,Nigeria,148.29,5.39
CUST00497,2024-09-01,2024-10-09,Nigeria,285.42,11.3
CUST00497,2024-09-01,2024-10-13,Nigeria,306.16,12.6
CUST00497,2024-09-01,2024-11-17,Nigeria,276.39,11.18
CUST00497,2024-09-01,2024-12-13,Nigeria,255.45,10.51
CUST00497,2024-09-01,2025-01-06,Nigeria,196.79,8.02
CUST00497,2024-09-01,2025-01-08,Nigeria,240.27,9.39
CUST00497,2024-09-01,2025-01-09,Nigeria,144.54,5.99
CUST00497,2024-09-01,2025-01-15,Nigeria,166.65,6.13
CUST00497,2024-09-01,2025-04-21,Nigeria,181.17,7.35
CUST00497,2024-09-01,2025-05-04,Nigeria,204.49,8.55
CUST00497,2024-09-01,2025-05-14,Nigeria,168.48,6.36
CUST00497,2024-09-01,2025-06-08,Nigeria,86.31,3.25
CUST00497,2024-09-01,2025-06-13,Nigeria,285.81,11.63
CUST00498,2024-06-01,2024-06-07,India,277.12,5.12
CUST00498,2024-06-01,2024-06-15,India,340.58,5.38
CUST00498,2024-06-01,2024-07-24,India,405.38,7.22
CUST00498,2024-06-01,2024-08-21,India,369.52,6.9
CUST00498,2024-06-01,2024-08-27,India,189.26,3.29
CUST00498,2024-06-01,2024-09-03,India,467.28,7.87
CUST00498,2024-06-01,2024-09-13,India,406.33,6.46
CUST00498,2024-06-01,2024-11-10,India,426.15,7.56
CUST00498,2024-06-01,2025-01-03,India,72.24,1.28
CUST00498,2024-06-01,2025-01-07,India,549.44,9.16
CUST00498,2024-06-01,2025-02-21,India,353.71,6.71
CUST00498,2024-06-01,2025-03-22,India,274.05,4.5
CUST00498,2024-06-01,2025-03-26,India,463.22,7.45
CUST00498,2024-06-01,2025-04-16,India,259.07,4.96
CUST00499,2024-02-01,2024-02-19,India,331.38,5.22
CUST00499,2024-02-01,2024-03-06,India,547.15,8.7
CUST00499,2024-02-01,2024-04-06,India,318.64,5.21
CUST00499,2024-02-01,2024-05-17,India,432.99,6.91
CUST00499,2024-02-01,2024-05-19,India,431.86,8.25
CUST00499,2024-02-01,2024-07-16,India,409.06,6.92
CUST00499,2024-02-01,2024-08-08,India,408.57,7.26
CUST00499,2024-02-01,2024-08-09,India,261.59,4.29
CUST00499,2024-02-01,2024-08-24,India,405.19,6.53
CUST00499,2024-02-01,2024-08-26,India,354.51,6.0
CUST00499,2024-02-01,2024-08-26,India,481.35,9.24
CUST00499,2024-02-01,2024-11-21,India,600.96,10.1
CUST00499,2024-02-01,2024-12-22,India,439.47,7.15
CUST00499,2024-02-01,2025-01-19,India,307.77,5.26
CUST00499,2024-02-01,2025-02-23,India,471.03,8.04
CUST00500,2024-11-01,2024-11-01,India,455.2,8.07
CUST00500,2024-11-01,2025-01-01,India,460.45,8.48
CUST00500,2024-11-01,2025-01-01,India,467.28,7.49
CUST00500,2024-11-01,2025-01-13,India,402.67,7.64
CUST00500,2024-11-01,2025-02-19,India,362.33,6.34
CUST00500,2024-11-01,2025-03-10,India,284.88,5.14
CUST00500,2024-11-01,2025-03-10,India,594.27,11.32
CUST00500,2024-11-01,2025-04-16,India,423.41,6.82
CUST00500,2024-11-01,2025-04-22,India,603.52,10.07
CUST00500,2024-11-01,2025-06-26,India,208.83,3.91
CUST00501,2024-11-01,2024-11-04,India,272.99,4.31
CUST00501,2024-11-01,2024-11-19,India,374.76,7.09
CUST00501,2024-11-01,2024-11-26,India,553.63,9.78
CUST00501,2024-11-01,2024-12-20,India,247.89,4.1
CUST00501,2024-11-01,2025-01-14,India,469.08,8.64
CUST00501,2024-11-01,2025-01-22,India,261.64,4.81
CUST00501,2024-11-01,2025-01-25,India,345.09,5.96
CUST00501,2024-11-01,2025-02-11,India,205.02,3.3
CUST00501,2024-11-01,2025-02-27,India,347.1,6.55
CUST00501,2024-11-01,2025-03-04,India,237.73,4.26
CUST00501,2024-11-01,2025-03-26,India,547.45,8.94
CUST00501,2024-11-01,2025-05-18,India,471.58,8.87
CUST00502,2024-11-01,2024-11-26,India,363.04,6.04
CUST00502,2024-11-01,2024-12-01,India,510.39,9.04
CUST00502,2024-11-01,2024-12-22,India,286.25,5.19
CUST00502,2024-11-01,2025-01-16,India,432.96,7.41
CUST00502,2024-11-01,2025-01-27,India,315.04,5.13
CUST00502,2024-11-01,2025-02-26,India,354.05,5.97
CUST00502,2024-11-01,2025-02-26,India,296.34,4.97
CUST00502,2024-11-01,2025-03-04,India,351.97,6.53
CUST00502,2024-11-01,2025-04-27,India,337.47,5.35
CUST00503,2024-08-01,2024-08-03,Nigeria,146.99,6.35
CUST00503,2024-08-01,2024-08-20,Nigeria,181.75,7.73
CUST00503,2024-08-01,2024-11-03,Nigeria,197.88,7.9
CUST00503,2024-08-01,2024-11-16,Nigeria,86.15,3.36
CUST00503,2024-08-01,2024-11-24,Nigeria,101.7,3.98
CUST00503,2024-08-01,2024-12-13,Nigeria,251.79,9.57
CUST00503,2024-08-01,2024-12-19,Nigeria,180.13,6.67
CUST00503,2024-08-01,2025-01-04,Nigeria,158.13,6.79
CUST00503,2024-08-01,2025-04-11,Nigeria,84.58,3.64
CUST00503,2024-08-01,2025-06-07,Nigeria,129.12,5.03
CUST00503,2024-08-01,2025-06-10,Nigeria,183.57,6.91
CUST00503,2024-08-01,2025-06-11,Nigeria,295.5,12.42
CUST00504,2024-04-01,2024-04-26,India,395.66,6.74
CUST00504,2024-04-01,2024-05-16,India,345.44,6.04
CUST00504,2024-04-01,2024-05-17,India,676.64,10.7
CUST00504,2024-04-01,2024-06-16,India,430.16,7.79
CUST00504,2024-04-01,2024-06-21,India,526.52,9.62
CUST00504,2024-04-01,2024-07-10,India,722.74,12.62
CUST00504,2024-04-01,2024-09-04,India,479.46,8.96
CUST00504,2024-04-01,2024-09-18,India,256.43,4.4
CUST00504,2024-04-01,2024-12-03,India,237.54,4.5
CUST00504,2024-04-01,2025-02-07,India,599.01,10.49
CUST00505,2024-08-01,2024-08-22,India,351.24,6.46
CUST00505,2024-08-01,2024-09-07,India,240.36,4.21
CUST00505,2024-08-01,2024-09-10,India,580.03,10.86
CUST00505,2024-08-01,2024-09-12,India,325.45,5.51
CUST00505,2024-08-01,2024-11-19,India,171.07,3.13
CUST00505,2024-08-01,2025-02-06,India,230.14,4.19
CUST00505,2024-08-01,2025-02-13,India,328.34,5.99
CUST00505,2024-08-01,2025-02-14,India,470.52,8.54
CUST00505,2024-08-01,2025-06-04,India,266.01,4.56
CUST00505,2024-08-01,2025-06-23,India,249.78,4.37
CUST00506,2024-11-01,2024-11-12,Nigeria,245.74,9.15
CUST00506,2024-11-01,2024-12-02,Nigeria,295.99,12.47
CUST00506,2024-11-01,2025-02-04,Nigeria,259.06,10.89
CUST00506,2024-11-01,2025-02-18,Nigeria,119.15,4.7
CUST00507,2024-12-01,2024-12-04,India,427.53,7.99
CUST00507,2024-12-01,2024-12-22,India,351.52,6.29
CUST00507,2024-12-01,2025-01-05,India,312.83,5.05
CUST00507,2024-12-01,2025-01-12,India,281.46,4.99
CUST00507,2024-12-01,2025-01-20,India,519.86,9.28
CUST00507,2024-12-01,2025-05-24,India,518.15,9.18
CUST00507,2024-12-01,2025-06-04,India,221.28,3.68
CUST00507,2024-12-01,2025-06-24,India,504.52,8.18
CUST00507,2024-12-01,2025-06-26,India,615.75,10.17
CUST00507,2024-12-01,2025-06-26,India,410.65,6.53
CUST00508,2024-01-01,2024-01-07,India,318.76,5.69
CUST00508,2024-01-01,2024-01-18,India,74.66,1.3
CUST00508,2024-01-01,2024-01-20,India,547.13,9.87
CUST00508,2024-01-01,2024-02-16,India,337.3,5.37
CUST00508,2024-01-01,2024-03-26,India,396.37,6.7
CUST00508,2024-01-01,2024-04-10,India,401.26,6.56
CUST00508,2024-01-01,2024-04-18,India,208.78,3.9
CUST00508,2024-01-01,2024-08-03,India,434.51,7.12
CUST00508,2024-01-01,2024-08-17,India,653.72,11.21
CUST00508,2024-01-01,2024-09-20,India,351.81,6.15
CUST00508,2024-01-01,2025-02-11,India,326.71,5.94
CUST00508,2024-01-01,2025-02-18,India,388.33,6.41
CUST00508,2024-01-01,2025-02-22,India,207.51,3.99
CUST00508,2024-01-01,2025-05-07,India,335.47,5.84
CUST00508,2024-01-01,2025-06-03,India,328.26,5.53
CUST00509,2024-04-01,2024-04-12,India,251.5,4.76
CUST00509,2024-04-01,2024-04-24,India,545.57,8.81
CUST00509,2024-04-01,2024-05-11,India,444.06,8.29
CUST00509,2024-04-01,2024-06-21,India,454.32,8.56
CUST00509,2024-04-01,2024-06-24,India,385.31,6.38
CUST00509,2024-04-01,2024-08-11,India,442.03,7.66
CUST00509,2024-04-01,2024-08-12,India,199.39,3.55
CUST00509,2024-04-01,2024-08-26,India,534.11,8.74
CUST00509,2024-04-01,2024-09-07,India,533.98,9.22
CUST00509,2024-04-01,2024-12-03,India,172.08,2.82
CUST00509,2024-04-01,2024-12-20,India,355.04,6.64
CUST00509,2024-04-01,2024-12-26,India,372.39,6.19
CUST00509,2024-04-01,2025-02-10,India,276.56,4.62
CUST00509,2024-04-01,2025-02-12,India,352.45,6.75
CUST00509,2024-04-01,2025-02-14,India,465.63,8.18
CUST00510,2024-04-01,2024-04-08,India,315.95,5.19
CUST00510,2024-04-01,2024-07-02,India,293.12,5.13
CUST00510,2024-04-01,2024-07-03,India,332.62,5.66
CUST00510,2024-04-01,2024-07-23,India,437.34,7.73
CUST00510,2024-04-01,2024-07-24,India,451.01,7.95
CUST00510,2024-04-01,2024-07-27,India,527.44,9.86
CUST00510,2024-04-01,2024-08-17,India,512.41,9.04
CUST00510,2024-04-01,2024-09-01,India,431.35,6.89
CUST00510,2024-04-01,2024-09-24,India,377.53,6.16
CUST00510,2024-04-01,2025-02-01,India,283.66,5.28
CUST00510,2024-04-01,2025-02-16,India,428.05,7.4
CUST00510,2024-04-01,2025-05-12,India,266.68,5.07
CUST00510,2024-04-01,2025-05-25,India,249.19,4.12
CUST00511,2024-12-01,2024-12-12,India,527.53,9.28
CUST00511,2024-12-01,2024-12-12,India,425.49,6.87
CUST00511,2024-12-01,2025-01-12,India,336.82,6.23
CUST00511,2024-12-01,2025-02-02,India,462.7,7.97
CUST00511,2024-12-01,2025-02-15,India,395.51,6.26
CUST00511,2024-12-01,2025-02-19,India,324.52,6.01
CUST00511,2024-12-01,2025-03-03,India,266.66,4.91
CUST00511,2024-12-01,2025-03-23,India,499.3,8.25
CUST00511,2024-12-01,2025-05-13,India,263.65,4.64
CUST00511,2024-12-01,2025-05-15,India,468.25,7.44
CUST00511,2024-12-01,2025-06-03,India,379.72,7.19
CUST00511,2024-12-01,2025-06-20,India,297.5,5.14
CUST00512,2024-08-01,2024-08-27,India,171.35,2.76
CUST00512,2024-08-01,2025-01-07,India,375.13,7.05
CUST00512,2024-08-01,2025-01-09,India,535.09,9.67
CUST00512,2024-08-01,2025-01-24,India,409.59,6.87
CUST00512,2024-08-01,2025-02-10,India,270.98,4.45
CUST00512,2024-08-01,2025-02-16,India,409.73,6.73
CUST00512,2024-08-01,2025-02-19,India,642.24,11.93
CUST00512,2024-08-01,2025-02-20,India,341.11,5.9
CUST00512,2024-08-01,2025-02-26,India,408.92,6.71
CUST00512,2024-08-01,2025-02-27,India,185.66,3.34
CUST00512,2024-08-01,2025-06-17,India,465.71,8.42
CUST00513,2024-01-01,2024-01-07,India,384.32,7.33
CUST00513,2024-01-01,2024-01-21,India,380.13,6.11
CUST00513,2024-01-01,2024-03-22,India,533.85,8.56
CUST00513,2024-01-01,2024-04-04,India,366.46,6.05
CUST00513,2024-01-01,2025-03-03,India,253.09,3.99
CUST00513,2024-01-01,2025-03-15,India,266.92,5.02
CUST00513,2024-01-01,2025-03-27,India,453.71,8.73
CUST00513,2024-01-01,2025-04-02,India,408.11,7.67
CUST00513,2024-01-01,2025-05-05,India,503.09,8.44
CUST00514,2024-07-01,2024-07-01,India,563.42,10.22
CUST00514,2024-07-01,2024-07-22,India,436.65,8.39
CUST00514,2024-07-01,2024-08-21,India,522.69,9.02
CUST00514,2024-07-01,2024-08-27,India,321.6,6.04
CUST00514,2024-07-01,2024-10-07,India,494.69,8.86
CUST00514,2024-07-01,2024-11-03,India,487.02,8.51
CUST00514,2024-07-01,2024-11-09,India,484.01,8.77
CUST00514,2024-07-01,2024-12-12,India,621.34,11.88
CUST00515,2024-08-01,2024-08-10,Nigeria,155.2,6.39
CUST00515,2024-08-01,2024-08-22,Nigeria,172.38,6.71
CUST00515,2024-08-01,2024-10-02,Nigeria,244.47,8.87
CUST00515,2024-08-01,2024-11-19,Nigeria,169.65,7.21
CUST00515,2024-08-01,2024-11-24,Nigeria,96.68,4.07
CUST00515,2024-08-01,2024-12-02,Nigeria,193.14,7.01
CUST00515,2024-08-01,2024-12-07,Nigeria,132.02,5.64
CUST00515,2024-08-01,2024-12-08,Nigeria,228.63,9.87
CUST00515,2024-08-01,2025-02-03,Nigeria,271.81,11.95
CUST00515,2024-08-01,2025-02-24,Nigeria,277.43,10.65
CUST00515,2024-08-01,2025-05-08,Nigeria,218.74,8.23
CUST00515,2024-08-01,2025-05-20,Nigeria,168.85,6.15
CUST00515,2024-08-01,2025-05-21,Nigeria,139.93,5.12
CUST00516,2024-01-01,2024-01-17,India,321.5,5.23
CUST00516,2024-01-01,2024-02-25,India,286.76,4.9
CUST00516,2024-01-01,2024-02-26,India,261.13,4.24
CUST00516,2024-01-01,2024-03-22,India,245.89,4.27
CUST00516,2024-01-01,2024-06-09,India,417.65,7.56
CUST00516,2024-01-01,2024-06-14,India,437.59,7.32
CUST00516,2024-01-01,2024-07-08,India,376.63,6.26
CUST00516,2024-01-01,2024-09-06,India,345.94,6.24
CUST00516,2024-01-01,2024-10-11,India,218.34,3.94
CUST00516,2024-01-01,2024-10-17,India,259.01,4.63
CUST00516,2024-01-01,2024-12-01,India,318.08,5.19
CUST00516,2024-01-01,2024-12-06,India,299.5,5.48
CUST00516,2024-01-01,2025-02-18,India,398.76,7.31
CUST00516,2024-01-01,2025-05-15,India,379.16,6.38
CUST00516,2024-01-01,2025-05-23,India,365.62,5.82
CUST00517,2024-08-01,2024-08-15,Nigeria,86.21,3.15
CUST00517,2024-08-01,2024-08-20,Nigeria,291.51,10.71
CUST00517,2024-08-01,2024-09-10,Nigeria,270.5,11.0
CUST00517,2024-08-01,2024-09-13,Nigeria,107.24,4.04
CUST00517,2024-08-01,2024-09-19,Nigeria,249.38,9.51
CUST00517,2024-08-01,2024-10-11,Nigeria,210.63,8.66
CUST00517,2024-08-01,2024-11-07,Nigeria,156.72,6.27
CUST00517,2024-08-01,2024-11-07,Nigeria,48.69,1.88
CUST00517,2024-08-01,2024-11-10,Nigeria,227.76,9.55
CUST00517,2024-08-01,2024-11-15,Nigeria,190.65,7.22
CUST00517,2024-08-01,2024-12-07,Nigeria,95.05,3.91
CUST00517,2024-08-01,2024-12-14,Nigeria,187.46,7.24
CUST00517,2024-08-01,2025-02-17,Nigeria,157.76,5.88
CUST00517,2024-08-01,2025-02-24,Nigeria,230.74,8.79
CUST00518,2024-01-01,2024-01-17,Nigeria,148.2,6.09
CUST00518,2024-01-01,2024-01-21,Nigeria,168.75,7.1
CUST00518,2024-01-01,2024-04-20,Nigeria,309.41,13.13
CUST00518,2024-01-01,2024-10-01,Nigeria,108.38,4.18
CUST00518,2024-01-01,2024-10-08,Nigeria,157.14,6.71
CUST00518,2024-01-01,2024-10-10,Nigeria,192.78,8.41
CUST00518,2024-01-01,2024-10-15,Nigeria,273.32,10.2
CUST00518,2024-01-01,2024-10-20,Nigeria,180.03,7.3
CUST00518,2024-01-01,2024-11-09,Nigeria,100.14,4.01
CUST00518,2024-01-01,2024-11-26,Nigeria,187.33,7.3
CUST00518,2024-01-01,2024-12-06,Nigeria,227.94,9.36
CUST00518,2024-01-01,2025-02-06,Nigeria,143.53,5.88
CUST00518,2024-01-01,2025-02-17,Nigeria,153.43,6.28
CUST00518,2024-01-01,2025-02-19,Nigeria,92.2,3.66
CUST00519,2024-02-01,2024-02-25,India,402.21,6.49
CUST00519,2024-02-01,2024-03-08,India,311.62,5.34
CUST00519,2024-02-01,2024-03-17,India,352.11,6.76
CUST00519,2024-02-01,2024-03-19,India,387.87,6.96
CUST00519,2024-02-01,2024-03-23,India,209.67,3.84
CUST00519,2024-02-01,2024-04-23,India,382.78,7.27
CUST00519,2024-02-01,2024-05-04,India,565.54,9.53
CUST00519,2024-02-01,2024-05-21,India,364.49,6.22
CUST00519,2024-02-01,2024-05-25,India,374.55,6.25
CUST00519,2024-02-01,2024-09-22,India,341.13,6.49
CUST00519,2024-02-01,2024-09-24,India,176.94,3.32
CUST00519,2024-02-01,2024-10-15,India,329.5,6.34
CUST00519,2024-02-01,2024-10-27,India,394.95,7.1
CUST00519,2024-02-01,2024-12-16,India,402.29,6.61
CUST00519,2024-02-01,2024-12-16,India,293.06,4.72
CUST00519,2024-02-01,2025-01-18,India,380.81,7.23
CUST00520,2024-12-01,2024-12-22,India,544.05,8.93
CUST00520,2024-12-01,2024-12-22,India,459.59,7.61
CUST00520,2024-12-01,2024-12-25,India,256.12,4.86
CUST00520,2024-12-01,2025-01-22,India,412.0,6.92
CUST00520,2024-12-01,2025-01-25,India,425.69,8.07
CUST00520,2024-12-01,2025-03-09,India,451.25,7.36
CUST00520,2024-12-01,2025-04-05,India,388.96,6.37
CUST00520,2024-12-01,2025-05-08,India,363.97,6.56
CUST00520,2024-12-01,2025-06-04,India,624.91,10.29
CUST00520,2024-12-01,2025-06-16,India,333.52,6.15
CUST00521,2024-06-01,2024-06-04,Nigeria,239.93,9.1
CUST00521,2024-06-01,2024-06-12,Nigeria,187.65,8.1
CUST00521,2024-06-01,2024-06-14,Nigeria,245.7,9.74
CUST00521,2024-06-01,2024-06-24,Nigeria,281.76,10.93
CUST00521,2024-06-01,2024-08-04,Nigeria,222.97,9.26
CUST00521,2024-06-01,2024-08-12,Nigeria,200.91,8.41
CUST00521,2024-06-01,2024-08-22,Nigeria,171.85,6.5
CUST00521,2024-06-01,2024-09-15,Nigeria,101.49,3.89
CUST00521,2024-06-01,2024-09-16,Nigeria,20.0,0.86
CUST00521,2024-06-01,2024-09-26,Nigeria,241.54,8.8
CUST00521,2024-06-01,2024-12-04,Nigeria,183.3,6.6
CUST00521,2024-06-01,2024-12-08,Nigeria,107.64,4.03
CUST00521,2024-06-01,2024-12-13,Nigeria,191.43,7.92
CUST00521,2024-06-01,2024-12-24,Nigeria,250.69,9.24
CUST00521,2024-06-01,2025-02-15,Nigeria,284.72,11.21
CUST00521,2024-06-01,2025-02-22,Nigeria,106.63,4.28
CUST00521,2024-06-01,2025-03-11,Nigeria,183.32,6.81
CUST00521,2024-06-01,2025-03-11,Nigeria,75.91,3.17
CUST00521,2024-06-01,2025-03-22,Nigeria,200.06,8.26
CUST00522,2024-04-01,2024-04-21,India,179.31,3.28
CUST00522,2024-04-01,2024-04-24,India,265.41,4.64
CUST00522,2024-04-01,2024-05-11,India,351.67,6.52
CUST00522,2024-04-01,2024-07-16,India,469.07,7.99
CUST00522,2024-04-01,2025-03-16,India,650.47,10.81
CUST00522,2024-04-01,2025-03-18,India,302.7,4.81
CUST00522,2024-04-01,2025-03-26,India,527.93,8.44
CUST00522,2024-04-01,2025-06-07,India,389.08,7.15
CUST00522,2024-04-01,2025-06-13,India,249.37,4.33
CUST00522,2024-04-01,2025-06-26,India,472.33,9.06
CUST00523,2024-07-01,2024-07-04,Nigeria,218.23,9.27
CUST00523,2024-07-01,2024-07-16,Nigeria,154.42,5.56
CUST00523,2024-07-01,2024-08-02,Nigeria,114.04,4.51
CUST00523,2024-07-01,2024-08-03,Nigeria,186.67,8.09
CUST00523,2024-07-01,2024-08-05,Nigeria,158.91,6.1
CUST00523,2024-07-01,2024-09-04,Nigeria,292.82,11.34
CUST00523,2024-07-01,2024-09-13,Nigeria,142.3,5.66
CUST00523,2024-07-01,2024-09-22,Nigeria,220.27,8.21
CUST00523,2024-07-01,2025-01-06,Nigeria,95.02,4.16
CUST00523,2024-07-01,2025-01-14,Nigeria,235.34,9.82
CUST00523,2024-07-01,2025-03-08,Nigeria,95.83,4.02
CUST00523,2024-07-01,2025-03-24,Nigeria,211.37,8.06
CUST00523,2024-07-01,2025-04-23,Nigeria,219.57,9.01
CUST00523,2024-07-01,2025-04-27,Nigeria,248.03,10.77
CUST00524,2024-10-01,2024-10-10,India,280.02,5.19
CUST00524,2024-10-01,2025-01-04,India,20.0,0.38
CUST00524,2024-10-01,2025-01-13,India,477.88,8.42
CUST00524,2024-10-01,2025-03-01,India,581.07,9.85
CUST00524,2024-10-01,2025-03-15,India,517.07,8.48
CUST00524,2024-10-01,2025-03-19,India,436.25,7.25
CUST00524,2024-10-01,2025-06-21,India,428.33,6.77
CUST00525,2024-02-01,2024-02-08,India,383.93,6.36
CUST00525,2024-02-01,2024-02-09,India,472.93,8.92
CUST00525,2024-02-01,2024-02-21,India,237.25,4.47
CUST00525,2024-02-01,2024-03-05,India,454.21,7.36
CUST00525,2024-02-01,2024-04-21,India,485.8,8.57
CUST00525,2024-02-01,2024-05-05,India,280.86,4.45
CUST00525,2024-02-01,2024-05-08,India,179.15,3.18
CUST00525,2024-02-01,2024-11-22,India,335.65,5.29
CUST00525,2024-02-01,2024-11-24,India,320.66,5.32
CUST00525,2024-02-01,2025-01-05,India,311.25,5.1
CUST00526,2024-07-01,2024-07-03,Nigeria,239.92,9.31
CUST00526,2024-07-01,2025-05-22,Nigeria,63.19,2.41
CUST00527,2024-02-01,2024-02-23,Nigeria,164.69,7.09
CUST00527,2024-02-01,2024-03-13,Nigeria,281.9,10.95
CUST00527,2024-02-01,2024-04-16,Nigeria,178.02,7.7
CUST00527,2024-02-01,2024-06-27,Nigeria,173.57,7.2
CUST00527,2024-02-01,2024-08-11,Nigeria,210.54,7.94
CUST00527,2024-02-01,2024-09-12,Nigeria,172.4,7.07
CUST00527,2024-02-01,2024-09-17,Nigeria,269.65,10.29
CUST00527,2024-02-01,2024-09-25,Nigeria,203.1,7.69
CUST00527,2024-02-01,2024-09-27,Nigeria,98.55,3.72
CUST00527,2024-02-01,2024-10-07,Nigeria,125.89,4.99
CUST00527,2024-02-01,2024-10-09,Nigeria,123.33,5.0
CUST00527,2024-02-01,2024-10-11,Nigeria,249.2,10.45
CUST00527,2024-02-01,2024-12-09,Nigeria,182.97,6.97
CUST00527,2024-02-01,2025-01-01,Nigeria,222.41,8.46
CUST00527,2024-02-01,2025-01-03,Nigeria,142.16,6.05
CUST00527,2024-02-01,2025-01-21,Nigeria,99.46,3.99
CUST00527,2024-02-01,2025-01-21,Nigeria,205.53,8.81
CUST00527,2024-02-01,2025-01-23,Nigeria,123.3,4.9
CUST00527,2024-02-01,2025-01-25,Nigeria,210.21,7.88
CUST00527,2024-02-01,2025-01-25,Nigeria,72.67,3.02
CUST00527,2024-02-01,2025-02-25,Nigeria,189.94,7.02
CUST00527,2024-02-01,2025-05-26,Nigeria,123.99,4.61
CUST00528,2024-08-01,2024-08-01,India,383.37,6.14
CUST00528,2024-08-01,2024-08-17,India,288.24,5.17
CUST00528,2024-08-01,2024-09-01,India,304.99,4.95
CUST00528,2024-08-01,2024-10-02,India,332.54,6.04
CUST00528,2024-08-01,2024-10-23,India,474.16,7.51
CUST00528,2024-08-01,2024-10-23,India,286.76,4.56
CUST00528,2024-08-01,2024-10-27,India,379.95,6.0
CUST00528,2024-08-01,2024-12-16,India,242.99,3.83
CUST00528,2024-08-01,2024-12-27,India,474.17,7.66
CUST00528,2024-08-01,2025-02-04,India,437.94,6.91
CUST00528,2024-08-01,2025-03-01,India,409.11,7.79
CUST00528,2024-08-01,2025-03-04,India,424.73,7.78
CUST00528,2024-08-01,2025-03-09,India,465.6,8.88
CUST00528,2024-08-01,2025-06-05,India,458.26,7.6
CUST00528,2024-08-01,2025-06-14,India,415.48,7.72
CUST00528,2024-08-01,2025-06-16,India,461.66,7.66
CUST00529,2024-07-01,2024-07-23,India,225.39,3.71
CUST00529,2024-07-01,2024-07-25,India,570.56,10.8
CUST00529,2024-07-01,2024-09-04,India,320.99,5.72
CUST00529,2024-07-01,2024-09-08,India,187.38,3.57
CUST00529,2024-07-01,2024-10-02,India,271.41,4.62
CUST00529,2024-07-01,2024-11-19,India,466.45,7.58
CUST00529,2024-07-01,2024-12-21,India,344.18,5.72
CUST00529,2024-07-01,2025-01-14,India,418.48,7.89
CUST00529,2024-07-01,2025-02-10,India,659.62,10.39
CUST00529,2024-07-01,2025-02-11,India,391.75,6.4
CUST00529,2024-07-01,2025-03-19,India,303.82,5.76
CUST00529,2024-07-01,2025-03-27,India,607.79,10.66
CUST00529,2024-07-01,2025-04-11,India,356.06,6.34
CUST00529,2024-07-01,2025-06-12,India,553.08,9.95
CUST00529,2024-07-01,2025-06-18,India,272.69,4.94
CUST00530,2024-07-01,2024-07-21,Nigeria,248.67,9.24
CUST00530,2024-07-01,2024-08-26,Nigeria,208.92,7.78
CUST00530,2024-07-01,2024-09-04,Nigeria,70.83,2.82
CUST00530,2024-07-01,2024-09-26,Nigeria,150.07,6.34
CUST00530,2024-07-01,2024-10-08,Nigeria,293.36,12.51
CUST00530,2024-07-01,2024-11-21,Nigeria,108.46,4.03
CUST00530,2024-07-01,2024-11-25,Nigeria,279.32,10.73
CUST00530,2024-07-01,2024-12-18,Nigeria,242.49,9.33
CUST00530,2024-07-01,2025-01-14,Nigeria,161.16,6.69
CUST00530,2024-07-01,2025-01-26,Nigeria,141.59,5.43
CUST00530,2024-07-01,2025-01-27,Nigeria,232.51,8.5
CUST00530,2024-07-01,2025-05-19,Nigeria,220.53,8.1
CUST00530,2024-07-01,2025-05-24,Nigeria,297.66,10.94
CUST00530,2024-07-01,2025-06-20,Nigeria,172.08,7.56
CUST00531,2024-08-01,2024-08-21,India,380.69,6.44
CUST00531,2024-08-01,2024-09-12,India,429.27,6.89
CUST00531,2024-08-01,2024-09-21,India,364.31,6.8
CUST00531,2024-08-01,2025-03-04,India,234.74,3.87
CUST00532,2024-05-01,2024-05-16,India,79.46,1.31
CUST00532,2024-05-01,2024-06-06,India,482.08,8.53
CUST00532,2024-05-01,2024-06-18,India,367.97,6.62
CUST00532,2024-05-01,2024-07-04,India,408.56,7.86
CUST00532,2024-05-01,2025-01-16,India,300.85,5.53
CUST00532,2024-05-01,2025-04-03,India,234.73,4.16
CUST00533,2024-01-01,2024-01-14,Nigeria,204.64,8.65
CUST00533,2024-01-01,2024-02-02,Nigeria,89.73,3.87
CUST00533,2024-01-01,2024-04-03,Nigeria,175.74,7.08
CUST00533,2024-01-01,2024-04-16,Nigeria,195.54,8.37
CUST00533,2024-01-01,2024-04-17,Nigeria,119.56,4.64
CUST00533,2024-01-01,2024-04-22,Nigeria,182.85,6.96
CUST00533,2024-01-01,2025-05-09,Nigeria,233.36,9.17
CUST00534,2024-08-01,2024-08-18,India,250.38,4.36
CUST00534,2024-08-01,2024-10-15,India,530.54,9.98
CUST00534,2024-08-01,2024-10-15,India,405.42,6.54
CUST00534,2024-08-01,2024-12-03,India,525.89,8.98
CUST00534,2024-08-01,2025-01-11,India,405.79,6.64
CUST00534,2024-08-01,2025-01-24,India,330.44,6.11
CUST00534,2024-08-01,2025-02-17,India,114.54,1.86
CUST00534,2024-08-01,2025-02-17,India,493.59,8.04
CUST00534,2024-08-01,2025-03-07,India,341.14,6.48
CUST00534,2024-08-01,2025-03-07,India,331.47,6.06
CUST00534,2024-08-01,2025-03-09,India,437.25,7.07
CUST00534,2024-08-01,2025-04-01,India,356.67,6.51
CUST00534,2024-08-01,2025-04-26,India,400.34,7.46
CUST00534,2024-08-01,2025-05-12,India,84.73,1.41
CUST00535,2024-08-01,2024-08-20,Nigeria,156.98,5.98
CUST00535,2024-08-01,2024-09-19,Nigeria,121.27,4.57
CUST00535,2024-08-01,2024-10-07,Nigeria,193.84,7.15
CUST00535,2024-08-01,2024-11-19,Nigeria,172.41,6.83
CUST00535,2024-08-01,2025-03-05,Nigeria,125.92,4.71
CUST00535,2024-08-01,2025-03-17,Nigeria,282.43,12.02
CUST00535,2024-08-01,2025-04-04,Nigeria,114.07,4.49
CUST00535,2024-08-01,2025-04-07,Nigeria,265.87,10.64
CUST00535,2024-08-01,2025-04-20,Nigeria,212.87,7.72
CUST00535,2024-08-01,2025-04-22,Nigeria,134.44,4.85
CUST00535,2024-08-01,2025-04-24,Nigeria,192.51,7.35
CUST00535,2024-08-01,2025-05-05,Nigeria,85.44,3.19
CUST00536,2024-08-01,2024-08-13,Nigeria,167.84,7.08
CUST00536,2024-08-01,2024-08-19,Nigeria,126.28,5.46
CUST00536,2024-08-01,2024-09-10,Nigeria,69.42,2.69
CUST00536,2024-08-01,2024-09-15,Nigeria,153.57,6.08
CUST00536,2024-08-01,2024-09-17,Nigeria,113.82,4.73
CUST00536,2024-08-01,2024-12-20,Nigeria,224.85,8.14
CUST00536,2024-08-01,2025-04-15,Nigeria,167.48,6.83
CUST00536,2024-08-01,2025-04-20,Nigeria,191.4,7.9
CUST00536,2024-08-01,2025-04-23,Nigeria,144.75,6.2
CUST00536,2024-08-01,2025-04-27,Nigeria,201.4,7.33
CUST00536,2024-08-01,2025-06-04,Nigeria,82.77,3.5
CUST00536,2024-08-01,2025-06-15,Nigeria,225.42,8.67
CUST00536,2024-08-01,2025-06-22,Nigeria,22.44,0.83
CUST00537,2024-04-01,2024-04-18,Nigeria,134.08,5.62
CUST00537,2024-04-01,2024-05-21,Nigeria,139.51,5.72
CUST00537,2024-04-01,2024-06-18,Nigeria,221.13,9.13
CUST00537,2024-04-01,2024-06-20,Nigeria,146.54,5.91
CUST00537,2024-04-01,2024-07-13,Nigeria,153.95,6.42
CUST00537,2024-04-01,2024-08-21,Nigeria,89.85,3.4
CUST00537,2024-04-01,2024-09-19,Nigeria,175.7,7.24
CUST00537,2024-04-01,2024-09-23,Nigeria,109.76,4.2
CUST00537,2024-04-01,2024-09-24,Nigeria,62.76,2.43
CUST00537,2024-04-01,2024-09-26,Nigeria,269.75,10.5
CUST00537,2024-04-01,2024-10-17,Nigeria,217.06,8.55
CUST00537,2024-04-01,2024-10-24,Nigeria,382.05,16.37
CUST00537,2024-04-01,2024-11-24,Nigeria,257.79,11.05
CUST00537,2024-04-01,2024-11-27,Nigeria,184.33,7.18
CUST00537,2024-04-01,2025-05-21,Nigeria,190.52,8.0
CUST00537,2024-04-01,2025-05-27,Nigeria,64.55,2.43
CUST00538,2024-06-01,2024-06-27,India,252.43,4.83
CUST00538,2024-06-01,2024-11-27,India,293.75,5.25
CUST00538,2024-06-01,2025-06-25,India,446.49,7.44
CUST00539,2024-07-01,2024-07-08,Nigeria,173.07,6.9
CUST00539,2024-07-01,2024-07-12,Nigeria,69.49,2.74
CUST00539,2024-07-01,2024-07-16,Nigeria,147.88,5.8
CUST00539,2024-07-01,2024-09-04,Nigeria,176.76,6.64
CUST00539,2024-07-01,2024-09-13,Nigeria,200.31,8.73
CUST00539,2024-07-01,2024-10-05,Nigeria,248.5,9.4
CUST00539,2024-07-01,2024-10-18,Nigeria,121.55,5.02
CUST00539,2024-07-01,2024-10-21,Nigeria,199.71,7.61
CUST00539,2024-07-01,2024-11-05,Nigeria,186.5,7.18
CUST00539,2024-07-01,2024-11-06,Nigeria,239.36,9.45
CUST00539,2024-07-01,2024-11-07,Nigeria,222.23,8.16
CUST00539,2024-07-01,2024-11-27,Nigeria,223.07,9.03
CUST00539,2024-07-01,2025-01-03,Nigeria,295.41,10.72
CUST00539,2024-07-01,2025-01-10,Nigeria,243.97,9.71
CUST00539,2024-07-01,2025-01-18,Nigeria,105.33,4.24
CUST00539,2024-07-01,2025-01-21,Nigeria,274.64,10.78
CUST00539,2024-07-01,2025-01-22,Nigeria,185.77,7.57
CUST00539,2024-07-01,2025-02-04,Nigeria,182.77,6.98
CUST00539,2024-07-01,2025-02-05,Nigeria,98.14,3.82
CUST00539,2024-07-01,2025-06-25,Nigeria,284.4,10.38
CUST00540,2024-07-01,2024-07-05,Nigeria,197.72,7.25
CUST00540,2024-07-01,2024-07-18,Nigeria,165.64,6.34
CUST00540,2024-07-01,2024-09-03,Nigeria,157.2,6.11
CUST00540,2024-07-01,2024-09-13,Nigeria,78.91,2.96
CUST00540,2024-07-01,2024-10-06,Nigeria,132.59,5.03
CUST00540,2024-07-01,2024-10-18,Nigeria,181.45,7.21
CUST00540,2024-07-01,2024-10-22,Nigeria,158.32,6.26
CUST00540,2024-07-01,2024-11-24,Nigeria,104.74,3.84
CUST00540,2024-07-01,2025-06-08,Nigeria,230.77,9.12
CUST00540,2024-07-01,2025-06-17,Nigeria,381.27,16.18
CUST00540,2024-07-01,2025-06-19,Nigeria,166.69,7.17
CUST00540,2024-07-01,2025-06-22,Nigeria,123.43,4.66
CUST00540,2024-07-01,2025-06-22,Nigeria,115.37,4.89
CUST00541,2024-01-01,2024-01-06,India,267.08,4.93
CUST00541,2024-01-01,2024-01-11,India,336.76,5.67
CUST00541,2024-01-01,2024-01-19,India,270.21,4.53
CUST00541,2024-01-01,2024-01-26,India,333.67,5.34
CUST00541,2024-01-01,2024-02-16,India,259.1,4.97
CUST00541,2024-01-01,2024-03-01,India,313.58,5.68
CUST00541,2024-01-01,2024-04-13,India,538.41,10.25
CUST00541,2024-01-01,2024-04-20,India,343.17,5.6
CUST00541,2024-01-01,2024-06-03,India,479.86,8.7
CUST00541,2024-01-01,2024-06-04,India,358.39,6.14
CUST00541,2024-01-01,2024-06-14,India,334.13,5.76
CUST00541,2024-01-01,2024-08-20,India,369.99,6.54
CUST00541,2024-01-01,2024-08-24,India,328.15,5.27
CUST00541,2024-01-01,2024-09-15,India,376.52,6.51
CUST00541,2024-01-01,2024-10-04,India,430.79,7.18
CUST00541,2024-01-01,2025-04-14,India,225.79,3.86
CUST00542,2024-03-01,2024-03-09,India,404.44,7.66
CUST00542,2024-03-01,2024-04-04,India,435.07,7.99
CUST00542,2024-03-01,2024-07-02,India,290.48,5.1
CUST00542,2024-03-01,2024-08-10,India,310.54,5.06
CUST00542,2024-03-01,2024-10-08,India,293.77,4.74
CUST00542,2024-03-01,2024-10-11,India,506.62,9.02
CUST00542,2024-03-01,2025-06-06,India,478.63,9.03
CUST00542,2024-03-01,2025-06-14,India,394.96,6.36
CUST00543,2024-03-01,2024-03-10,Nigeria,180.73,6.63
CUST00543,2024-03-01,2024-04-10,Nigeria,200.19,8.76
CUST00543,2024-03-01,2024-04-19,Nigeria,158.98,5.85
CUST00543,2024-03-01,2024-04-21,Nigeria,174.85,7.53
CUST00543,2024-03-01,2024-04-26,Nigeria,82.29,3.41
CUST00543,2024-03-01,2024-05-05,Nigeria,246.14,10.34
CUST00543,2024-03-01,2024-05-26,Nigeria,137.35,4.96
CUST00543,2024-03-01,2024-07-11,Nigeria,90.3,3.4
CUST00543,2024-03-01,2024-07-13,Nigeria,179.61,7.41
CUST00543,2024-03-01,2024-08-02,Nigeria,60.53,2.48
CUST00543,2024-03-01,2024-08-10,Nigeria,209.48,8.76
CUST00543,2024-03-01,2024-08-15,Nigeria,247.43,10.31
CUST00543,2024-03-01,2024-09-05,Nigeria,174.02,6.82
CUST00543,2024-03-01,2024-10-01,Nigeria,218.76,8.16
CUST00543,2024-03-01,2024-10-01,Nigeria,251.56,10.87
CUST00543,2024-03-01,2024-10-13,Nigeria,297.33,11.2
CUST00543,2024-03-01,2024-10-19,Nigeria,164.84,6.73
CUST00543,2024-03-01,2025-06-02,Nigeria,186.39,6.78
CUST00543,2024-03-01,2025-06-09,Nigeria,78.89,3.44
CUST00543,2024-03-01,2025-06-11,Nigeria,198.31,8.54
CUST00543,2024-03-01,2025-06-20,Nigeria,271.32,10.98
CUST00543,2024-03-01,2025-06-26,Nigeria,171.14,7.53
CUST00544,2024-12-01,2024-12-25,Nigeria,140.0,5.16
CUST00544,2024-12-01,2025-01-27,Nigeria,153.48,5.83
CUST00544,2024-12-01,2025-02-10,Nigeria,145.14,5.47
CUST00544,2024-12-01,2025-02-24,Nigeria,200.61,7.33
CUST00544,2024-12-01,2025-02-26,Nigeria,39.01,1.65
CUST00544,2024-12-01,2025-02-26,Nigeria,70.31,3.03
CUST00544,2024-12-01,2025-03-01,Nigeria,125.31,4.88
CUST00544,2024-12-01,2025-03-09,Nigeria,229.38,9.85
CUST00544,2024-12-01,2025-03-10,Nigeria,193.48,7.83
CUST00544,2024-12-01,2025-05-07,Nigeria,266.59,10.77
CUST00544,2024-12-01,2025-05-21,Nigeria,127.24,5.42
CUST00545,2024-01-01,2024-01-21,Nigeria,139.28,5.07
CUST00545,2024-01-01,2024-02-12,Nigeria,166.18,6.24
CUST00545,2024-01-01,2024-02-19,Nigeria,167.99,6.83
CUST00545,2024-01-01,2024-02-23,Nigeria,164.3,6.77
CUST00545,2024-01-01,2024-02-24,Nigeria,136.53,6.0
CUST00545,2024-01-01,2024-02-24,Nigeria,121.47,5.32
CUST00545,2024-01-01,2024-04-05,Nigeria,165.94,6.12
CUST00545,2024-01-01,2024-07-21,Nigeria,235.25,9.29
CUST00545,2024-01-01,2024-08-03,Nigeria,200.97,7.48
CUST00545,2024-01-01,2024-08-10,Nigeria,131.92,5.13
CUST00545,2024-01-01,2024-08-10,Nigeria,184.76,7.81
CUST00545,2024-01-01,2024-08-20,Nigeria,193.81,7.38
CUST00545,2024-01-01,2025-01-03,Nigeria,162.04,6.46
CUST00545,2024-01-01,2025-01-04,Nigeria,150.24,6.44
CUST00545,2024-01-01,2025-01-05,Nigeria,158.2,6.49
CUST00546,2024-04-01,2024-04-10,India,438.17,8.38
CUST00546,2024-04-01,2024-05-05,India,671.18,11.87
CUST00546,2024-04-01,2024-05-12,India,412.11,7.48
CUST00546,2024-04-01,2024-07-10,India,313.41,5.27
CUST00546,2024-04-01,2024-07-23,India,526.15,8.94
CUST00546,2024-04-01,2024-08-16,India,588.81,10.58
CUST00546,2024-04-01,2024-08-24,India,357.78,6.17
CUST00546,2024-04-01,2024-11-05,India,346.39,6.43
CUST00546,2024-04-01,2024-11-21,India,380.87,6.8
CUST00546,2024-04-01,2024-11-22,India,571.16,10.72
CUST00546,2024-04-01,2025-02-06,India,286.78,5.29
CUST00547,2024-02-01,2024-02-13,India,248.36,4.42
CUST00547,2024-02-01,2024-03-03,India,474.27,7.55
CUST00547,2024-02-01,2024-03-10,India,338.16,5.74
CUST00547,2024-02-01,2024-04-22,India,464.43,7.98
CUST00547,2024-02-01,2024-08-04,India,306.74,5.01
CUST00547,2024-02-01,2024-08-24,India,385.35,7.23
CUST00547,2024-02-01,2024-11-23,India,256.03,4.85
CUST00547,2024-02-01,2024-11-26,India,222.12,4.0
CUST00547,2024-02-01,2024-11-27,India,526.65,9.73
CUST00547,2024-02-01,2024-12-01,India,361.23,6.39
CUST00547,2024-02-01,2024-12-23,India,362.05,6.2
CUST00547,2024-02-01,2025-02-20,India,303.19,5.48
CUST00548,2024-07-01,2024-07-22,India,287.4,4.55
CUST00548,2024-07-01,2024-08-15,India,384.39,6.17
CUST00548,2024-07-01,2024-08-23,India,529.86,9.37
CUST00548,2024-07-01,2024-08-23,India,329.07,5.88
CUST00548,2024-07-01,2024-10-05,India,373.24,6.3
CUST00548,2024-07-01,2024-10-21,India,453.2,7.73
CUST00548,2024-07-01,2024-10-22,India,385.68,6.56
CUST00548,2024-07-01,2025-03-12,India,335.44,6.19
CUST00548,2024-07-01,2025-03-22,India,422.22,7.18
CUST00548,2024-07-01,2025-05-09,India,112.86,2.09
CUST00548,2024-07-01,2025-05-16,India,423.94,7.77
CUST00548,2024-07-01,2025-05-23,India,294.95,5.22
CUST00548,2024-07-01,2025-05-26,India,437.57,8.05
CUST00549,2024-05-01,2024-05-08,India,449.81,8.03
CUST00549,2024-05-01,2024-06-03,India,397.75,7.1
CUST00549,2024-05-01,2024-06-04,India,405.41,6.68
CUST00549,2024-05-01,2024-06-06,India,398.13,7.16
CUST00549,2024-05-01,2024-07-11,India,490.8,7.82
CUST00549,2024-05-01,2024-09-13,India,597.9,11.47
CUST00549,2024-05-01,2024-09-22,India,325.06,5.14
CUST00549,2024-05-01,2024-10-01,India,309.48,4.91
CUST00549,2024-05-01,2025-01-06,India,180.26,3.44
CUST00549,2024-05-01,2025-01-15,India,460.86,7.56
CUST00549,2024-05-01,2025-02-12,India,383.4,6.59
CUST00549,2024-05-01,2025-02-14,India,537.45,9.85
CUST00549,2024-05-01,2025-03-09,India,446.9,7.08
CUST00550,2024-09-01,2024-09-16,India,230.32,4.19
CUST00550,2024-09-01,2024-11-21,India,386.72,6.59
CUST00550,2024-09-01,2024-12-25,India,554.9,9.11
CUST00550,2024-09-01,2025-01-12,India,461.65,7.73
CUST00550,2024-09-01,2025-02-23,India,221.07,3.83
CUST00550,2024-09-01,2025-02-23,India,247.69,4.07
CUST00550,2024-09-01,2025-03-05,India,211.83,3.96
CUST00550,2024-09-01,2025-03-25,India,389.49,6.58
CUST00550,2024-09-01,2025-04-07,India,428.73,7.27
CUST00550,2024-09-01,2025-04-13,India,173.98,3.31
CUST00550,2024-09-01,2025-04-13,India,513.24,9.64
